0
1
2
3
4
5
6
7
8
9
a
b
c
d
e
f
10
11
12
13
14
15
21c0
21c0
21c0
21c0
21c0
21c0
21c0
21c0
21c0
21c0
21c0
21c0
21c0
0
1
16
17
18
19
1a
1b
1c
1d
1e
1f
20
21
22
23
24
25
26
27
28
29
21c0
21c0
21c0
21c0
21c0
21c0
21c0
21c0
21c0
21c0
21c0
21c0
21c0
16
17
2a
2b
2c
2d
2e
2f
30
31
32
33
34
35
36
37
38
39
3a
3b
3c
3d
21c0
21c0
21c0
21c0
21c0
21c0
21c0
21c0
21c0
21c0
21c0
21c0
21c0
2a
2b
3e
3f
40
41
42
43
44
45
46
47
48
49
4a
4b
4c
4d
4e
4f
50
51
21c0
21c0
21c0
21c0
21c0
21c0
21c0
21c0
21c0
21c0
21c0
21c0
21c0
3e
3f
52
53
54
55
56
57
58
59
5a
5b
5c
5d
5e
5f
60
61
62
63
64
65
21c0
21c0
21c0
21c0
21c0
21c0
21c0
21c0
21c0
21c0
21c0
21c0
21c0
2
3
52
53
66
67
68
69
6a
6b
6c
6d
6e
6f
70
71
72
73
74
75
76
77
21c0
21c0
21c0
21c0
21c0
21c0
21c0
21c0
21c0
21c0
21c0
21c0
21c0
4
5
6
7
40
41
42
66
78
79
7a
7b
7c
7d
7e
7f
80
81
82
83
84
85
21c0
21c0
21c0
21c0
21c0
21c0
21c0
21c0
21c0
21c0
21c0
21c0
21c0
8
18
19
1a
1b
54
55
56
78
79
86
87
88
89
8a
8b
8c
8d
8e
8f
90
91
21c0
21c0
21c0
21c0
21c0
21c0
21c0
21c0
21c0
21c0
21c0
21c0
21c0
1c
2c
2d
2e
2f
67
68
69
86
87
92
93
94
95
96
97
98
99
9a
9b
9c
9d
21c0
21c0
21c0
21c0
21c0
21c0
21c0
21c0
21c0
21c0
21c0
21c0
21c0
9
a
b
30
43
44
45
46
92
93
9e
9f
a0
a1
a2
a3
a4
a5
a6
a7
a8
a9
21c0
21c0
21c0
21c0
21c0
21c0
21c0
21c0
21c0
21c0
21c0
21c0
21c0
1d
1e
1f
47
57
58
59
5a
9e
9f
aa
ab
ac
ad
ae
af
b0
b1
b2
b3
b4
b5
21c0
21c0
21c0
21c0
21c0
21c0
21c0
21c0
21c0
21c0
21c0
21c0
21c0
31
32
33
5b
6a
6b
6c
6d
7a
7b
aa
ab
b6
b7
b8
b9
ba
bb
bc
bd
be
bf
21c0
21c0
21c0
21c0
21c0
21c0
21c0
21c0
21c0
21c0
21c0
21c0
21c0
30
40
41
42
48
6a
7c
a0
a1
c0
c1
c2
c3
c4
c5
c6
c7
c8
c9
ca
cb
cc
21c0
21c0
21c0
21c0
21c0
21c0
21c0
21c0
21c0
21c0
21c0
21c0
21c0
4
47
54
55
56
5c
88
ac
ad
c0
c1
cd
ce
cf
d0
d1
d2
d3
d4
d5
d6
d7
21c0
21c0
21c0
21c0
21c0
21c0
21c0
21c0
21c0
21c0
21c0
21c0
21c0
18
5b
67
68
69
6e
94
b6
b7
cd
ce
d8
d9
da
db
dc
dd
de
df
e0
e1
e2
21c0
21c0
21c0
21c0
21c0
21c0
21c0
21c0
21c0
21c0
21c0
21c0
21c0
9
a
b
c
2c
66
7d
7e
a2
d8
d9
e3
e4
e5
e6
e7
e8
e9
ea
eb
ec
ed
21c0
21c0
21c0
21c0
21c0
21c0
21c0
21c0
21c0
21c0
21c0
21c0
21c0
8
1d
1e
1f
20
43
89
8a
ae
e3
e4
ee
ef
f0
f1
f2
f3
f4
f5
f6
f7
f8
21c0
21c0
21c0
21c0
21c0
21c0
21c0
21c0
21c0
21c0
21c0
21c0
21c0
1c
31
32
33
34
57
95
96
b8
c2
c3
ee
ef
f9
fa
fb
fc
fd
fe
ff
100
101
21c0
21c0
21c0
21c0
21c0
21c0
21c0
21c0
21c0
21c0
21c0
21c0
21c0
16
2c
30
32
a0
a1
a3
c4
e5
e6
102
103
104
105
106
107
108
109
10a
10b
10c
10d
21c0
21c0
21c0
21c0
21c0
21c0
21c0
21c0
21c0
21c0
21c0
21c0
21c0
2a
41
43
47
ac
ad
af
cf
f0
f1
102
103
10e
10f
110
111
112
113
114
115
116
117
21c0
21c0
21c0
21c0
21c0
21c0
21c0
21c0
21c0
21c0
21c0
21c0
21c0
3e
55
57
5b
b6
b7
b9
da
f9
fa
10e
10f
118
119
11a
11b
11c
11d
11e
11f
120
121
21c0
21c0
21c0
21c0
21c0
21c0
21c0
21c0
21c0
21c0
21c0
21c0
21c0
52
66
68
6a
7d
7e
7f
c5
c6
e7
118
119
122
123
124
125
126
127
128
129
12a
12b
21c0
21c0
21c0
21c0
21c0
21c0
21c0
21c0
21c0
21c0
21c0
21c0
21c0
2
4
8
a
89
8a
8b
d0
d1
f2
122
123
12c
12d
12e
12f
130
131
132
133
134
135
21c0
21c0
21c0
21c0
21c0
21c0
21c0
21c0
21c0
21c0
21c0
21c0
21c0
0
18
1c
1e
95
96
97
db
dc
fb
104
105
12c
12d
136
137
138
139
13a
13b
13c
13d
21c0
21c0
21c0
21c0
21c0
21c0
21c0
21c0
21c0
21c0
21c0
21c0
21c0
2c
68
86
96
e5
e6
e8
106
124
125
13e
13f
140
141
142
143
144
145
146
147
148
149
21c0
21c0
21c0
21c0
21c0
21c0
21c0
21c0
21c0
21c0
21c0
21c0
21c0
a
43
92
a1
f0
f1
f3
110
12e
12f
13e
13f
14a
14b
14c
14d
14e
14f
150
151
152
153
21c0
21c0
21c0
21c0
21c0
21c0
21c0
21c0
21c0
21c0
21c0
21c0
21c0
1e
57
9e
ad
f9
fa
fc
11a
136
137
14a
14b
154
155
156
157
158
159
15a
15b
15c
15d
21c0
21c0
21c0
21c0
21c0
21c0
21c0
21c0
21c0
21c0
21c0
21c0
21c0
32
6a
aa
b7
c5
c6
c7
107
108
126
154
155
15e
15f
160
161
162
163
164
165
166
167
21c0
21c0
21c0
21c0
21c0
21c0
21c0
21c0
21c0
21c0
21c0
21c0
21c0
4
41
7a
7e
d0
d1
d2
111
112
130
15e
15f
168
169
16a
16b
16c
16d
16e
16f
170
171
21c0
21c0
21c0
21c0
21c0
21c0
21c0
21c0
21c0
21c0
21c0
21c0
21c0
18
55
78
8a
db
dc
dd
11b
11c
138
140
141
168
169
172
173
174
175
176
177
178
179
21c0
21c0
21c0
21c0
21c0
21c0
21c0
21c0
21c0
21c0
21c0
21c0
21c0
68
b7
cd
dc
124
125
127
142
160
161
17a
17b
17c
17d
17e
17f
180
181
182
183
184
185
21c0
21c0
21c0
21c0
21c0
21c0
21c0
21c0
21c0
21c0
21c0
21c0
21c0
a
7e
d8
e6
12e
12f
131
14c
16a
16b
17a
17b
186
187
188
189
18a
18b
18c
18d
18e
18f
21c0
21c0
21c0
21c0
21c0
21c0
21c0
21c0
21c0
21c0
21c0
21c0
21c0
1e
8a
e3
f1
136
137
139
156
172
173
186
187
190
191
192
193
194
195
196
197
198
199
21c0
21c0
21c0
21c0
21c0
21c0
21c0
21c0
21c0
21c0
21c0
21c0
21c0
32
96
ee
fa
107
108
109
143
144
162
190
191
19a
19b
19c
19d
19e
19f
1a0
1a1
1a2
1a3
21c0
21c0
21c0
21c0
21c0
21c0
21c0
21c0
21c0
21c0
21c0
21c0
21c0
41
a1
c2
c6
111
112
113
14d
14e
16c
19a
19b
1a4
1a5
1a6
1a7
1a8
1a9
1aa
1ab
1ac
1ad
21c0
21c0
21c0
21c0
21c0
21c0
21c0
21c0
21c0
21c0
21c0
21c0
21c0
55
ad
c0
d1
11b
11c
11d
157
158
174
17c
17d
1a4
1a5
1ae
1af
1b0
1b1
1b2
1b3
1b4
1b5
21c0
21c0
21c0
21c0
21c0
21c0
21c0
21c0
21c0
21c0
21c0
21c0
21c0
b7
fa
10e
11c
160
161
163
17e
19c
19d
1b6
1b7
1b8
1b9
1ba
1bb
1bc
1bd
1be
1bf
1c0
1c1
21c0
21c0
21c0
21c0
21c0
21c0
21c0
21c0
21c0
21c0
21c0
21c0
21c0
7e
c6
118
125
16a
16b
16d
188
1a6
1a7
1b6
1b7
1c2
1c3
1c4
1c5
1c6
1c7
1c8
1c9
1ca
1cb
21c0
21c0
21c0
21c0
21c0
21c0
21c0
21c0
21c0
21c0
21c0
21c0
21c0
8a
d1
122
12f
172
173
175
192
1ae
1af
1c2
1c3
1cc
1cd
1ce
1cf
1d0
1d1
1d2
1d3
1d4
1d5
21c0
21c0
21c0
21c0
21c0
21c0
21c0
21c0
21c0
21c0
21c0
21c0
21c0
96
dc
12c
137
143
144
145
17f
180
19e
1cc
1cd
1d6
1d7
1d8
1d9
1da
1db
1dc
1dd
1de
1df
21c0
21c0
21c0
21c0
21c0
21c0
21c0
21c0
21c0
21c0
21c0
21c0
21c0
a1
e6
104
108
14d
14e
14f
189
18a
1a8
1d6
1d7
1e0
1e1
1e2
1e3
1e4
1e5
1e6
1e7
1e8
1e9
21c0
21c0
21c0
21c0
21c0
21c0
21c0
21c0
21c0
21c0
21c0
21c0
21c0
ad
f1
102
112
157
158
159
193
194
1b0
1b8
1b9
1e0
1e1
1ea
1eb
1ec
1ed
1ee
1ef
1f0
1f1
21c0
21c0
21c0
21c0
21c0
21c0
21c0
21c0
21c0
21c0
21c0
21c0
21c0
21
fa
137
14a
158
19c
19d
19f
1ba
1d8
1d9
1f2
1f3
1f4
1f5
1f6
1f7
1f8
1f9
1fa
1fb
1fc
21c0
21c0
21c0
21c0
21c0
21c0
21c0
21c0
21c0
21c0
21c0
21c0
21c0
35
c6
108
154
161
1a6
1a7
1a9
1c4
1e2
1e3
1f2
1f3
1fd
1fe
1ff
200
201
202
203
204
205
21c0
21c0
21c0
21c0
21c0
21c0
21c0
21c0
21c0
21c0
21c0
21c0
21c0
49
d1
112
15e
16b
1ae
1af
1b1
1ce
1ea
1eb
1fd
1fe
206
207
208
209
20a
20b
20c
20d
20e
21c0
21c0
21c0
21c0
21c0
21c0
21c0
21c0
21c0
21c0
21c0
21c0
21c0
5d
dc
11c
168
173
17f
180
181
1bb
1bc
1da
206
207
20f
210
211
212
213
214
215
216
217
21c0
21c0
21c0
21c0
21c0
21c0
21c0
21c0
21c0
21c0
21c0
21c0
21c0
6f
e6
125
140
144
189
18a
18b
1c5
1c6
1e4
20f
210
218
219
21a
21b
21c
21d
21e
21f
220
21c0
21c0
21c0
21c0
21c0
21c0
21c0
21c0
21c0
21c0
21c0
21c0
21c0
d
f1
12f
13e
14e
193
194
195
1cf
1d0
1ec
1f4
1f5
218
219
221
222
223
224
225
226
227
21c0
21c0
21c0
21c0
21c0
21c0
21c0
21c0
21c0
21c0
21c0
21c0
21c0
19
5d
137
173
186
194
1d8
1d9
1db
1f6
211
228
229
22a
22b
22c
22d
22e
22f
230
231
232
21c0
21c0
21c0
21c0
21c0
21c0
21c0
21c0
21c0
21c0
21c0
21c0
21c0
2d
6f
108
144
190
19d
1e2
1e3
1e5
1ff
21a
228
229
233
234
235
236
237
238
239
23a
23b
21c0
21c0
21c0
21c0
21c0
21c0
21c0
21c0
21c0
21c0
21c0
21c0
21c0
d
44
112
14e
19a
1a7
1ea
1eb
1ed
208
221
233
234
23c
23d
23e
23f
240
241
242
243
244
21c0
21c0
21c0
21c0
21c0
21c0
21c0
21c0
21c0
21c0
21c0
21c0
21c0
21
58
11c
158
1a4
1af
1bb
1bc
1bd
1f7
212
23c
23d
245
246
247
248
249
24a
24b
24c
24d
21c0
21c0
21c0
21c0
21c0
21c0
21c0
21c0
21c0
21c0
21c0
21c0
21c0
35
6b
125
161
17c
180
1c5
1c6
1c7
200
21b
245
246
24e
24f
250
251
252
253
254
255
256
21c0
21c0
21c0
21c0
21c0
21c0
21c0
21c0
21c0
21c0
21c0
21c0
21c0
5
49
12f
16b
17a
18a
1cf
1d0
1d1
209
222
22a
22b
24e
24f
257
258
259
25a
25b
25c
25d
21c0
21c0
21c0
21c0
21c0
21c0
21c0
21c0
21c0
21c0
21c0
21c0
21c0
56
58
5d
5e
70
173
1af
1c2
1d0
211
213
22c
247
25e
25f
260
261
262
263
264
265
266
21c0
21c0
21c0
21c0
21c0
21c0
21c0
21c0
21c0
21c0
21c0
21c0
21c0
e
69
6b
6f
70
144
180
1cc
1d9
21a
21c
235
250
25e
267
268
269
26a
26b
26c
26d
26e
21c0
21c0
21c0
21c0
21c0
21c0
21c0
21c0
21c0
21c0
21c0
21c0
21c0
5
b
d
e
22
14e
18a
1d6
1e3
221
223
23e
257
267
26f
270
271
272
273
274
275
276
21c0
21c0
21c0
21c0
21c0
21c0
21c0
21c0
21c0
21c0
21c0
21c0
21c0
19
1f
21
22
36
158
194
1e0
1eb
1f7
1f8
22d
248
26f
277
278
279
27a
27b
27c
27d
27e
21c0
21c0
21c0
21c0
21c0
21c0
21c0
21c0
21c0
21c0
21c0
21c0
21c0
2d
33
35
36
4a
161
19d
1b8
1bc
200
201
236
251
277
27f
280
281
282
283
284
285
286
21c0
21c0
21c0
21c0
21c0
21c0
21c0
21c0
21c0
21c0
21c0
21c0
21c0
42
44
49
4a
5e
16b
1a7
1b6
1c6
209
20a
23f
258
25f
27f
287
288
289
28a
28b
28c
28d
21c0
21c0
21c0
21c0
21c0
21c0
21c0
21c0
21c0
21c0
21c0
21c0
21c0
1f
47
49
4b
4c
58
b0
ba
1af
1eb
1fd
247
249
260
278
28e
28f
290
291
292
293
294
21c0
21c0
21c0
21c0
21c0
21c0
21c0
21c0
21c0
21c0
21c0
21c0
21c0
33
5b
5d
5f
60
6b
80
ba
180
1bc
206
250
252
268
280
28e
295
296
297
298
299
29a
21c0
21c0
21c0
21c0
21c0
21c0
21c0
21c0
21c0
21c0
21c0
21c0
21c0
5
42
66
6f
71
72
80
8c
18a
1c6
20f
257
259
270
287
295
29b
29c
29d
29e
29f
2a0
21c0
21c0
21c0
21c0
21c0
21c0
21c0
21c0
21c0
21c0
21c0
21c0
21c0
8
d
f
10
19
56
8c
98
194
1d0
218
22d
22e
261
279
29b
2a1
2a2
2a3
2a4
2a5
2a6
21c0
21c0
21c0
21c0
21c0
21c0
21c0
21c0
21c0
21c0
21c0
21c0
21c0
1c
21
23
24
2d
69
98
a4
19d
1d9
1f4
236
237
269
281
2a1
2a7
2a8
2a9
2aa
2ab
2ac
21c0
21c0
21c0
21c0
21c0
21c0
21c0
21c0
21c0
21c0
21c0
21c0
21c0
b
30
35
37
38
44
a4
b0
1a7
1e3
1f2
23f
240
271
288
28f
2a7
2ad
2ae
2af
2b0
2b1
21c0
21c0
21c0
21c0
21c0
21c0
21c0
21c0
21c0
21c0
21c0
21c0
21c0
8
d
f
11
1f
43
44
45
a5
f4
fd
1eb
233
278
27a
290
2b2
2b3
2b4
2b5
2b6
2b7
21c0
21c0
21c0
21c0
21c0
21c0
21c0
21c0
21c0
21c0
21c0
21c0
21c0
1c
21
23
25
33
57
58
59
b1
c8
fd
1bc
23c
280
282
296
2b2
2b8
2b9
2ba
2bb
2bc
21c0
21c0
21c0
21c0
21c0
21c0
21c0
21c0
21c0
21c0
21c0
21c0
21c0
30
35
37
39
42
6a
6b
6c
bb
c8
d3
1c6
245
287
289
29c
2b8
2bd
2be
2bf
2c0
2c1
21c0
21c0
21c0
21c0
21c0
21c0
21c0
21c0
21c0
21c0
21c0
21c0
21c0
4
5
6
47
49
4b
4d
56
81
d3
de
1d0
24e
261
262
2a2
2bd
2c2
2c3
2c4
2c5
2c6
21c0
21c0
21c0
21c0
21c0
21c0
21c0
21c0
21c0
21c0
21c0
21c0
21c0
18
19
1a
5b
5d
5f
61
69
8d
de
e9
1d9
22a
269
26a
2a8
2c2
2c7
2c8
2c9
2ca
2cb
21c0
21c0
21c0
21c0
21c0
21c0
21c0
21c0
21c0
21c0
21c0
21c0
21c0
b
2c
2d
2e
66
6f
71
73
99
e9
f4
1e3
228
271
272
2ad
2b3
2c7
2cc
2cd
2ce
2cf
21c0
21c0
21c0
21c0
21c0
21c0
21c0
21c0
21c0
21c0
21c0
21c0
21c0
12
74
82
a2
bb
bc
df
ea
252
267
26b
297
2c8
2d0
2d1
2d2
2d3
2d4
2d5
2d6
2d7
2d8
2d9
2da
2db
2dc
2dd
2de
2df
2e0
2e1
2e2
2e3
2e4
2e5
13
26
81
83
8e
ae
eb
f5
259
26f
273
29d
2cc
2d0
2d1
2e6
2e7
2e8
2e9
2ea
2eb
2ec
2ed
2ee
2ef
2f0
2f1
2f2
2f3
2f4
2f5
2f6
2f7
2f8
2f9
27
3a
8d
8f
9a
b8
f6
fe
22e
277
27b
2a3
2b4
2e6
2e7
2fa
2fb
2fc
2fd
2fe
2ff
300
301
302
303
304
305
306
307
308
309
30a
30b
30c
30d
3b
4e
7c
99
9b
a6
c9
ff
237
27f
283
2a9
2b9
2fa
2fb
30e
30f
310
311
312
313
314
315
316
317
318
319
31a
31b
31c
31d
31e
31f
320
321
4f
62
88
a5
a7
b2
ca
d4
240
25f
28a
2ae
2be
30e
30f
322
323
324
325
326
327
328
329
32a
32b
32c
32d
32e
32f
330
331
332
333
334
335
63
75
94
b1
b3
bd
d5
e0
249
25e
263
291
2c3
2d2
2d3
322
323
336
337
338
339
33a
33b
33c
33d
33e
33f
340
341
342
343
344
345
346
347
34
64
84
be
c9
e7
ff
11e
128
282
295
298
2b9
2d4
2d5
2d6
2d7
310
311
312
336
348
349
34a
34b
34c
34d
34e
34f
350
351
352
353
354
355
48
76
85
90
ca
d4
f2
129
132
289
29b
29e
2be
2d8
2e8
2e9
2ea
2eb
324
325
326
348
349
356
357
358
359
35a
35b
35c
35d
35e
35f
360
361
14
5c
91
9c
d5
e0
fb
133
13a
262
2a1
2a4
2c3
2ec
2fc
2fd
2fe
2ff
337
338
339
356
357
362
363
364
365
366
367
368
369
36a
36b
36c
36d
28
6e
9d
a8
c4
df
ea
10a
13b
26a
2a7
2aa
2c8
2d9
2da
2db
300
313
314
315
316
362
363
36e
36f
370
371
372
373
374
375
376
377
378
379
c
3c
a9
b4
cf
eb
f5
10b
114
272
28f
2af
2cc
2ed
2ee
2ef
317
327
328
329
32a
36e
36f
37a
37b
37c
37d
37e
37f
380
381
382
383
384
385
20
50
b5
bf
da
f6
fe
115
11f
27a
28e
292
2b4
301
302
303
32b
33a
33b
33c
33d
34a
34b
37a
37b
386
387
388
389
38a
38b
38c
38d
38e
38f
24
28
97
b3
cb
100
10a
126
13b
15a
164
2b8
2ba
300
310
311
312
318
33a
34c
370
371
390
391
392
393
394
395
396
397
398
399
39a
39b
39c
38
3c
a3
bc
cc
d6
10b
114
130
165
16e
2bd
2bf
2d4
317
324
325
326
32c
358
37c
37d
390
391
39d
39e
39f
3a0
3a1
3a2
3a3
3a4
3a5
3a6
3a7
4c
50
83
af
d7
e1
115
11f
138
16f
176
2c2
2c4
2e8
32b
337
338
339
33e
364
386
387
39d
39e
3a8
3a9
3aa
3ab
3ac
3ad
3ae
3af
3b0
3b1
3b2
60
64
8f
b9
e2
ec
106
11e
128
146
177
2c7
2c9
2d9
2da
2db
2dc
2fc
336
34d
34e
372
3a8
3a9
3b3
3b4
3b5
3b6
3b7
3b8
3b9
3ba
3bb
3bc
3bd
72
76
7f
9b
ed
f7
110
129
132
147
150
2b3
2cd
2d8
2ed
2ee
2ef
2f0
313
359
35a
37e
3b3
3b4
3be
3bf
3c0
3c1
3c2
3c3
3c4
3c5
3c6
3c7
3c8
10
14
8b
a7
f8
101
11a
133
13a
151
15b
2b2
2b5
2ec
301
302
303
304
327
365
366
388
392
393
3be
3bf
3c9
3ca
3cb
3cc
3cd
3ce
3cf
3d0
3d1
17
27
8d
8f
dd
f6
10c
13c
146
162
177
196
1a0
2e6
2fc
300
302
370
371
373
394
3b5
3b6
3d2
3d3
3d4
3d5
3d6
3d7
3d8
3d9
3da
3db
3dc
3dd
2b
3b
99
9b
e8
ff
10d
116
147
150
16c
1a1
1aa
2fa
311
313
317
37c
37d
37f
39f
3c0
3c1
3d2
3d3
3de
3df
3e0
3e1
3e2
3e3
3e4
3e5
3e6
3e7
3f
4f
a5
a7
ca
f3
117
120
151
15b
174
1ab
1b2
30e
325
327
32b
386
387
389
3aa
3c9
3ca
3de
3df
3e8
3e9
3ea
3eb
3ec
3ed
3ee
3ef
3f0
3f1
53
63
b1
b3
d5
fc
121
12a
142
15a
164
182
1b3
322
336
338
33a
34d
34e
34f
395
396
3b7
3e8
3e9
3f2
3f3
3f4
3f5
3f6
3f7
3f8
3f9
3fa
3fb
3
74
bb
bc
c7
df
12b
134
14c
165
16e
183
18c
2d2
2d4
2d8
2da
359
35a
35b
3a0
3a1
3c2
3f2
3f3
3fc
3fd
3fe
3ff
400
401
402
403
404
405
1
13
81
83
d2
eb
135
13d
156
16f
176
18d
197
2d0
2e8
2ec
2ee
365
366
367
3ab
3ac
3cb
3d4
3d5
3fc
3fd
406
407
408
409
40a
40b
40c
40d
5c
87
91
d5
11d
133
148
178
182
19e
1b3
1d2
1dc
2fc
338
356
366
3b5
3b6
3b8
3d6
3f4
3f5
40e
40f
410
411
412
413
414
415
416
417
418
419
6e
93
9d
df
127
13b
149
152
183
18c
1a8
1dd
1e6
2da
313
362
371
3c0
3c1
3c3
3e0
3fe
3ff
40e
40f
41a
41b
41c
41d
41e
41f
420
421
422
423
c
9f
a9
eb
10b
131
153
15c
18d
197
1b0
1e7
1ee
2ee
327
36e
37d
3c9
3ca
3cc
3ea
406
407
41a
41b
424
425
426
427
428
429
42a
42b
42c
42d
20
ab
b5
f6
115
139
15d
166
17e
196
1a0
1be
1ef
302
33a
37a
387
395
396
397
3d7
3d8
3f6
424
425
42e
42f
430
431
432
433
434
435
436
437
34
7b
be
ff
109
11e
167
170
188
1a1
1aa
1bf
1c8
2d4
311
34a
34e
3a0
3a1
3a2
3e1
3e2
400
42e
42f
438
439
43a
43b
43c
43d
43e
43f
440
441
48
79
85
ca
113
129
171
179
192
1ab
1b2
1c9
1d3
2e8
325
348
35a
3ab
3ac
3ad
3eb
3ec
408
410
411
438
439
442
443
444
445
446
447
448
449
af
ce
d7
115
159
16f
184
1b4
1be
1da
1ef
20b
214
338
387
39d
3ac
3f4
3f5
3f7
412
430
431
44a
44b
44c
44d
44e
44f
450
451
452
453
454
455
b9
d9
e2
11e
163
177
185
18e
1bf
1c8
1e4
215
21d
2da
34e
3a8
3b6
3fe
3ff
401
41c
43a
43b
44a
44b
456
457
458
459
45a
45b
45c
45d
45e
45f
7f
e4
ed
129
147
16d
18f
198
1c9
1d3
1ec
21e
224
2ee
35a
3b3
3c1
406
407
409
426
442
443
456
457
460
461
462
463
464
465
466
467
468
469
8b
ef
f8
133
151
175
199
1a2
1ba
1d2
1dc
1f9
225
302
366
3be
3ca
3d7
3d8
3d9
413
414
432
460
461
46a
46b
46c
46d
46e
46f
470
471
472
473
97
c3
100
13b
145
15a
1a3
1ac
1c4
1dd
1e6
1fa
202
311
371
392
396
3e1
3e2
3e3
41d
41e
43c
46a
46b
474
475
476
477
478
479
47a
47b
47c
47d
a3
c1
cc
10b
14f
165
1ad
1b5
1ce
1e7
1ee
203
20c
325
37d
390
3a1
3eb
3ec
3ed
427
428
444
44c
44d
474
475
47e
47f
480
481
482
483
484
485
f3
10f
117
151
195
1ab
1c0
1f0
1f9
212
225
241
24a
387
3ca
3de
3ec
430
431
433
44e
46c
46d
486
487
488
489
48a
48b
48c
48d
48e
48f
490
491
fc
119
121
15a
19f
1b3
1c1
1ca
1fa
202
21b
24b
253
34e
396
3e8
3f5
43a
43b
43d
458
476
477
486
487
492
493
494
495
496
497
498
499
49a
49b
c7
123
12b
165
183
1a9
1cb
1d4
203
20c
222
254
25a
35a
3a1
3f2
3ff
442
443
445
462
47e
47f
492
493
49c
49d
49e
49f
4a0
4a1
4a2
4a3
4a4
4a5
d2
12d
135
16f
18d
1b1
1d5
1de
1f6
20b
214
22f
25b
366
3ac
3fc
407
413
414
415
44f
450
46e
49c
49d
4a6
4a7
4a8
4a9
4aa
4ab
4ac
4ad
4ae
4af
dd
105
13c
177
181
196
1df
1e8
1ff
215
21d
230
238
371
3b6
3d4
3d8
41d
41e
41f
459
45a
478
4a6
4a7
4b0
4b1
4b2
4b3
4b4
4b5
4b6
4b7
4b8
4b9
e8
103
10d
147
18b
1a1
1e9
1f1
208
21e
224
239
242
37d
3c1
3d2
3e2
427
428
429
463
464
480
488
489
4b0
4b1
4ba
4bb
4bc
4bd
4be
4bf
4c0
4c1
131
14b
153
18d
1d1
1e7
1fb
226
22f
248
25b
274
27c
2f1
3ca
407
41a
428
46c
46d
46f
48a
4a8
4a9
4c2
4c3
4c4
4c5
4c6
4c7
4c8
4c9
4ca
4cb
4cc
139
155
15d
196
1db
1ef
1fc
204
230
238
251
27d
284
305
396
3d8
424
431
476
477
479
494
4b2
4b3
4c2
4c3
4cd
4ce
4cf
4d0
4d1
4d2
4d3
4d4
4d5
109
15f
167
1a1
1bf
1e5
205
20d
239
242
258
285
28b
319
3a1
3e2
42e
43b
47e
47f
481
49e
4ba
4bb
4cd
4ce
4d6
4d7
4d8
4d9
4da
4db
4dc
4dd
4de
113
169
171
1ab
1c9
1ed
20e
216
22c
241
24a
264
28c
32d
3ac
3ec
438
443
44f
450
451
48b
48c
4aa
4d6
4d7
4df
4e0
4e1
4e2
4e3
4e4
4e5
4e6
4e7
11d
141
178
1b3
1bd
1d2
217
21f
235
24b
253
265
26c
33f
3b6
3f5
410
414
459
45a
45b
495
496
4b4
4df
4e0
4e8
4e9
4ea
4eb
4ec
4ed
4ee
4ef
4f0
127
13f
149
183
1c7
1dd
220
227
23e
254
25a
26d
275
2dd
3c1
3ff
40e
41e
463
464
465
49f
4a0
4bc
4c4
4c5
4e8
4e9
4f1
4f2
4f3
4f4
4f5
4f6
4f7
16d
187
18f
1c9
20a
21e
231
25c
264
279
28c
29d
2a5
2e9
32d
407
443
456
464
4a8
4a9
4ab
4c6
4e1
4f8
4f9
4fa
4fb
4fc
4fd
4fe
4ff
500
501
502
175
191
199
1d2
213
225
232
23a
265
26c
281
2a3
2ab
2fd
33f
3d8
414
460
46d
4b2
4b3
4b5
4cf
4ea
4f8
4f9
503
504
505
506
507
508
509
50a
50b
145
19b
1a3
1dd
1fa
21c
23b
243
26d
275
288
2a9
2b0
2dd
314
3e2
41e
46a
477
4ba
4bb
4bd
4d8
4f1
503
504
50c
50d
50e
50f
510
511
512
513
514
14f
1a5
1ad
1e7
203
223
244
24c
260
274
27c
293
2ae
2f1
328
3ec
428
474
47f
48b
48c
48d
4c7
4e2
50c
50d
515
516
517
518
519
51a
51b
51c
51d
159
17d
1b4
1ef
1f8
20b
24d
255
268
27d
284
291
299
305
33b
3f5
431
44c
450
495
496
497
4d0
4eb
515
516
51e
51f
520
521
522
523
524
525
526
163
17b
185
1bf
201
215
256
25d
270
285
28b
297
29f
2d5
319
3ff
43b
44a
45a
49f
4a0
4a1
4d9
4f2
4fa
4fb
51e
51f
527
528
529
52a
52b
52c
52d
1a9
1c3
1cb
203
240
254
266
28a
293
2a2
2ae
2be
2c5
326
328
32d
32e
340
443
47f
492
4a0
4e1
4e3
4fc
517
52e
52f
530
531
532
533
534
535
536
1b1
1cd
1d5
20b
249
25b
263
26e
291
299
2a8
2c3
2ca
2de
339
33b
33f
340
414
450
49c
4a9
4ea
4ec
505
520
52e
537
538
539
53a
53b
53c
53d
53e
181
1d7
1df
215
230
252
26b
276
297
29f
2ad
2c8
2ce
2d5
2db
2dd
2de
2f2
41e
45a
4a6
4b3
4f1
4f3
50e
527
537
53f
540
541
542
543
544
545
546
18b
1e1
1e9
21e
239
259
273
27e
290
29d
2a5
2b6
2cc
2e9
2ef
2f1
2f2
306
428
464
4b0
4bb
4c7
4c8
4fd
518
53f
547
548
549
54a
54b
54c
54d
54e
195
1b9
1f0
225
22e
241
27b
286
296
2a3
2ab
2b4
2bb
2fd
303
305
306
31a
431
46d
488
48c
4d0
4d1
506
521
547
54f
550
551
552
553
554
555
556
19f
1b7
1c1
1fa
237
24b
283
28d
29c
2a9
2b0
2b9
2c0
312
314
319
31a
32e
43b
477
486
496
4d9
4da
50f
528
52f
54f
557
558
559
55a
55b
55c
55d
3c
4d
51
1e5
1fe
205
239
272
285
294
2af
2b6
2cc
2ef
317
319
31b
31c
328
380
38a
47f
4bb
4cd
517
519
530
548
55e
55f
560
561
562
563
564
50
61
65
1ed
207
20e
241
27a
28c
292
29a
2b4
2bb
303
32b
32d
32f
330
33b
350
38a
450
48c
4d6
520
522
538
550
55e
565
566
567
568
569
56a
64
73
77
1bd
210
217
24b
265
282
298
2a0
2b9
2c0
2d5
312
336
33f
341
342
350
35c
45a
496
4df
527
529
540
557
565
56b
56c
56d
56e
56f
570
11
15
76
1c7
219
220
254
26d
289
29e
2a6
2be
2c5
2d8
2dd
2df
2e0
2e9
326
35c
368
464
4a0
4e8
4fd
4fe
531
549
56b
571
572
573
574
575
576
14
25
29
1d1
1f5
226
25b
262
274
2a4
2ac
2c3
2ca
2ec
2f1
2f3
2f4
2fd
339
368
374
46d
4a9
4c4
506
507
539
551
571
577
578
579
57a
57b
57c
28
39
3d
1db
1f3
1fc
230
26a
27d
2aa
2b1
2c8
2ce
2db
300
305
307
308
314
374
380
477
4b3
4c2
50f
510
541
558
55f
577
57d
57e
57f
580
581
15
46
72
76
9b
a6
21c
234
23b
26d
2a9
2b7
2cd
2d8
2dd
2df
2e1
2ef
313
314
315
375
3c4
3cd
4bb
503
548
54a
560
582
583
584
585
586
587
10
14
29
5a
a7
b2
223
23d
244
274
2ae
2b5
2bc
2ec
2f1
2f3
2f5
303
327
328
329
381
398
3cd
48c
50c
550
552
566
582
588
589
58a
58b
58c
24
28
3d
6d
b3
bd
1f8
246
24d
27d
291
2ba
2c1
300
305
307
309
312
33a
33b
33c
38b
398
3a3
496
515
557
559
56c
588
58d
58e
58f
590
591
7
38
3c
51
82
bc
201
24f
256
285
297
2bf
2c6
2d4
2d5
2d6
317
319
31b
31d
326
351
3a3
3ae
4a0
51e
531
532
572
58d
592
593
594
595
596
1b
4c
50
65
83
8e
20a
22b
25c
28c
29d
2c4
2cb
2e8
2e9
2ea
32b
32d
32f
331
339
35d
3ae
3b9
4a9
4fa
539
53a
578
592
597
598
599
59a
59b
2f
60
64
77
8f
9a
213
229
232
265
2a3
2c9
2cf
2db
2fc
2fd
2fe
336
33f
341
343
369
3b9
3c4
4b3
4f8
541
542
57d
583
597
59c
59d
59e
59f
2e2
344
352
372
38b
38c
3af
3ba
522
537
53b
567
598
5a0
5a1
5a2
5a3
5a4
5a5
5a6
5a7
5a8
5a9
5aa
5ab
5ac
5ad
5ae
5af
5b0
5b1
5b2
5b3
5b4
5b5
2e3
2f6
351
353
35e
37e
3bb
3c5
529
53f
543
56d
59c
5a0
5a1
5b6
5b7
5b8
5b9
5ba
5bb
5bc
5bd
5be
5bf
5c0
5c1
5c2
5c3
5c4
5c5
5c6
5c7
5c8
5c9
2f7
30a
35d
35f
36a
388
3c6
3ce
4fe
547
54b
573
584
5b6
5b7
5ca
5cb
5cc
5cd
5ce
5cf
5d0
5d1
5d2
5d3
5d4
5d5
5d6
5d7
5d8
5d9
5da
5db
5dc
5dd
30b
31e
34c
369
36b
376
399
3cf
507
54f
553
579
589
5ca
5cb
5de
5df
5e0
5e1
5e2
5e3
5e4
5e5
5e6
5e7
5e8
5e9
5ea
5eb
5ec
5ed
5ee
5ef
5f0
5f1
31f
332
358
375
377
382
39a
3a4
510
52f
55a
57e
58e
5de
5df
5f2
5f3
5f4
5f5
5f6
5f7
5f8
5f9
5fa
5fb
5fc
5fd
5fe
5ff
600
601
602
603
604
605
333
345
364
381
383
38d
3a5
3b0
519
52e
533
561
593
5a2
5a3
5f2
5f3
606
607
608
609
60a
60b
60c
60d
60e
60f
610
611
612
613
614
615
616
617
304
334
354
38e
399
3b7
3cf
3ee
3f8
552
565
568
589
5a4
5a5
5a6
5a7
5e0
5e1
5e2
606
618
619
61a
61b
61c
61d
61e
61f
620
621
622
623
624
625
318
346
355
360
39a
3a4
3c2
3f9
402
559
56b
56e
58e
5a8
5b8
5b9
5ba
5bb
5f4
5f5
5f6
618
619
626
627
628
629
62a
62b
62c
62d
62e
62f
630
631
2e4
32c
361
36c
3a5
3b0
3cb
403
40a
532
571
574
593
5bc
5cc
5cd
5ce
5cf
607
608
609
626
627
632
633
634
635
636
637
638
639
63a
63b
63c
63d
2f8
33e
36d
378
394
3af
3ba
3da
40b
53a
577
57a
598
5a9
5aa
5ab
5d0
5e3
5e4
5e5
5e6
632
633
63e
63f
640
641
642
643
644
645
646
647
648
649
2dc
30c
379
384
39f
3bb
3c5
3db
3e4
542
55f
57f
59c
5bd
5be
5bf
5e7
5f7
5f8
5f9
5fa
63e
63f
64a
64b
64c
64d
64e
64f
650
651
652
653
654
655
2f0
320
385
38f
3aa
3c6
3ce
3e5
3ef
54a
55e
562
584
5d1
5d2
5d3
5fb
60a
60b
60c
60d
61a
61b
64a
64b
656
657
658
659
65a
65b
65c
65d
65e
65f
2f4
2f8
367
383
39b
3d0
3da
3f6
40b
42a
434
588
58a
5d0
5e0
5e1
5e2
5e8
60a
61c
640
641
660
661
662
663
664
665
666
667
668
669
66a
66b
66c
308
30c
373
38c
39c
3a6
3db
3e4
400
435
43e
58d
58f
5a4
5e7
5f4
5f5
5f6
5fc
628
64c
64d
660
661
66d
66e
66f
670
671
672
673
674
675
676
677
31c
320
353
37f
3a7
3b1
3e5
3ef
408
43f
446
592
594
5b8
5fb
607
608
609
60e
634
656
657
66d
66e
678
679
67a
67b
67c
67d
67e
67f
680
681
682
330
334
35f
389
3b2
3bc
3d6
3ee
3f8
416
447
597
599
5a9
5aa
5ab
5ac
5cc
606
61d
61e
642
678
679
683
684
685
686
687
688
689
68a
68b
68c
68d
342
346
34f
36b
3bd
3c7
3e0
3f9
402
417
420
583
59d
5a8
5bd
5be
5bf
5c0
5e3
629
62a
64e
683
684
68e
68f
690
691
692
693
694
695
696
697
698
2e0
2e4
35b
377
3c8
3d1
3ea
403
40a
421
42b
582
585
5bc
5d1
5d2
5d3
5d4
5f7
635
636
658
662
663
68e
68f
699
69a
69b
69c
69d
69e
69f
6a0
6a1
2e7
2f7
35d
35f
3ad
3c6
3dc
40c
416
432
447
466
470
5b6
5cc
5d0
5d2
640
641
643
664
685
686
6a2
6a3
6a4
6a5
6a6
6a7
6a8
6a9
6aa
6ab
6ac
6ad
2fb
30b
369
36b
3b8
3cf
3dd
3e6
417
420
43c
471
47a
5ca
5e1
5e3
5e7
64c
64d
64f
66f
690
691
6a2
6a3
6ae
6af
6b0
6b1
6b2
6b3
6b4
6b5
6b6
6b7
30f
31f
375
377
39a
3c3
3e7
3f0
421
42b
444
47b
482
5de
5f5
5f7
5fb
656
657
659
67a
699
69a
6ae
6af
6b8
6b9
6ba
6bb
6bc
6bd
6be
6bf
6c0
6c1
323
333
381
383
3a5
3cc
3f1
3fa
412
42a
434
452
483
5f2
606
608
60a
61d
61e
61f
665
666
687
6b8
6b9
6c2
6c3
6c4
6c5
6c6
6c7
6c8
6c9
6ca
6cb
2d3
344
38b
38c
397
3af
3fb
404
41c
435
43e
453
45c
5a2
5a4
5a8
5aa
629
62a
62b
670
671
692
6c2
6c3
6cc
6cd
6ce
6cf
6d0
6d1
6d2
6d3
6d4
6d5
2d1
2e3
351
353
3a2
3bb
405
40d
426
43f
446
45d
467
5a0
5b8
5bc
5be
635
636
637
67b
67c
69b
6a4
6a5
6cc
6cd
6d6
6d7
6d8
6d9
6da
6db
6dc
6dd
32c
357
361
3a5
3ed
403
418
448
452
46e
483
4a2
4ac
5cc
608
626
636
685
686
688
6a6
6c4
6c5
6de
6df
6e0
6e1
6e2
6e3
6e4
6e5
6e6
6e7
6e8
6e9
33e
363
36d
3af
3f7
40b
419
422
453
45c
478
4ad
4b6
5aa
5e3
632
641
690
691
693
6b0
6ce
6cf
6de
6df
6ea
6eb
6ec
6ed
6ee
6ef
6f0
6f1
6f2
6f3
2dc
36f
379
3bb
3db
401
423
42c
45d
467
480
4b7
4be
5be
5f7
63e
64d
699
69a
69c
6ba
6d6
6d7
6ea
6eb
6f4
6f5
6f6
6f7
6f8
6f9
6fa
6fb
6fc
6fd
2f0
37b
385
3c6
3e5
409
42d
436
44e
466
470
48e
4bf
5d2
60a
64a
657
665
666
667
6a7
6a8
6c6
6f4
6f5
6fe
6ff
700
701
702
703
704
705
706
707
304
34b
38e
3cf
3d9
3ee
437
440
458
471
47a
48f
498
5a4
5e1
61a
61e
670
671
672
6b1
6b2
6d0
6fe
6ff
708
709
70a
70b
70c
70d
70e
70f
710
711
318
349
355
39a
3e3
3f9
441
449
462
47b
482
499
4a3
5b8
5f5
618
62a
67b
67c
67d
6bb
6bc
6d8
6e0
6e1
708
709
712
713
714
715
716
717
718
719
37f
39e
3a7
3e5
429
43f
454
484
48e
4aa
4bf
4db
4e4
608
657
66d
67c
6c4
6c5
6c7
6e2
700
701
71a
71b
71c
71d
71e
71f
720
721
722
723
724
725
389
3a9
3b2
3ee
433
447
455
45e
48f
498
4b4
4e5
4ed
5aa
61e
678
686
6ce
6cf
6d1
6ec
70a
70b
71a
71b
726
727
728
729
72a
72b
72c
72d
72e
72f
34f
3b4
3bd
3f9
417
43d
45f
468
499
4a3
4bc
4ee
4f4
5be
62a
683
691
6d6
6d7
6d9
6f6
712
713
726
727
730
731
732
733
734
735
736
737
738
739
35b
3bf
3c8
403
421
445
469
472
48a
4a2
4ac
4c9
4f5
5d2
636
68e
69a
6a7
6a8
6a9
6e3
6e4
702
730
731
73a
73b
73c
73d
73e
73f
740
741
742
743
367
393
3d0
40b
415
42a
473
47c
494
4ad
4b6
4ca
4d2
5e1
641
662
666
6b1
6b2
6b3
6ed
6ee
70c
73a
73b
744
745
746
747
748
749
74a
74b
74c
74d
373
391
39c
3db
41f
435
47d
485
49e
4b7
4be
4d3
4dc
5f5
64d
660
671
6bb
6bc
6bd
6f7
6f8
714
71c
71d
744
745
74e
74f
750
751
752
753
754
755
3c3
3df
3e7
421
465
47b
490
4c0
4c9
4e2
4f5
511
51a
657
69a
6ae
6bc
700
701
703
71e
73c
73d
756
757
758
759
75a
75b
75c
75d
75e
75f
760
761
3cc
3e9
3f1
42a
46f
483
491
49a
4ca
4d2
4eb
51b
523
61e
666
6b8
6c5
70a
70b
70d
728
746
747
756
757
762
763
764
765
766
767
768
769
76a
76b
397
3f3
3fb
435
453
479
49b
4a4
4d3
4dc
4f2
524
52a
62a
671
6c2
6cf
712
713
715
732
74e
74f
762
763
76c
76d
76e
76f
770
771
772
773
774
775
3a2
3fd
405
43f
45d
481
4a5
4ae
4c6
4db
4e4
4ff
52b
636
67c
6cc
6d7
6e3
6e4
6e5
71f
720
73e
76c
76d
776
777
778
779
77a
77b
77c
77d
77e
77f
3ad
3d5
40c
447
451
466
4af
4b8
4cf
4e5
4ed
500
508
641
686
6a4
6a8
6ed
6ee
6ef
729
72a
748
776
777
780
781
782
783
784
785
786
787
788
789
3b8
3d3
3dd
417
45b
471
4b9
4c1
4d8
4ee
4f4
509
512
64d
691
6a2
6b2
6f7
6f8
6f9
733
734
750
758
759
780
781
78a
78b
78c
78d
78e
78f
790
791
401
41b
423
45d
4a1
4b7
4cb
4f6
4ff
518
52b
544
54c
5c1
69a
6d7
6ea
6f8
73c
73d
73f
75a
778
779
792
793
794
795
796
797
798
799
79a
79b
79c
409
425
42d
466
4ab
4bf
4cc
4d4
500
508
521
54d
554
5d5
666
6a8
6f4
701
746
747
749
764
782
783
792
793
79d
79e
79f
7a0
7a1
7a2
7a3
7a4
7a5
3d9
42f
437
471
48f
4b5
4d5
4dd
509
512
528
555
55b
5e9
671
6b2
6fe
70b
74e
74f
751
76e
78a
78b
79d
79e
7a6
7a7
7a8
7a9
7aa
7ab
7ac
7ad
7ae
3e3
439
441
47b
499
4bd
4de
4e6
4fc
511
51a
534
55c
5fd
67c
6bc
708
713
71f
720
721
75b
75c
77a
7a6
7a7
7af
7b0
7b1
7b2
7b3
7b4
7b5
7b6
7b7
3ed
411
448
483
48d
4a2
4e7
4ef
505
51b
523
535
53c
60f
686
6c5
6e0
6e4
729
72a
72b
765
766
784
7af
7b0
7b8
7b9
7ba
7bb
7bc
7bd
7be
7bf
7c0
3f7
40f
419
453
497
4ad
4f0
4f7
50e
524
52a
53d
545
5ad
691
6cf
6de
6ee
733
734
735
76f
770
78c
794
795
7b8
7b9
7c1
7c2
7c3
7c4
7c5
7c6
7c7
43d
457
45f
499
4da
4ee
501
52c
534
549
55c
56d
575
5b9
5fd
6d7
713
726
734
778
779
77b
796
7b1
7c8
7c9
7ca
7cb
7cc
7cd
7ce
7cf
7d0
7d1
7d2
445
461
469
4a2
4e3
4f5
502
50a
535
53c
551
573
57b
5cd
60f
6a8
6e4
730
73d
782
783
785
79f
7ba
7c8
7c9
7d3
7d4
7d5
7d6
7d7
7d8
7d9
7da
7db
415
46b
473
4ad
4ca
4ec
50b
513
53d
545
558
579
580
5ad
5e4
6b2
6ee
73a
747
78a
78b
78d
7a8
7c1
7d3
7d4
7dc
7dd
7de
7df
7e0
7e1
7e2
7e3
7e4
41f
475
47d
4b7
4d3
4f3
514
51c
530
544
54c
563
57e
5c1
5f8
6bc
6f8
744
74f
75b
75c
75d
797
7b2
7dc
7dd
7e5
7e6
7e7
7e8
7e9
7ea
7eb
7ec
7ed
429
44d
484
4bf
4c8
4db
51d
525
538
54d
554
561
569
5d5
60b
6c5
701
71c
720
765
766
767
7a0
7bb
7e5
7e6
7ee
7ef
7f0
7f1
7f2
7f3
7f4
7f5
7f6
433
44b
455
48f
4d1
4e5
526
52d
540
555
55b
567
56f
5a5
5e9
6cf
70b
71a
72a
76f
770
771
7a9
7c2
7ca
7cb
7ee
7ef
7f7
7f8
7f9
7fa
7fb
7fc
7fd
479
493
49b
4d3
510
524
536
55a
563
572
57e
58e
595
5f6
5f8
5fd
5fe
610
713
74f
762
770
7b1
7b3
7cc
7e7
7fe
7ff
800
801
802
803
804
805
806
481
49d
4a5
4db
519
52b
533
53e
561
569
578
593
59a
5ae
609
60b
60f
610
6e4
720
76c
779
7ba
7bc
7d5
7f0
7fe
807
808
809
80a
80b
80c
80d
80e
451
4a7
4af
4e5
500
522
53b
546
567
56f
57d
598
59e
5a5
5ab
5ad
5ae
5c2
6ee
72a
776
783
7c1
7c3
7de
7f7
807
80f
810
811
812
813
814
815
816
45b
4b1
4b9
4ee
509
529
543
54e
560
56d
575
586
59c
5b9
5bf
5c1
5c2
5d6
6f8
734
780
78b
797
798
7cd
7e8
80f
817
818
819
81a
81b
81c
81d
81e
465
489
4c0
4f5
4fe
511
54b
556
566
573
57b
584
58b
5cd
5d3
5d5
5d6
5ea
701
73d
758
75c
7a0
7a1
7d6
7f1
817
81f
820
821
822
823
824
825
826
46f
487
491
4ca
507
51b
553
55d
56c
579
580
589
590
5e2
5e4
5e9
5ea
5fe
70b
747
756
766
7a9
7aa
7df
7f8
7ff
81f
827
828
829
82a
82b
82c
82d
30c
31d
321
4b5
4ce
4d5
509
542
555
564
57f
586
59c
5bf
5e7
5e9
5eb
5ec
5f8
650
65a
74f
78b
79d
7e7
7e9
800
818
82e
82f
830
831
832
833
834
320
331
335
4bd
4d7
4de
511
54a
55c
562
56a
584
58b
5d3
5fb
5fd
5ff
600
60b
620
65a
720
75c
7a6
7f0
7f2
808
820
82e
835
836
837
838
839
83a
334
343
347
48d
4e0
4e7
51b
535
552
568
570
589
590
5a5
5e2
606
60f
611
612
620
62c
72a
766
7af
7f7
7f9
810
827
835
83b
83c
83d
83e
83f
840
2e1
2e5
346
497
4e9
4f0
524
53d
559
56e
576
58e
595
5a8
5ad
5af
5b0
5b9
5f6
62c
638
734
770
7b8
7cd
7ce
801
819
83b
841
842
843
844
845
846
2e4
2f5
2f9
4a1
4c5
4f6
52b
532
544
574
57c
593
59a
5bc
5c1
5c3
5c4
5cd
609
638
644
73d
779
794
7d6
7d7
809
821
841
847
848
849
84a
84b
84c
2f8
309
30d
4ab
4c3
4cc
500
53a
54d
57a
581
598
59e
5ab
5d0
5d5
5d7
5d8
5e4
644
650
747
783
792
7df
7e0
811
828
82f
847
84d
84e
84f
850
851
2e5
316
342
346
36b
376
4ec
504
50b
53d
579
587
59d
5a8
5ad
5af
5b1
5bf
5e3
5e4
5e5
645
694
69d
78b
7d3
818
81a
830
852
853
854
855
856
857
2e0
2e4
2f9
32a
377
382
4f3
50d
514
544
57e
585
58c
5bc
5c1
5c3
5c5
5d3
5f7
5f8
5f9
651
668
69d
75c
7dc
820
822
836
852
858
859
85a
85b
85c
2f4
2f8
30d
33d
383
38d
4c8
516
51d
54d
561
58a
591
5d0
5d5
5d7
5d9
5e2
60a
60b
60c
65b
668
673
766
7e5
827
829
83c
858
85d
85e
85f
860
861
2d7
308
30c
321
352
38c
4d1
51f
526
555
567
58f
596
5a4
5a5
5a6
5e7
5e9
5eb
5ed
5f6
621
673
67e
770
7ee
801
802
842
85d
862
863
864
865
866
2eb
31c
320
335
353
35e
4da
4fb
52c
55c
56d
594
59b
5b8
5b9
5ba
5fb
5fd
5ff
601
609
62d
67e
689
779
7ca
809
80a
848
862
867
868
869
86a
86b
2ff
330
334
347
35f
36a
4e3
4f9
502
535
573
599
59f
5ab
5cc
5cd
5ce
606
60f
611
613
639
689
694
783
7c8
811
812
84d
853
867
86c
86d
86e
86f
5b2
614
622
642
65b
65c
67f
68a
7f2
807
80b
837
868
870
871
872
873
874
875
876
877
878
879
87a
87b
87c
87d
87e
87f
880
881
882
883
884
885
5b3
5c6
621
623
62e
64e
68b
695
7f9
80f
813
83d
86c
870
871
886
887
888
889
88a
88b
88c
88d
88e
88f
890
891
892
893
894
895
896
897
898
899
5c7
5da
62d
62f
63a
658
696
69e
7ce
817
81b
843
854
886
887
89a
89b
89c
89d
89e
89f
8a0
8a1
8a2
8a3
8a4
8a5
8a6
8a7
8a8
8a9
8aa
8ab
8ac
8ad
5db
5ee
61c
639
63b
646
669
69f
7d7
81f
823
849
859
89a
89b
8ae
8af
8b0
8b1
8b2
8b3
8b4
8b5
8b6
8b7
8b8
8b9
8ba
8bb
8bc
8bd
8be
8bf
8c0
8c1
5ef
602
628
645
647
652
66a
674
7e0
7ff
82a
84e
85e
8ae
8af
8c2
8c3
8c4
8c5
8c6
8c7
8c8
8c9
8ca
8cb
8cc
8cd
8ce
8cf
8d0
8d1
8d2
8d3
8d4
8d5
603
615
634
651
653
65d
675
680
7e9
7fe
803
831
863
872
873
8c2
8c3
8d6
8d7
8d8
8d9
8da
8db
8dc
8dd
8de
8df
8e0
8e1
8e2
8e3
8e4
8e5
8e6
8e7
5d4
604
624
65e
669
687
69f
6be
6c8
822
835
838
859
874
875
876
877
8b0
8b1
8b2
8d6
8e8
8e9
8ea
8eb
8ec
8ed
8ee
8ef
8f0
8f1
8f2
8f3
8f4
8f5
5e8
616
625
630
66a
674
692
6c9
6d2
829
83b
83e
85e
878
888
889
88a
88b
8c4
8c5
8c6
8e8
8e9
8f6
8f7
8f8
8f9
8fa
8fb
8fc
8fd
8fe
8ff
900
901
5b4
5fc
631
63c
675
680
69b
6d3
6da
802
841
844
863
88c
89c
89d
89e
89f
8d7
8d8
8d9
8f6
8f7
902
903
904
905
906
907
908
909
90a
90b
90c
90d
5c8
60e
63d
648
664
67f
68a
6aa
6db
80a
847
84a
868
879
87a
87b
8a0
8b3
8b4
8b5
8b6
902
903
90e
90f
910
911
912
913
914
915
916
917
918
919
5ac
5dc
649
654
66f
68b
695
6ab
6b4
812
82f
84f
86c
88d
88e
88f
8b7
8c7
8c8
8c9
8ca
90e
90f
91a
91b
91c
91d
91e
91f
920
921
922
923
924
925
5c0
5f0
655
65f
67a
696
69e
6b5
6bf
81a
82e
832
854
8a1
8a2
8a3
8cb
8da
8db
8dc
8dd
8ea
8eb
91a
91b
926
927
928
929
92a
92b
92c
92d
92e
92f
5c4
5c8
637
653
66b
6a0
6aa
6c6
6db
6fa
704
858
85a
8a0
8b0
8b1
8b2
8b8
8da
8ec
910
911
930
931
932
933
934
935
936
937
938
939
93a
93b
93c
5d8
5dc
643
65c
66c
676
6ab
6b4
6d0
705
70e
85d
85f
874
8b7
8c4
8c5
8c6
8cc
8f8
91c
91d
930
931
93d
93e
93f
940
941
942
943
944
945
946
947
5ec
5f0
623
64f
677
681
6b5
6bf
6d8
70f
716
862
864
888
8cb
8d7
8d8
8d9
8de
904
926
927
93d
93e
948
949
94a
94b
94c
94d
94e
94f
950
951
952
600
604
62f
659
682
68c
6a6
6be
6c8
6e6
717
867
869
879
87a
87b
87c
89c
8d6
8ed
8ee
912
948
949
953
954
955
956
957
958
959
95a
95b
95c
95d
612
616
61f
63b
68d
697
6b0
6c9
6d2
6e7
6f0
853
86d
878
88d
88e
88f
890
8b3
8f9
8fa
91e
953
954
95e
95f
960
961
962
963
964
965
966
967
968
5b0
5b4
62b
647
698
6a1
6ba
6d3
6da
6f1
6fb
852
855
88c
8a1
8a2
8a3
8a4
8c7
905
906
928
932
933
95e
95f
969
96a
96b
96c
96d
96e
96f
970
971
5b7
5c7
62d
62f
67d
696
6ac
6dc
6e6
702
717
736
740
886
89c
8a0
8a2
910
911
913
934
955
956
972
973
974
975
976
977
978
979
97a
97b
97c
97d
5cb
5db
639
63b
688
69f
6ad
6b6
6e7
6f0
70c
741
74a
89a
8b1
8b3
8b7
91c
91d
91f
93f
960
961
972
973
97e
97f
980
981
982
983
984
985
986
987
5df
5ef
645
647
66a
693
6b7
6c0
6f1
6fb
714
74b
752
8ae
8c5
8c7
8cb
926
927
929
94a
969
96a
97e
97f
988
989
98a
98b
98c
98d
98e
98f
990
991
5f3
603
651
653
675
69c
6c1
6ca
6e2
6fa
704
722
753
8c2
8d6
8d8
8da
8ed
8ee
8ef
935
936
957
988
989
992
993
994
995
996
997
998
999
99a
99b
5a3
614
65b
65c
667
67f
6cb
6d4
6ec
705
70e
723
72c
872
874
878
87a
8f9
8fa
8fb
940
941
962
992
993
99c
99d
99e
99f
9a0
9a1
9a2
9a3
9a4
9a5
5a1
5b3
621
623
672
68b
6d5
6dd
6f6
70f
716
72d
737
870
888
88c
88e
905
906
907
94b
94c
96b
974
975
99c
99d
9a6
9a7
9a8
9a9
9aa
9ab
9ac
9ad
5fc
627
631
675
6bd
6d3
6e8
718
722
73e
753
772
77c
89c
8d8
8f6
906
955
956
958
976
994
995
9ae
9af
9b0
9b1
9b2
9b3
9b4
9b5
9b6
9b7
9b8
9b9
60e
633
63d
67f
6c7
6db
6e9
6f2
723
72c
748
77d
786
87a
8b3
902
911
960
961
963
980
99e
99f
9ae
9af
9ba
9bb
9bc
9bd
9be
9bf
9c0
9c1
9c2
9c3
5ac
63f
649
68b
6ab
6d1
6f3
6fc
72d
737
750
787
78e
88e
8c7
90e
91d
969
96a
96c
98a
9a6
9a7
9ba
9bb
9c4
9c5
9c6
9c7
9c8
9c9
9ca
9cb
9cc
9cd
5c0
64b
655
696
6b5
6d9
6fd
706
71e
736
740
75e
78f
8a2
8da
91a
927
935
936
937
977
978
996
9c4
9c5
9ce
9cf
9d0
9d1
9d2
9d3
9d4
9d5
9d6
9d7
5d4
61b
65e
69f
6a9
6be
707
710
728
741
74a
75f
768
874
8b1
8ea
8ee
940
941
942
981
982
9a0
9ce
9cf
9d8
9d9
9da
9db
9dc
9dd
9de
9df
9e0
9e1
5e8
619
625
66a
6b3
6c9
711
719
732
74b
752
769
773
888
8c5
8e8
8fa
94b
94c
94d
98b
98c
9a8
9b0
9b1
9d8
9d9
9e2
9e3
9e4
9e5
9e6
9e7
9e8
9e9
64f
66e
677
6b5
6f9
70f
724
754
75e
77a
78f
7ab
7b4
8d8
927
93d
94c
994
995
997
9b2
9d0
9d1
9ea
9eb
9ec
9ed
9ee
9ef
9f0
9f1
9f2
9f3
9f4
9f5
659
679
682
6be
703
717
725
72e
75f
768
784
7b5
7bd
87a
8ee
948
956
99e
99f
9a1
9bc
9da
9db
9ea
9eb
9f6
9f7
9f8
9f9
9fa
9fb
9fc
9fd
9fe
9ff
61f
684
68d
6c9
6e7
70d
72f
738
769
773
78c
7be
7c4
88e
8fa
953
961
9a6
9a7
9a9
9c6
9e2
9e3
9f6
9f7
a00
a01
a02
a03
a04
a05
a06
a07
a08
a09
62b
68f
698
6d3
6f1
715
739
742
75a
772
77c
799
7c5
8a2
906
95e
96a
977
978
979
9b3
9b4
9d2
a00
a01
a0a
a0b
a0c
a0d
a0e
a0f
a10
a11
a12
a13
637
663
6a0
6db
6e5
6fa
743
74c
764
77d
786
79a
7a2
8b1
911
932
936
981
982
983
9bd
9be
9dc
a0a
a0b
a14
a15
a16
a17
a18
a19
a1a
a1b
a1c
a1d
643
661
66c
6ab
6ef
705
74d
755
76e
787
78e
7a3
7ac
8c5
91d
930
941
98b
98c
98d
9c7
9c8
9e4
9ec
9ed
a14
a15
a1e
a1f
a20
a21
a22
a23
a24
a25
693
6af
6b7
6f1
735
74b
760
790
799
7b2
7c5
7e1
7ea
927
96a
97e
98c
9d0
9d1
9d3
9ee
a0c
a0d
a26
a27
a28
a29
a2a
a2b
a2c
a2d
a2e
a2f
a30
a31
69c
6b9
6c1
6fa
73f
753
761
76a
79a
7a2
7bb
7eb
7f3
8ee
936
988
995
9da
9db
9dd
9f8
a16
a17
a26
a27
a32
a33
a34
a35
a36
a37
a38
a39
a3a
a3b
667
6c3
6cb
705
723
749
76b
774
7a3
7ac
7c2
7f4
7fa
8fa
941
992
99f
9e2
9e3
9e5
a02
a1e
a1f
a32
a33
a3c
a3d
a3e
a3f
a40
a41
a42
a43
a44
a45
672
6cd
6d5
70f
72d
751
775
77e
796
7ab
7b4
7cf
7fb
906
94c
99c
9a7
9b3
9b4
9b5
9ef
9f0
a0e
a3c
a3d
a46
a47
a48
a49
a4a
a4b
a4c
a4d
a4e
a4f
67d
6a5
6dc
717
721
736
77f
788
79f
7b5
7bd
7d0
7d8
911
956
974
978
9bd
9be
9bf
9f9
9fa
a18
a46
a47
a50
a51
a52
a53
a54
a55
a56
a57
a58
a59
688
6a3
6ad
6e7
72b
741
789
791
7a8
7be
7c4
7d9
7e2
91d
961
972
982
9c7
9c8
9c9
a03
a04
a20
a28
a29
a50
a51
a5a
a5b
a5c
a5d
a5e
a5f
a60
a61
6d1
6eb
6f3
72d
771
787
79b
7c6
7cf
7e8
7fb
814
81c
891
96a
9a7
9ba
9c8
a0c
a0d
a0f
a2a
a48
a49
a62
a63
a64
a65
a66
a67
a68
a69
a6a
a6b
a6c
6d9
6f5
6fd
736
77b
78f
79c
7a4
7d0
7d8
7f1
81d
824
8a5
936
978
9c4
9d1
a16
a17
a19
a34
a52
a53
a62
a63
a6d
a6e
a6f
a70
a71
a72
a73
a74
a75
6a9
6ff
707
741
75f
785
7a5
7ad
7d9
7e2
7f8
825
82b
8b9
941
982
9ce
9db
a1e
a1f
a21
a3e
a5a
a5b
a6d
a6e
a76
a77
a78
a79
a7a
a7b
a7c
a7d
a7e
6b3
709
711
74b
769
78d
7ae
7b6
7cc
7e1
7ea
804
82c
8cd
94c
98c
9d8
9e3
9ef
9f0
9f1
a2b
a2c
a4a
a76
a77
a7f
a80
a81
a82
a83
a84
a85
a86
a87
6bd
6e1
718
753
75d
772
7b7
7bf
7d5
7eb
7f3
805
80c
8df
956
995
9b0
9b4
9f9
9fa
9fb
a35
a36
a54
a7f
a80
a88
a89
a8a
a8b
a8c
a8d
a8e
a8f
a90
6c7
6df
6e9
723
767
77d
7c0
7c7
7de
7f4
7fa
80d
815
87d
961
99f
9ae
9be
a03
a04
a05
a3f
a40
a5c
a64
a65
a88
a89
a91
a92
a93
a94
a95
a96
a97
70d
727
72f
769
7aa
7be
7d1
7fc
804
819
82c
83d
845
889
8cd
9a7
9e3
9f6
a04
a48
a49
a4b
a66
a81
a98
a99
a9a
a9b
a9c
a9d
a9e
a9f
aa0
aa1
aa2
715
731
739
772
7b3
7c5
7d2
7da
805
80c
821
843
84b
89d
8df
978
9b4
a00
a0d
a52
a53
a55
a6f
a8a
a98
a99
aa3
aa4
aa5
aa6
aa7
aa8
aa9
aaa
aab
6e5
73b
743
77d
79a
7bc
7db
7e3
80d
815
828
849
850
87d
8b4
982
9be
a0a
a17
a5a
a5b
a5d
a78
a91
aa3
aa4
aac
aad
aae
aaf
ab0
ab1
ab2
ab3
ab4
6ef
745
74d
787
7a3
7c3
7e4
7ec
800
814
81c
833
84e
891
8c8
98c
9c8
a14
a1f
a2b
a2c
a2d
a67
a82
aac
aad
ab5
ab6
ab7
ab8
ab9
aba
abb
abc
abd
6f9
71d
754
78f
798
7ab
7ed
7f5
808
81d
824
831
839
8a5
8db
995
9d1
9ec
9f0
a35
a36
a37
a70
a8b
ab5
ab6
abe
abf
ac0
ac1
ac2
ac3
ac4
ac5
ac6
703
71b
725
75f
7a1
7b5
7f6
7fd
810
825
82b
837
83f
875
8b9
99f
9db
9ea
9fa
a3f
a40
a41
a79
a92
a9a
a9b
abe
abf
ac7
ac8
ac9
aca
acb
acc
acd
749
763
76b
7a3
7e0
7f4
806
82a
833
842
84e
85e
865
8c6
8c8
8cd
8ce
8e0
9e3
a1f
a32
a40
a81
a83
a9c
ab7
ace
acf
ad0
ad1
ad2
ad3
ad4
ad5
ad6
751
76d
775
7ab
7e9
7fb
803
80e
831
839
848
863
86a
87e
8d9
8db
8df
8e0
9b4
9f0
a3c
a49
a8a
a8c
aa5
ac0
ace
ad7
ad8
ad9
ada
adb
adc
add
ade
721
777
77f
7b5
7d0
7f2
80b
816
837
83f
84d
868
86e
875
87b
87d
87e
892
9be
9fa
a46
a53
a91
a93
aae
ac7
ad7
adf
ae0
ae1
ae2
ae3
ae4
ae5
ae6
72b
781
789
7be
7d9
7f9
813
81e
830
83d
845
856
86c
889
88f
891
892
8a6
9c8
a04
a50
a5b
a67
a68
a9d
ab8
adf
ae7
ae8
ae9
aea
aeb
aec
aed
aee
735
759
790
7c5
7ce
7e1
81b
826
836
843
84b
854
85b
89d
8a3
8a5
8a6
8ba
9d1
a0d
a28
a2c
a70
a71
aa6
ac1
ae7
aef
af0
af1
af2
af3
af4
af5
af6
73f
757
761
79a
7d7
7eb
823
82d
83c
849
850
859
860
8b2
8b4
8b9
8ba
8ce
9db
a17
a26
a36
a79
a7a
aaf
ac8
acf
aef
af7
af8
af9
afa
afb
afc
afd
5dc
5ed
5f1
785
79e
7a5
7d9
812
825
834
84f
856
86c
88f
8b7
8b9
8bb
8bc
8c8
920
92a
a1f
a5b
a6d
ab7
ab9
ad0
ae8
afe
aff
b00
b01
b02
b03
b04
5f0
601
605
78d
7a7
7ae
7e1
81a
82c
832
83a
854
85b
8a3
8cb
8cd
8cf
8d0
8db
8f0
92a
9f0
a2c
a76
ac0
ac2
ad8
af0
afe
b05
b06
b07
b08
b09
b0a
604
613
617
75d
7b0
7b7
7eb
805
822
838
840
859
860
875
8b2
8d6
8df
8e1
8e2
8f0
8fc
9fa
a36
a7f
ac7
ac9
ae0
af7
b05
b0b
b0c
b0d
b0e
b0f
b10
5b1
5b5
616
767
7b9
7c0
7f4
80d
829
83e
846
85e
865
878
87d
87f
880
889
8c6
8fc
908
a04
a40
a88
a9d
a9e
ad1
ae9
b0b
b11
b12
b13
b14
b15
b16
5b4
5c5
5c9
771
795
7c6
7fb
802
814
844
84c
863
86a
88c
891
893
894
89d
8d9
908
914
a0d
a49
a64
aa6
aa7
ad9
af1
b11
b17
b18
b19
b1a
b1b
b1c
5c8
5d9
5dd
77b
793
79c
7d0
80a
81d
84a
851
868
86e
87b
8a0
8a5
8a7
8a8
8b4
914
920
a17
a53
a62
aaf
ab0
ae1
af8
aff
b17
b1d
b1e
b1f
b20
b21
5b5
5e6
612
616
63b
646
7bc
7d4
7db
80d
849
857
86d
878
87d
87f
881
88f
8b3
8b4
8b5
915
964
96d
a5b
aa3
ae8
aea
b00
b22
b23
b24
b25
b26
b27
5b0
5b4
5c9
5fa
647
652
7c3
7dd
7e4
814
84e
855
85c
88c
891
893
895
8a3
8c7
8c8
8c9
921
938
96d
a2c
aac
af0
af2
b06
b22
b28
b29
b2a
b2b
b2c
5c4
5c8
5dd
60d
653
65d
798
7e6
7ed
81d
831
85a
861
8a0
8a5
8a7
8a9
8b2
8da
8db
8dc
92b
938
943
a36
ab5
af7
af9
b0c
b28
b2d
b2e
b2f
b30
b31
5a7
5d8
5dc
5f1
622
65c
7a1
7ef
7f6
825
837
85f
866
874
875
876
8b7
8b9
8bb
8bd
8c6
8f1
943
94e
a40
abe
ad1
ad2
b12
b2d
b32
b33
b34
b35
b36
5bb
5ec
5f0
605
623
62e
7aa
7cb
7fc
82c
83d
864
86b
888
889
88a
8cb
8cd
8cf
8d1
8d9
8fd
94e
959
a49
a9a
ad9
ada
b18
b32
b37
b38
b39
b3a
b3b
5cf
600
604
617
62f
63a
7b3
7c9
7d2
805
843
869
86f
87b
89c
89d
89e
8d6
8df
8e1
8e3
909
959
964
a53
a98
ae1
ae2
b1d
b23
b37
b3c
b3d
b3e
b3f
882
8e4
8f2
912
92b
92c
94f
95a
ac2
ad7
adb
b07
b38
b40
b41
b42
b43
b44
b45
b46
b47
b48
b49
b4a
b4b
b4c
b4d
b4e
b4f
b50
b51
b52
b53
b54
b55
883
896
8f1
8f3
8fe
91e
95b
965
ac9
adf
ae3
b0d
b3c
b40
b41
b56
b57
b58
b59
b5a
b5b
b5c
b5d
b5e
b5f
b60
b61
b62
b63
b64
b65
b66
b67
b68
b69
897
8aa
8fd
8ff
90a
928
966
96e
a9e
ae7
aeb
b13
b24
b56
b57
b6a
b6b
b6c
b6d
b6e
b6f
b70
b71
b72
b73
b74
b75
b76
b77
b78
b79
b7a
b7b
b7c
b7d
8ab
8be
8ec
909
90b
916
939
96f
aa7
aef
af3
b19
b29
b6a
b6b
b7e
b7f
b80
b81
b82
b83
b84
b85
b86
b87
b88
b89
b8a
b8b
b8c
b8d
b8e
b8f
b90
b91
8bf
8d2
8f8
915
917
922
93a
944
ab0
acf
afa
b1e
b2e
b7e
b7f
b92
b93
b94
b95
b96
b97
b98
b99
b9a
b9b
b9c
b9d
b9e
b9f
ba0
ba1
ba2
ba3
ba4
ba5
8d3
8e5
904
921
923
92d
945
950
ab9
ace
ad3
b01
b33
b42
b43
b92
b93
ba6
ba7
ba8
ba9
baa
bab
bac
bad
bae
baf
bb0
bb1
bb2
bb3
bb4
bb5
bb6
bb7
8a4
8d4
8f4
92e
939
957
96f
98e
998
af2
b05
b08
b29
b44
b45
b46
b47
b80
b81
b82
ba6
bb8
bb9
bba
bbb
bbc
bbd
bbe
bbf
bc0
bc1
bc2
bc3
bc4
bc5
8b8
8e6
8f5
900
93a
944
962
999
9a2
af9
b0b
b0e
b2e
b48
b58
b59
b5a
b5b
b94
b95
b96
bb8
bb9
bc6
bc7
bc8
bc9
bca
bcb
bcc
bcd
bce
bcf
bd0
bd1
884
8cc
901
90c
945
950
96b
9a3
9aa
ad2
b11
b14
b33
b5c
b6c
b6d
b6e
b6f
ba7
ba8
ba9
bc6
bc7
bd2
bd3
bd4
bd5
bd6
bd7
bd8
bd9
bda
bdb
bdc
bdd
898
8de
90d
918
934
94f
95a
97a
9ab
ada
b17
b1a
b38
b49
b4a
b4b
b70
b83
b84
b85
b86
bd2
bd3
bde
bdf
be0
be1
be2
be3
be4
be5
be6
be7
be8
be9
87c
8ac
919
924
93f
95b
965
97b
984
ae2
aff
b1f
b3c
b5d
b5e
b5f
b87
b97
b98
b99
b9a
bde
bdf
bea
beb
bec
bed
bee
bef
bf0
bf1
bf2
bf3
bf4
bf5
890
8c0
925
92f
94a
966
96e
985
98f
aea
afe
b02
b24
b71
b72
b73
b9b
baa
bab
bac
bad
bba
bbb
bea
beb
bf6
bf7
bf8
bf9
bfa
bfb
bfc
bfd
bfe
bff
894
898
907
923
93b
970
97a
996
9ab
9ca
9d4
b28
b2a
b70
b80
b81
b82
b88
baa
bbc
be0
be1
c00
c01
c02
c03
c04
c05
c06
c07
c08
c09
c0a
c0b
c0c
8a8
8ac
913
92c
93c
946
97b
984
9a0
9d5
9de
b2d
b2f
b44
b87
b94
b95
b96
b9c
bc8
bec
bed
c00
c01
c0d
c0e
c0f
c10
c11
c12
c13
c14
c15
c16
c17
8bc
8c0
8f3
91f
947
951
985
98f
9a8
9df
9e6
b32
b34
b58
b9b
ba7
ba8
ba9
bae
bd4
bf6
bf7
c0d
c0e
c18
c19
c1a
c1b
c1c
c1d
c1e
c1f
c20
c21
c22
8d0
8d4
8ff
929
952
95c
976
98e
998
9b6
9e7
b37
b39
b49
b4a
b4b
b4c
b6c
ba6
bbd
bbe
be2
c18
c19
c23
c24
c25
c26
c27
c28
c29
c2a
c2b
c2c
c2d
8e2
8e6
8ef
90b
95d
967
980
999
9a2
9b7
9c0
b23
b3d
b48
b5d
b5e
b5f
b60
b83
bc9
bca
bee
c23
c24
c2e
c2f
c30
c31
c32
c33
c34
c35
c36
c37
c38
880
884
8fb
917
968
971
98a
9a3
9aa
9c1
9cb
b22
b25
b5c
b71
b72
b73
b74
b97
bd5
bd6
bf8
c02
c03
c2e
c2f
c39
c3a
c3b
c3c
c3d
c3e
c3f
c40
c41
887
897
8fd
8ff
94d
966
97c
9ac
9b6
9d2
9e7
a06
a10
b56
b6c
b70
b72
be0
be1
be3
c04
c25
c26
c42
c43
c44
c45
c46
c47
c48
c49
c4a
c4b
c4c
c4d
89b
8ab
909
90b
958
96f
97d
986
9b7
9c0
9dc
a11
a1a
b6a
b81
b83
b87
bec
bed
bef
c0f
c30
c31
c42
c43
c4e
c4f
c50
c51
c52
c53
c54
c55
c56
c57
8af
8bf
915
917
93a
963
987
990
9c1
9cb
9e4
a1b
a22
b7e
b95
b97
b9b
bf6
bf7
bf9
c1a
c39
c3a
c4e
c4f
c58
c59
c5a
c5b
c5c
c5d
c5e
c5f
c60
c61
8c3
8d3
921
923
945
96c
991
99a
9b2
9ca
9d4
9f2
a23
b92
ba6
ba8
baa
bbd
bbe
bbf
c05
c06
c27
c58
c59
c62
c63
c64
c65
c66
c67
c68
c69
c6a
c6b
873
8e4
92b
92c
937
94f
99b
9a4
9bc
9d5
9de
9f3
9fc
b42
b44
b48
b4a
bc9
bca
bcb
c10
c11
c32
c62
c63
c6c
c6d
c6e
c6f
c70
c71
c72
c73
c74
c75
871
883
8f1
8f3
942
95b
9a5
9ad
9c6
9df
9e6
9fd
a07
b40
b58
b5c
b5e
bd5
bd6
bd7
c1b
c1c
c3b
c44
c45
c6c
c6d
c76
c77
c78
c79
c7a
c7b
c7c
c7d
8cc
8f7
901
945
98d
9a3
9b8
9e8
9f2
a0e
a23
a42
a4c
b6c
ba8
bc6
bd6
c25
c26
c28
c46
c64
c65
c7e
c7f
c80
c81
c82
c83
c84
c85
c86
c87
c88
c89
8de
903
90d
94f
997
9ab
9b9
9c2
9f3
9fc
a18
a4d
a56
b4a
b83
bd2
be1
c30
c31
c33
c50
c6e
c6f
c7e
c7f
c8a
c8b
c8c
c8d
c8e
c8f
c90
c91
c92
c93
87c
90f
919
95b
97b
9a1
9c3
9cc
9fd
a07
a20
a57
a5e
b5e
b97
bde
bed
c39
c3a
c3c
c5a
c76
c77
c8a
c8b
c94
c95
c96
c97
c98
c99
c9a
c9b
c9c
c9d
890
91b
925
966
985
9a9
9cd
9d6
9ee
a06
a10
a2e
a5f
b72
baa
bea
bf7
c05
c06
c07
c47
c48
c66
c94
c95
c9e
c9f
ca0
ca1
ca2
ca3
ca4
ca5
ca6
ca7
8a4
8eb
92e
96f
979
98e
9d7
9e0
9f8
a11
a1a
a2f
a38
b44
b81
bba
bbe
c10
c11
c12
c51
c52
c70
c9e
c9f
ca8
ca9
caa
cab
cac
cad
cae
caf
cb0
cb1
8b8
8e9
8f5
93a
983
999
9e1
9e9
a02
a1b
a22
a39
a43
b58
b95
bb8
bca
c1b
c1c
c1d
c5b
c5c
c78
c80
c81
ca8
ca9
cb2
cb3
cb4
cb5
cb6
cb7
cb8
cb9
91f
93e
947
985
9c9
9df
9f4
a24
a2e
a4a
a5f
a7b
a84
ba8
bf7
c0d
c1c
c64
c65
c67
c82
ca0
ca1
cba
cbb
cbc
cbd
cbe
cbf
cc0
cc1
cc2
cc3
cc4
cc5
929
949
952
98e
9d3
9e7
9f5
9fe
a2f
a38
a54
a85
a8d
b4a
bbe
c18
c26
c6e
c6f
c71
c8c
caa
cab
cba
cbb
cc6
cc7
cc8
cc9
cca
ccb
ccc
ccd
cce
ccf
8ef
954
95d
999
9b7
9dd
9ff
a08
a39
a43
a5c
a8e
a94
b5e
bca
c23
c31
c76
c77
c79
c96
cb2
cb3
cc6
cc7
cd0
cd1
cd2
cd3
cd4
cd5
cd6
cd7
cd8
cd9
8fb
95f
968
9a3
9c1
9e5
a09
a12
a2a
a42
a4c
a69
a95
b72
bd6
c2e
c3a
c47
c48
c49
c83
c84
ca2
cd0
cd1
cda
cdb
cdc
cdd
cde
cdf
ce0
ce1
ce2
ce3
907
933
970
9ab
9b5
9ca
a13
a1c
a34
a4d
a56
a6a
a72
b81
be1
c02
c06
c51
c52
c53
c8d
c8e
cac
cda
cdb
ce4
ce5
ce6
ce7
ce8
ce9
cea
ceb
cec
ced
913
931
93c
97b
9bf
9d5
a1d
a25
a3e
a57
a5e
a73
a7c
b95
bed
c00
c11
c5b
c5c
c5d
c97
c98
cb4
cbc
cbd
ce4
ce5
cee
cef
cf0
cf1
cf2
cf3
cf4
cf5
963
97f
987
9c1
a05
a1b
a30
a60
a69
a82
a95
ab1
aba
bf7
c3a
c4e
c5c
ca0
ca1
ca3
cbe
cdc
cdd
cf6
cf7
cf8
cf9
cfa
cfb
cfc
cfd
cfe
cff
d00
d01
96c
989
991
9ca
a0f
a23
a31
a3a
a6a
a72
a8b
abb
ac3
bbe
c06
c58
c65
caa
cab
cad
cc8
ce6
ce7
cf6
cf7
d02
d03
d04
d05
d06
d07
d08
d09
d0a
d0b
937
993
99b
9d5
9f3
a19
a3b
a44
a73
a7c
a92
ac4
aca
bca
c11
c62
c6f
cb2
cb3
cb5
cd2
cee
cef
d02
d03
d0c
d0d
d0e
d0f
d10
d11
d12
d13
d14
d15
942
99d
9a5
9df
9fd
a21
a45
a4e
a66
a7b
a84
a9f
acb
bd6
c1c
c6c
c77
c83
c84
c85
cbf
cc0
cde
d0c
d0d
d16
d17
d18
d19
d1a
d1b
d1c
d1d
d1e
d1f
94d
975
9ac
9e7
9f1
a06
a4f
a58
a6f
a85
a8d
aa0
aa8
be1
c26
c44
c48
c8d
c8e
c8f
cc9
cca
ce8
d16
d17
d20
d21
d22
d23
d24
d25
d26
d27
d28
d29
958
973
97d
9b7
9fb
a11
a59
a61
a78
a8e
a94
aa9
ab2
bed
c31
c42
c52
c97
c98
c99
cd3
cd4
cf0
cf8
cf9
d20
d21
d2a
d2b
d2c
d2d
d2e
d2f
d30
d31
9a1
9bb
9c3
9fd
a41
a57
a6b
a96
a9f
ab8
acb
ae4
aec
b61
c3a
c77
c8a
c98
cdc
cdd
cdf
cfa
d18
d19
d32
d33
d34
d35
d36
d37
d38
d39
d3a
d3b
d3c
9a9
9c5
9cd
a06
a4b
a5f
a6c
a74
aa0
aa8
ac1
aed
af4
b75
c06
c48
c94
ca1
ce6
ce7
ce9
d04
d22
d23
d32
d33
d3d
d3e
d3f
d40
d41
d42
d43
d44
d45
979
9cf
9d7
a11
a2f
a55
a75
a7d
aa9
ab2
ac8
af5
afb
b89
c11
c52
c9e
cab
cee
cef
cf1
d0e
d2a
d2b
d3d
d3e
d46
d47
d48
d49
d4a
d4b
d4c
d4d
d4e
983
9d9
9e1
a1b
a39
a5d
a7e
a86
a9c
ab1
aba
ad4
afc
b9d
c1c
c5c
ca8
cb3
cbf
cc0
cc1
cfb
cfc
d1a
d46
d47
d4f
d50
d51
d52
d53
d54
d55
d56
d57
98d
9b1
9e8
a23
a2d
a42
a87
a8f
aa5
abb
ac3
ad5
adc
baf
c26
c65
c80
c84
cc9
cca
ccb
d05
d06
d24
d4f
d50
d58
d59
d5a
d5b
d5c
d5d
d5e
d5f
d60
997
9af
9b9
9f3
a37
a4d
a90
a97
aae
ac4
aca
add
ae5
b4d
c31
c6f
c7e
c8e
cd3
cd4
cd5
d0f
d10
d2c
d34
d35
d58
d59
d61
d62
d63
d64
d65
d66
d67
9dd
9f7
9ff
a39
a7a
a8e
aa1
acc
ad4
ae9
afc
b0d
b15
b59
b9d
c77
cb3
cc6
cd4
d18
d19
d1b
d36
d51
d68
d69
d6a
d6b
d6c
d6d
d6e
d6f
d70
d71
d72
9e5
a01
a09
a42
a83
a95
aa2
aaa
ad5
adc
af1
b13
b1b
b6d
baf
c48
c84
cd0
cdd
d22
d23
d25
d3f
d5a
d68
d69
d73
d74
d75
d76
d77
d78
d79
d7a
d7b
9b5
a0b
a13
a4d
a6a
a8c
aab
ab3
add
ae5
af8
b19
b20
b4d
b84
c52
c8e
cda
ce7
d2a
d2b
d2d
d48
d61
d73
d74
d7c
d7d
d7e
d7f
d80
d81
d82
d83
d84
9bf
a15
a1d
a57
a73
a93
ab4
abc
ad0
ae4
aec
b03
b1e
b61
b98
c5c
c98
ce4
cef
cfb
cfc
cfd
d37
d52
d7c
d7d
d85
d86
d87
d88
d89
d8a
d8b
d8c
d8d
9c9
9ed
a24
a5f
a68
a7b
abd
ac5
ad8
aed
af4
b01
b09
b75
bab
c65
ca1
cbc
cc0
d05
d06
d07
d40
d5b
d85
d86
d8e
d8f
d90
d91
d92
d93
d94
d95
d96
9d3
9eb
9f5
a2f
a71
a85
ac6
acd
ae0
af5
afb
b07
b0f
b45
b89
c6f
cab
cba
cca
d0f
d10
d11
d49
d62
d6a
d6b
d8e
d8f
d97
d98
d99
d9a
d9b
d9c
d9d
a19
a33
a3b
a73
ab0
ac4
ad6
afa
b03
b12
b1e
b2e
b35
b96
b98
b9d
b9e
bb0
cb3
cef
d02
d10
d51
d53
d6c
d87
d9e
d9f
da0
da1
da2
da3
da4
da5
da6
a21
a3d
a45
a7b
ab9
acb
ad3
ade
b01
b09
b18
b33
b3a
b4e
ba9
bab
baf
bb0
c84
cc0
d0c
d19
d5a
d5c
d75
d90
d9e
da7
da8
da9
daa
dab
dac
dad
dae
9f1
a47
a4f
a85
aa0
ac2
adb
ae6
b07
b0f
b1d
b38
b3e
b45
b4b
b4d
b4e
b62
c8e
cca
d16
d23
d61
d63
d7e
d97
da7
daf
db0
db1
db2
db3
db4
db5
db6
9fb
a51
a59
a8e
aa9
ac9
ae3
aee
b00
b0d
b15
b26
b3c
b59
b5f
b61
b62
b76
c98
cd4
d20
d2b
d37
d38
d6d
d88
daf
db7
db8
db9
dba
dbb
dbc
dbd
dbe
a05
a29
a60
a95
a9e
ab1
aeb
af6
b06
b13
b1b
b24
b2b
b6d
b73
b75
b76
b8a
ca1
cdd
cf8
cfc
d40
d41
d76
d91
db7
dbf
dc0
dc1
dc2
dc3
dc4
dc5
dc6
a0f
a27
a31
a6a
aa7
abb
af3
afd
b0c
b19
b20
b29
b30
b82
b84
b89
b8a
b9e
cab
ce7
cf6
d06
d49
d4a
d7f
d98
d9f
dbf
dc7
dc8
dc9
dca
dcb
dcc
dcd
8ac
8bd
8c1
a55
a6e
a75
aa9
ae2
af5
b04
b1f
b26
b3c
b5f
b87
b89
b8b
b8c
b98
bf0
bfa
cef
d2b
d3d
d87
d89
da0
db8
dce
dcf
dd0
dd1
dd2
dd3
dd4
8c0
8d1
8d5
a5d
a77
a7e
ab1
aea
afc
b02
b0a
b24
b2b
b73
b9b
b9d
b9f
ba0
bab
bc0
bfa
cc0
cfc
d46
d90
d92
da8
dc0
dce
dd5
dd6
dd7
dd8
dd9
dda
8d4
8e3
8e7
a2d
a80
a87
abb
ad5
af2
b08
b10
b29
b30
b45
b82
ba6
baf
bb1
bb2
bc0
bcc
cca
d06
d4f
d97
d99
db0
dc7
dd5
ddb
ddc
ddd
dde
ddf
de0
881
885
8e6
a37
a89
a90
ac4
add
af9
b0e
b16
b2e
b35
b48
b4d
b4f
b50
b59
b96
bcc
bd8
cd4
d10
d58
d6d
d6e
da1
db9
ddb
de1
de2
de3
de4
de5
de6
884
895
899
a41
a65
a96
acb
ad2
ae4
b14
b1c
b33
b3a
b5c
b61
b63
b64
b6d
ba9
bd8
be4
cdd
d19
d34
d76
d77
da9
dc1
de1
de7
de8
de9
dea
deb
dec
898
8a9
8ad
a4b
a63
a6c
aa0
ada
aed
b1a
b21
b38
b3e
b4b
b70
b75
b77
b78
b84
be4
bf0
ce7
d23
d32
d7f
d80
db1
dc8
dcf
de7
ded
dee
def
df0
df1
885
8b6
8e2
8e6
90b
916
a8c
aa4
aab
add
b19
b27
b3d
b48
b4d
b4f
b51
b5f
b83
b84
b85
be5
c34
c3d
d2b
d73
db8
dba
dd0
df2
df3
df4
df5
df6
df7
880
884
899
8ca
917
922
a93
aad
ab4
ae4
b1e
b25
b2c
b5c
b61
b63
b65
b73
b97
b98
b99
bf1
c08
c3d
cfc
d7c
dc0
dc2
dd6
df2
df8
df9
dfa
dfb
dfc
894
898
8ad
8dd
923
92d
a68
ab6
abd
aed
b01
b2a
b31
b70
b75
b77
b79
b82
baa
bab
bac
bfb
c08
c13
d06
d85
dc7
dc9
ddc
df8
dfd
dfe
dff
e00
e01
877
8a8
8ac
8c1
8f2
92c
a71
abf
ac6
af5
b07
b2f
b36
b44
b45
b46
b87
b89
b8b
b8d
b96
bc1
c13
c1e
d10
d8e
da1
da2
de2
dfd
e02
e03
e04
e05
e06
88b
8bc
8c0
8d5
8f3
8fe
a7a
a9b
acc
afc
b0d
b34
b3b
b58
b59
b5a
b9b
b9d
b9f
ba1
ba9
bcd
c1e
c29
d19
d6a
da9
daa
de8
e02
e07
e08
e09
e0a
e0b
89f
8d0
8d4
8e7
8ff
90a
a83
a99
aa2
ad5
b13
b39
b3f
b4b
b6c
b6d
b6e
ba6
baf
bb1
bb3
bd9
c29
c34
d23
d68
db1
db2
ded
df3
e07
e0c
e0d
e0e
e0f
b52
bb4
bc2
be2
bfb
bfc
c1f
c2a
d92
da7
dab
dd7
e08
e10
e11
e12
e13
e14
e15
e16
e17
e18
e19
e1a
e1b
e1c
e1d
e1e
e1f
e20
e21
e22
e23
e24
e25
b53
b66
bc1
bc3
bce
bee
c2b
c35
d99
daf
db3
ddd
e0c
e10
e11
e26
e27
e28
e29
e2a
e2b
e2c
e2d
e2e
e2f
e30
e31
e32
e33
e34
e35
e36
e37
e38
e39
b67
b7a
bcd
bcf
bda
bf8
c36
c3e
d6e
db7
dbb
de3
df4
e26
e27
e3a
e3b
e3c
e3d
e3e
e3f
e40
e41
e42
e43
e44
e45
e46
e47
e48
e49
e4a
e4b
e4c
e4d
b7b
b8e
bbc
bd9
bdb
be6
c09
c3f
d77
dbf
dc3
de9
df9
e3a
e3b
e4e
e4f
e50
e51
e52
e53
e54
e55
e56
e57
e58
e59
e5a
e5b
e5c
e5d
e5e
e5f
e60
e61
b8f
ba2
bc8
be5
be7
bf2
c0a
c14
d80
d9f
dca
dee
dfe
e4e
e4f
e62
e63
e64
e65
e66
e67
e68
e69
e6a
e6b
e6c
e6d
e6e
e6f
e70
e71
e72
e73
e74
e75
ba3
bb5
bd4
bf1
bf3
bfd
c15
c20
d89
d9e
da3
dd1
e03
e12
e13
e62
e63
e76
e77
e78
e79
e7a
e7b
e7c
e7d
e7e
e7f
e80
e81
e82
e83
e84
e85
e86
e87
b74
ba4
bc4
bfe
c09
c27
c3f
c5e
c68
dc2
dd5
dd8
df9
e14
e15
e16
e17
e50
e51
e52
e76
e88
e89
e8a
e8b
e8c
e8d
e8e
e8f
e90
e91
e92
e93
e94
e95
b88
bb6
bc5
bd0
c0a
c14
c32
c69
c72
dc9
ddb
dde
dfe
e18
e28
e29
e2a
e2b
e64
e65
e66
e88
e89
e96
e97
e98
e99
e9a
e9b
e9c
e9d
e9e
e9f
ea0
ea1
b54
b9c
bd1
bdc
c15
c20
c3b
c73
c7a
da2
de1
de4
e03
e2c
e3c
e3d
e3e
e3f
e77
e78
e79
e96
e97
ea2
ea3
ea4
ea5
ea6
ea7
ea8
ea9
eaa
eab
eac
ead
b68
bae
bdd
be8
c04
c1f
c2a
c4a
c7b
daa
de7
dea
e08
e19
e1a
e1b
e40
e53
e54
e55
e56
ea2
ea3
eae
eaf
eb0
eb1
eb2
eb3
eb4
eb5
eb6
eb7
eb8
eb9
b4c
b7c
be9
bf4
c0f
c2b
c35
c4b
c54
db2
dcf
def
e0c
e2d
e2e
e2f
e57
e67
e68
e69
e6a
eae
eaf
eba
ebb
ebc
ebd
ebe
ebf
ec0
ec1
ec2
ec3
ec4
ec5
b60
b90
bf5
bff
c1a
c36
c3e
c55
c5f
dba
dce
dd2
df4
e41
e42
e43
e6b
e7a
e7b
e7c
e7d
e8a
e8b
eba
ebb
ec6
ec7
ec8
ec9
eca
ecb
ecc
ecd
ece
ecf
b64
b68
bd7
bf3
c0b
c40
c4a
c66
c7b
c9a
ca4
df8
dfa
e40
e50
e51
e52
e58
e7a
e8c
eb0
eb1
ed0
ed1
ed2
ed3
ed4
ed5
ed6
ed7
ed8
ed9
eda
edb
edc
b78
b7c
be3
bfc
c0c
c16
c4b
c54
c70
ca5
cae
dfd
dff
e14
e57
e64
e65
e66
e6c
e98
ebc
ebd
ed0
ed1
edd
ede
edf
ee0
ee1
ee2
ee3
ee4
ee5
ee6
ee7
b8c
b90
bc3
bef
c17
c21
c55
c5f
c78
caf
cb6
e02
e04
e28
e6b
e77
e78
e79
e7e
ea4
ec6
ec7
edd
ede
ee8
ee9
eea
eeb
eec
eed
eee
eef
ef0
ef1
ef2
ba0
ba4
bcf
bf9
c22
c2c
c46
c5e
c68
c86
cb7
e07
e09
e19
e1a
e1b
e1c
e3c
e76
e8d
e8e
eb2
ee8
ee9
ef3
ef4
ef5
ef6
ef7
ef8
ef9
efa
efb
efc
efd
bb2
bb6
bbf
bdb
c2d
c37
c50
c69
c72
c87
c90
df3
e0d
e18
e2d
e2e
e2f
e30
e53
e99
e9a
ebe
ef3
ef4
efe
eff
f00
f01
f02
f03
f04
f05
f06
f07
f08
b50
b54
bcb
be7
c38
c41
c5a
c73
c7a
c91
c9b
df2
df5
e2c
e41
e42
e43
e44
e67
ea5
ea6
ec8
ed2
ed3
efe
eff
f09
f0a
f0b
f0c
f0d
f0e
f0f
f10
f11
b57
b67
bcd
bcf
c1d
c36
c4c
c7c
c86
ca2
cb7
cd6
ce0
e26
e3c
e40
e42
eb0
eb1
eb3
ed4
ef5
ef6
f12
f13
f14
f15
f16
f17
f18
f19
f1a
f1b
f1c
f1d
b6b
b7b
bd9
bdb
c28
c3f
c4d
c56
c87
c90
cac
ce1
cea
e3a
e51
e53
e57
ebc
ebd
ebf
edf
f00
f01
f12
f13
f1e
f1f
f20
f21
f22
f23
f24
f25
f26
f27
b7f
b8f
be5
be7
c0a
c33
c57
c60
c91
c9b
cb4
ceb
cf2
e4e
e65
e67
e6b
ec6
ec7
ec9
eea
f09
f0a
f1e
f1f
f28
f29
f2a
f2b
f2c
f2d
f2e
f2f
f30
f31
b93
ba3
bf1
bf3
c15
c3c
c61
c6a
c82
c9a
ca4
cc2
cf3
e62
e76
e78
e7a
e8d
e8e
e8f
ed5
ed6
ef7
f28
f29
f32
f33
f34
f35
f36
f37
f38
f39
f3a
f3b
b43
bb4
bfb
bfc
c07
c1f
c6b
c74
c8c
ca5
cae
cc3
ccc
e12
e14
e18
e1a
e99
e9a
e9b
ee0
ee1
f02
f32
f33
f3c
f3d
f3e
f3f
f40
f41
f42
f43
f44
f45
b41
b53
bc1
bc3
c12
c2b
c75
c7d
c96
caf
cb6
ccd
cd7
e10
e28
e2c
e2e
ea5
ea6
ea7
eeb
eec
f0b
f14
f15
f3c
f3d
f46
f47
f48
f49
f4a
f4b
f4c
f4d
b9c
bc7
bd1
c15
c5d
c73
c88
cb8
cc2
cde
cf3
d12
d1c
e3c
e78
e96
ea6
ef5
ef6
ef8
f16
f34
f35
f4e
f4f
f50
f51
f52
f53
f54
f55
f56
f57
f58
f59
bae
bd3
bdd
c1f
c67
c7b
c89
c92
cc3
ccc
ce8
d1d
d26
e1a
e53
ea2
eb1
f00
f01
f03
f20
f3e
f3f
f4e
f4f
f5a
f5b
f5c
f5d
f5e
f5f
f60
f61
f62
f63
b4c
bdf
be9
c2b
c4b
c71
c93
c9c
ccd
cd7
cf0
d27
d2e
e2e
e67
eae
ebd
f09
f0a
f0c
f2a
f46
f47
f5a
f5b
f64
f65
f66
f67
f68
f69
f6a
f6b
f6c
f6d
b60
beb
bf5
c36
c55
c79
c9d
ca6
cbe
cd6
ce0
cfe
d2f
e42
e7a
eba
ec7
ed5
ed6
ed7
f17
f18
f36
f64
f65
f6e
f6f
f70
f71
f72
f73
f74
f75
f76
f77
b74
bbb
bfe
c3f
c49
c5e
ca7
cb0
cc8
ce1
cea
cff
d08
e14
e51
e8a
e8e
ee0
ee1
ee2
f21
f22
f40
f6e
f6f
f78
f79
f7a
f7b
f7c
f7d
f7e
f7f
f80
f81
b88
bb9
bc5
c0a
c53
c69
cb1
cb9
cd2
ceb
cf2
d09
d13
e28
e65
e88
e9a
eeb
eec
eed
f2b
f2c
f48
f50
f51
f78
f79
f82
f83
f84
f85
f86
f87
f88
f89
bef
c0e
c17
c55
c99
caf
cc4
cf4
cfe
d1a
d2f
d4b
d54
e78
ec7
edd
eec
f34
f35
f37
f52
f70
f71
f8a
f8b
f8c
f8d
f8e
f8f
f90
f91
f92
f93
f94
f95
bf9
c19
c22
c5e
ca3
cb7
cc5
cce
cff
d08
d24
d55
d5d
e1a
e8e
ee8
ef6
f3e
f3f
f41
f5c
f7a
f7b
f8a
f8b
f96
f97
f98
f99
f9a
f9b
f9c
f9d
f9e
f9f
bbf
c24
c2d
c69
c87
cad
ccf
cd8
d09
d13
d2c
d5e
d64
e2e
e9a
ef3
f01
f46
f47
f49
f66
f82
f83
f96
f97
fa0
fa1
fa2
fa3
fa4
fa5
fa6
fa7
fa8
fa9
bcb
c2f
c38
c73
c91
cb5
cd9
ce2
cfa
d12
d1c
d39
d65
e42
ea6
efe
f0a
f17
f18
f19
f53
f54
f72
fa0
fa1
faa
fab
fac
fad
fae
faf
fb0
fb1
fb2
fb3
bd7
c03
c40
c7b
c85
c9a
ce3
cec
d04
d1d
d26
d3a
d42
e51
eb1
ed2
ed6
f21
f22
f23
f5d
f5e
f7c
faa
fab
fb4
fb5
fb6
fb7
fb8
fb9
fba
fbb
fbc
fbd
be3
c01
c0c
c4b
c8f
ca5
ced
cf5
d0e
d27
d2e
d43
d4c
e65
ebd
ed0
ee1
f2b
f2c
f2d
f67
f68
f84
f8c
f8d
fb4
fb5
fbe
fbf
fc0
fc1
fc2
fc3
fc4
fc5
c33
c4f
c57
c91
cd5
ceb
d00
d30
d39
d52
d65
d81
d8a
ec7
f0a
f1e
f2c
f70
f71
f73
f8e
fac
fad
fc6
fc7
fc8
fc9
fca
fcb
fcc
fcd
fce
fcf
fd0
fd1
c3c
c59
c61
c9a
cdf
cf3
d01
d0a
d3a
d42
d5b
d8b
d93
e8e
ed6
f28
f35
f7a
f7b
f7d
f98
fb6
fb7
fc6
fc7
fd2
fd3
fd4
fd5
fd6
fd7
fd8
fd9
fda
fdb
c07
c63
c6b
ca5
cc3
ce9
d0b
d14
d43
d4c
d62
d94
d9a
e9a
ee1
f32
f3f
f82
f83
f85
fa2
fbe
fbf
fd2
fd3
fdc
fdd
fde
fdf
fe0
fe1
fe2
fe3
fe4
fe5
c12
c6d
c75
caf
ccd
cf1
d15
d1e
d36
d4b
d54
d6f
d9b
ea6
eec
f3c
f47
f53
f54
f55
f8f
f90
fae
fdc
fdd
fe6
fe7
fe8
fe9
fea
feb
fec
fed
fee
fef
c1d
c45
c7c
cb7
cc1
cd6
d1f
d28
d3f
d55
d5d
d70
d78
eb1
ef6
f14
f18
f5d
f5e
f5f
f99
f9a
fb8
fe6
fe7
ff0
ff1
ff2
ff3
ff4
ff5
ff6
ff7
ff8
ff9
c28
c43
c4d
c87
ccb
ce1
d29
d31
d48
d5e
d64
d79
d82
ebd
f01
f12
f22
f67
f68
f69
fa3
fa4
fc0
fc8
fc9
ff0
ff1
ffa
ffb
ffc
ffd
ffe
fff
1000
1001
c71
c8b
c93
ccd
d11
d27
d3b
d66
d6f
d88
d9b
db4
dbc
e31
f0a
f47
f5a
f68
fac
fad
faf
fca
fe8
fe9
1002
1003
1004
1005
1006
1007
1008
1009
100a
100b
100c
c79
c95
c9d
cd6
d1b
d2f
d3c
d44
d70
d78
d91
dbd
dc4
e45
ed6
f18
f64
f71
fb6
fb7
fb9
fd4
ff2
ff3
1002
1003
100d
100e
100f
1010
1011
1012
1013
1014
1015
c49
c9f
ca7
ce1
cff
d25
d45
d4d
d79
d82
d98
dc5
dcb
e59
ee1
f22
f6e
f7b
fbe
fbf
fc1
fde
ffa
ffb
100d
100e
1016
1017
1018
1019
101a
101b
101c
101d
101e
c53
ca9
cb1
ceb
d09
d2d
d4e
d56
d6c
d81
d8a
da4
dcc
e6d
eec
f2c
f78
f83
f8f
f90
f91
fcb
fcc
fea
1016
1017
101f
1020
1021
1022
1023
1024
1025
1026
1027
c5d
c81
cb8
cf3
cfd
d12
d57
d5f
d75
d8b
d93
da5
dac
e7f
ef6
f35
f50
f54
f99
f9a
f9b
fd5
fd6
ff4
101f
1020
1028
1029
102a
102b
102c
102d
102e
102f
1030
c67
c7f
c89
cc3
d07
d1d
d60
d67
d7e
d94
d9a
dad
db5
e1d
f01
f3f
f4e
f5e
fa3
fa4
fa5
fdf
fe0
ffc
1004
1005
1028
1029
1031
1032
1033
1034
1035
1036
1037
cad
cc7
ccf
d09
d4a
d5e
d71
d9c
da4
db9
dcc
ddd
de5
e29
e6d
f47
f83
f96
fa4
fe8
fe9
feb
1006
1021
1038
1039
103a
103b
103c
103d
103e
103f
1040
1041
1042
cb5
cd1
cd9
d12
d53
d65
d72
d7a
da5
dac
dc1
de3
deb
e3d
e7f
f18
f54
fa0
fad
ff2
ff3
ff5
100f
102a
1038
1039
1043
1044
1045
1046
1047
1048
1049
104a
104b
c85
cdb
ce3
d1d
d3a
d5c
d7b
d83
dad
db5
dc8
de9
df0
e1d
e54
f22
f5e
faa
fb7
ffa
ffb
ffd
1018
1031
1043
1044
104c
104d
104e
104f
1050
1051
1052
1053
1054
c8f
ce5
ced
d27
d43
d63
d84
d8c
da0
db4
dbc
dd3
dee
e31
e68
f2c
f68
fb4
fbf
fcb
fcc
fcd
1007
1022
104c
104d
1055
1056
1057
1058
1059
105a
105b
105c
105d
c99
cbd
cf4
d2f
d38
d4b
d8d
d95
da8
dbd
dc4
dd1
dd9
e45
e7b
f35
f71
f8c
f90
fd5
fd6
fd7
1010
102b
1055
1056
105e
105f
1060
1061
1062
1063
1064
1065
1066
ca3
cbb
cc5
cff
d41
d55
d96
d9d
db0
dc5
dcb
dd7
ddf
e15
e59
f3f
f7b
f8a
f9a
fdf
fe0
fe1
1019
1032
103a
103b
105e
105f
1067
1068
1069
106a
106b
106c
106d
ce9
d03
d0b
d43
d80
d94
da6
dca
dd3
de2
dee
dfe
e05
e66
e68
e6d
e6e
e80
f83
fbf
fd2
fe0
1021
1023
103c
1057
106e
106f
1070
1071
1072
1073
1074
1075
1076
cf1
d0d
d15
d4b
d89
d9b
da3
dae
dd1
dd9
de8
e03
e0a
e1e
e79
e7b
e7f
e80
f54
f90
fdc
fe9
102a
102c
1045
1060
106e
1077
1078
1079
107a
107b
107c
107d
107e
cc1
d17
d1f
d55
d70
d92
dab
db6
dd7
ddf
ded
e08
e0e
e15
e1b
e1d
e1e
e32
f5e
f9a
fe6
ff3
1031
1033
104e
1067
1077
107f
1080
1081
1082
1083
1084
1085
1086
ccb
d21
d29
d5e
d79
d99
db3
dbe
dd0
ddd
de5
df6
e0c
e29
e2f
e31
e32
e46
f68
fa4
ff0
ffb
1007
1008
103d
1058
107f
1087
1088
1089
108a
108b
108c
108d
108e
cd5
cf9
d30
d65
d6e
d81
dbb
dc6
dd6
de3
deb
df4
dfb
e3d
e43
e45
e46
e5a
f71
fad
fc8
fcc
1010
1011
1046
1061
1087
108f
1090
1091
1092
1093
1094
1095
1096
cdf
cf7
d01
d3a
d77
d8b
dc3
dcd
ddc
de9
df0
df9
e00
e52
e54
e59
e5a
e6e
f7b
fb7
fc6
fd6
1019
101a
104f
1068
106f
108f
1097
1098
1099
109a
109b
109c
109d
b7c
b8d
b91
d25
d3e
d45
d79
db2
dc5
dd4
def
df6
e0c
e2f
e57
e59
e5b
e5c
e68
ec0
eca
fbf
ffb
100d
1057
1059
1070
1088
109e
109f
10a0
10a1
10a2
10a3
10a4
b90
ba1
ba5
d2d
d47
d4e
d81
dba
dcc
dd2
dda
df4
dfb
e43
e6b
e6d
e6f
e70
e7b
e90
eca
f90
fcc
1016
1060
1062
1078
1090
109e
10a5
10a6
10a7
10a8
10a9
10aa
ba4
bb3
bb7
cfd
d50
d57
d8b
da5
dc2
dd8
de0
df9
e00
e15
e52
e76
e7f
e81
e82
e90
e9c
f9a
fd6
101f
1067
1069
1080
1097
10a5
10ab
10ac
10ad
10ae
10af
10b0
b51
b55
bb6
d07
d59
d60
d94
dad
dc9
dde
de6
dfe
e05
e18
e1d
e1f
e20
e29
e66
e9c
ea8
fa4
fe0
1028
103d
103e
1071
1089
10ab
10b1
10b2
10b3
10b4
10b5
10b6
b54
b65
b69
d11
d35
d66
d9b
da2
db4
de4
dec
e03
e0a
e2c
e31
e33
e34
e3d
e79
ea8
eb4
fad
fe9
1004
1046
1047
1079
1091
10b1
10b7
10b8
10b9
10ba
10bb
10bc
b68
b79
b7d
d1b
d33
d3c
d70
daa
dbd
dea
df1
e08
e0e
e1b
e40
e45
e47
e48
e54
eb4
ec0
fb7
ff3
1002
104f
1050
1081
1098
109f
10b7
10bd
10be
10bf
10c0
10c1
b55
b86
bb2
bb6
bdb
be6
d5c
d74
d7b
dad
de9
df7
e0d
e18
e1d
e1f
e21
e2f
e53
e54
e55
eb5
f04
f0d
ffb
1043
1088
108a
10a0
10c2
10c3
10c4
10c5
10c6
10c7
b50
b54
b69
b9a
be7
bf2
d63
d7d
d84
db4
dee
df5
dfc
e2c
e31
e33
e35
e43
e67
e68
e69
ec1
ed8
f0d
fcc
104c
1090
1092
10a6
10c2
10c8
10c9
10ca
10cb
10cc
b64
b68
b7d
bad
bf3
bfd
d38
d86
d8d
dbd
dd1
dfa
e01
e40
e45
e47
e49
e52
e7a
e7b
e7c
ecb
ed8
ee3
fd6
1055
1097
1099
10ac
10c8
10cd
10ce
10cf
10d0
10d1
b47
b78
b7c
b91
bc2
bfc
d41
d8f
d96
dc5
dd7
dff
e06
e14
e15
e16
e57
e59
e5b
e5d
e66
e91
ee3
eee
fe0
105e
1071
1072
10b2
10cd
10d2
10d3
10d4
10d5
10d6
b5b
b8c
b90
ba5
bc3
bce
d4a
d6b
d9c
dcc
ddd
e04
e0b
e28
e29
e2a
e6b
e6d
e6f
e71
e79
e9d
eee
ef9
fe9
103a
1079
107a
10b8
10d2
10d7
10d8
10d9
10da
10db
b6f
ba0
ba4
bb7
bcf
bda
d53
d69
d72
da5
de3
e09
e0f
e1b
e3c
e3d
e3e
e76
e7f
e81
e83
ea9
ef9
f04
ff3
1038
1081
1082
10bd
10c3
10d7
10dc
10dd
10de
10df
e22
e84
e92
eb2
ecb
ecc
eef
efa
1062
1077
107b
10a7
10d8
10e0
10e1
10e2
10e3
10e4
10e5
10e6
10e7
10e8
10e9
10ea
10eb
10ec
10ed
10ee
10ef
10f0
10f1
10f2
10f3
10f4
10f5
e23
e36
e91
e93
e9e
ebe
efb
f05
1069
107f
1083
10ad
10dc
10e0
10e1
10f6
10f7
10f8
10f9
10fa
10fb
10fc
10fd
10fe
10ff
1100
1101
1102
1103
1104
1105
1106
1107
1108
1109
e37
e4a
e9d
e9f
eaa
ec8
f06
f0e
103e
1087
108b
10b3
10c4
10f6
10f7
110a
110b
110c
110d
110e
110f
1110
1111
1112
1113
1114
1115
1116
1117
1118
1119
111a
111b
111c
111d
e4b
e5e
e8c
ea9
eab
eb6
ed9
f0f
1047
108f
1093
10b9
10c9
110a
110b
111e
111f
1120
1121
1122
1123
1124
1125
1126
1127
1128
1129
112a
112b
112c
112d
112e
112f
1130
1131
e5f
e72
e98
eb5
eb7
ec2
eda
ee4
1050
106f
109a
10be
10ce
111e
111f
1132
1133
1134
1135
1136
1137
1138
1139
113a
113b
113c
113d
113e
113f
1140
1141
1142
1143
1144
1145
e73
e85
ea4
ec1
ec3
ecd
ee5
ef0
1059
106e
1073
10a1
10d3
10e2
10e3
1132
1133
1146
1147
1148
1149
114a
114b
114c
114d
114e
114f
1150
1151
1152
1153
1154
1155
1156
1157
e44
e74
e94
ece
ed9
ef7
f0f
f2e
f38
1092
10a5
10a8
10c9
10e4
10e5
10e6
10e7
1120
1121
1122
1146
1158
1159
115a
115b
115c
115d
115e
115f
1160
1161
1162
1163
1164
1165
e58
e86
e95
ea0
eda
ee4
f02
f39
f42
1099
10ab
10ae
10ce
10e8
10f8
10f9
10fa
10fb
1134
1135
1136
1158
1159
1166
1167
1168
1169
116a
116b
116c
116d
116e
116f
1170
1171
e24
e6c
ea1
eac
ee5
ef0
f0b
f43
f4a
1072
10b1
10b4
10d3
10fc
110c
110d
110e
110f
1147
1148
1149
1166
1167
1172
1173
1174
1175
1176
1177
1178
1179
117a
117b
117c
117d
e38
e7e
ead
eb8
ed4
eef
efa
f1a
f4b
107a
10b7
10ba
10d8
10e9
10ea
10eb
1110
1123
1124
1125
1126
1172
1173
117e
117f
1180
1181
1182
1183
1184
1185
1186
1187
1188
1189
e1c
e4c
eb9
ec4
edf
efb
f05
f1b
f24
1082
109f
10bf
10dc
10fd
10fe
10ff
1127
1137
1138
1139
113a
117e
117f
118a
118b
118c
118d
118e
118f
1190
1191
1192
1193
1194
1195
e30
e60
ec5
ecf
eea
f06
f0e
f25
f2f
108a
109e
10a2
10c4
1111
1112
1113
113b
114a
114b
114c
114d
115a
115b
118a
118b
1196
1197
1198
1199
119a
119b
119c
119d
119e
119f
e34
e38
ea7
ec3
edb
f10
f1a
f36
f4b
f6a
f74
10c8
10ca
1110
1120
1121
1122
1128
114a
115c
1180
1181
11a0
11a1
11a2
11a3
11a4
11a5
11a6
11a7
11a8
11a9
11aa
11ab
11ac
e48
e4c
eb3
ecc
edc
ee6
f1b
f24
f40
f75
f7e
10cd
10cf
10e4
1127
1134
1135
1136
113c
1168
118c
118d
11a0
11a1
11ad
11ae
11af
11b0
11b1
11b2
11b3
11b4
11b5
11b6
11b7
e5c
e60
e93
ebf
ee7
ef1
f25
f2f
f48
f7f
f86
10d2
10d4
10f8
113b
1147
1148
1149
114e
1174
1196
1197
11ad
11ae
11b8
11b9
11ba
11bb
11bc
11bd
11be
11bf
11c0
11c1
11c2
e70
e74
e9f
ec9
ef2
efc
f16
f2e
f38
f56
f87
10d7
10d9
10e9
10ea
10eb
10ec
110c
1146
115d
115e
1182
11b8
11b9
11c3
11c4
11c5
11c6
11c7
11c8
11c9
11ca
11cb
11cc
11cd
e82
e86
e8f
eab
efd
f07
f20
f39
f42
f57
f60
10c3
10dd
10e8
10fd
10fe
10ff
1100
1123
1169
116a
118e
11c3
11c4
11ce
11cf
11d0
11d1
11d2
11d3
11d4
11d5
11d6
11d7
11d8
e20
e24
e9b
eb7
f08
f11
f2a
f43
f4a
f61
f6b
10c2
10c5
10fc
1111
1112
1113
1114
1137
1175
1176
1198
11a2
11a3
11ce
11cf
11d9
11da
11db
11dc
11dd
11de
11df
11e0
11e1
e27
e37
e9d
e9f
eed
f06
f1c
f4c
f56
f72
f87
fa6
fb0
10f6
110c
1110
1112
1180
1181
1183
11a4
11c5
11c6
11e2
11e3
11e4
11e5
11e6
11e7
11e8
11e9
11ea
11eb
11ec
11ed
e3b
e4b
ea9
eab
ef8
f0f
f1d
f26
f57
f60
f7c
fb1
fba
110a
1121
1123
1127
118c
118d
118f
11af
11d0
11d1
11e2
11e3
11ee
11ef
11f0
11f1
11f2
11f3
11f4
11f5
11f6
11f7
e4f
e5f
eb5
eb7
eda
f03
f27
f30
f61
f6b
f84
fbb
fc2
111e
1135
1137
113b
1196
1197
1199
11ba
11d9
11da
11ee
11ef
11f8
11f9
11fa
11fb
11fc
11fd
11fe
11ff
1200
1201
e63
e73
ec1
ec3
ee5
f0c
f31
f3a
f52
f6a
f74
f92
fc3
1132
1146
1148
114a
115d
115e
115f
11a5
11a6
11c7
11f8
11f9
1202
1203
1204
1205
1206
1207
1208
1209
120a
120b
e13
e84
ecb
ecc
ed7
eef
f3b
f44
f5c
f75
f7e
f93
f9c
10e2
10e4
10e8
10ea
1169
116a
116b
11b0
11b1
11d2
1202
1203
120c
120d
120e
120f
1210
1211
1212
1213
1214
1215
e11
e23
e91
e93
ee2
efb
f45
f4d
f66
f7f
f86
f9d
fa7
10e0
10f8
10fc
10fe
1175
1176
1177
11bb
11bc
11db
11e4
11e5
120c
120d
1216
1217
1218
1219
121a
121b
121c
121d
e6c
e97
ea1
ee5
f2d
f43
f58
f88
f92
fae
fc3
fe2
fec
110c
1148
1166
1176
11c5
11c6
11c8
11e6
1204
1205
121e
121f
1220
1221
1222
1223
1224
1225
1226
1227
1228
1229
e7e
ea3
ead
eef
f37
f4b
f59
f62
f93
f9c
fb8
fed
ff6
10ea
1123
1172
1181
11d0
11d1
11d3
11f0
120e
120f
121e
121f
122a
122b
122c
122d
122e
122f
1230
1231
1232
1233
e1c
eaf
eb9
efb
f1b
f41
f63
f6c
f9d
fa7
fc0
ff7
ffe
10fe
1137
117e
118d
11d9
11da
11dc
11fa
1216
1217
122a
122b
1234
1235
1236
1237
1238
1239
123a
123b
123c
123d
e30
ebb
ec5
f06
f25
f49
f6d
f76
f8e
fa6
fb0
fce
fff
1112
114a
118a
1197
11a5
11a6
11a7
11e7
11e8
1206
1234
1235
123e
123f
1240
1241
1242
1243
1244
1245
1246
1247
e44
e8b
ece
f0f
f19
f2e
f77
f80
f98
fb1
fba
fcf
fd8
10e4
1121
115a
115e
11b0
11b1
11b2
11f1
11f2
1210
123e
123f
1248
1249
124a
124b
124c
124d
124e
124f
1250
1251
e58
e89
e95
eda
f23
f39
f81
f89
fa2
fbb
fc2
fd9
fe3
10f8
1135
1158
116a
11bb
11bc
11bd
11fb
11fc
1218
1220
1221
1248
1249
1252
1253
1254
1255
1256
1257
1258
1259
ebf
ede
ee7
f25
f69
f7f
f94
fc4
fce
fea
fff
101b
1024
1148
1197
11ad
11bc
1204
1205
1207
1222
1240
1241
125a
125b
125c
125d
125e
125f
1260
1261
1262
1263
1264
1265
ec9
ee9
ef2
f2e
f73
f87
f95
f9e
fcf
fd8
ff4
1025
102d
10ea
115e
11b8
11c6
120e
120f
1211
122c
124a
124b
125a
125b
1266
1267
1268
1269
126a
126b
126c
126d
126e
126f
e8f
ef4
efd
f39
f57
f7d
f9f
fa8
fd9
fe3
ffc
102e
1034
10fe
116a
11c3
11d1
1216
1217
1219
1236
1252
1253
1266
1267
1270
1271
1272
1273
1274
1275
1276
1277
1278
1279
e9b
eff
f08
f43
f61
f85
fa9
fb2
fca
fe2
fec
1009
1035
1112
1176
11ce
11da
11e7
11e8
11e9
1223
1224
1242
1270
1271
127a
127b
127c
127d
127e
127f
1280
1281
1282
1283
ea7
ed3
f10
f4b
f55
f6a
fb3
fbc
fd4
fed
ff6
100a
1012
1121
1181
11a2
11a6
11f1
11f2
11f3
122d
122e
124c
127a
127b
1284
1285
1286
1287
1288
1289
128a
128b
128c
128d
eb3
ed1
edc
f1b
f5f
f75
fbd
fc5
fde
ff7
ffe
1013
101c
1135
118d
11a0
11b1
11fb
11fc
11fd
1237
1238
1254
125c
125d
1284
1285
128e
128f
1290
1291
1292
1293
1294
1295
f03
f1f
f27
f61
fa5
fbb
fd0
1000
1009
1022
1035
1051
105a
1197
11da
11ee
11fc
1240
1241
1243
125e
127c
127d
1296
1297
1298
1299
129a
129b
129c
129d
129e
129f
12a0
12a1
f0c
f29
f31
f6a
faf
fc3
fd1
fda
100a
1012
102b
105b
1063
115e
11a6
11f8
1205
124a
124b
124d
1268
1286
1287
1296
1297
12a2
12a3
12a4
12a5
12a6
12a7
12a8
12a9
12aa
12ab
ed7
f33
f3b
f75
f93
fb9
fdb
fe4
1013
101c
1032
1064
106a
116a
11b1
1202
120f
1252
1253
1255
1272
128e
128f
12a2
12a3
12ac
12ad
12ae
12af
12b0
12b1
12b2
12b3
12b4
12b5
ee2
f3d
f45
f7f
f9d
fc1
fe5
fee
1006
101b
1024
103f
106b
1176
11bc
120c
1217
1223
1224
1225
125f
1260
127e
12ac
12ad
12b6
12b7
12b8
12b9
12ba
12bb
12bc
12bd
12be
12bf
eed
f15
f4c
f87
f91
fa6
fef
ff8
100f
1025
102d
1040
1048
1181
11c6
11e4
11e8
122d
122e
122f
1269
126a
1288
12b6
12b7
12c0
12c1
12c2
12c3
12c4
12c5
12c6
12c7
12c8
12c9
ef8
f13
f1d
f57
f9b
fb1
ff9
1001
1018
102e
1034
1049
1052
118d
11d1
11e2
11f2
1237
1238
1239
1273
1274
1290
1298
1299
12c0
12c1
12ca
12cb
12cc
12cd
12ce
12cf
12d0
12d1
f41
f5b
f63
f9d
fe1
ff7
100b
1036
103f
1058
106b
1084
108c
1101
11da
1217
122a
1238
127c
127d
127f
129a
12b8
12b9
12d2
12d3
12d4
12d5
12d6
12d7
12d8
12d9
12da
12db
12dc
f49
f65
f6d
fa6
feb
fff
100c
1014
1040
1048
1061
108d
1094
1115
11a6
11e8
1234
1241
1286
1287
1289
12a4
12c2
12c3
12d2
12d3
12dd
12de
12df
12e0
12e1
12e2
12e3
12e4
12e5
f19
f6f
f77
fb1
fcf
ff5
1015
101d
1049
1052
1068
1095
109b
1129
11b1
11f2
123e
124b
128e
128f
1291
12ae
12ca
12cb
12dd
12de
12e6
12e7
12e8
12e9
12ea
12eb
12ec
12ed
12ee
f23
f79
f81
fbb
fd9
ffd
101e
1026
103c
1051
105a
1074
109c
113d
11bc
11fc
1248
1253
125f
1260
1261
129b
129c
12ba
12e6
12e7
12ef
12f0
12f1
12f2
12f3
12f4
12f5
12f6
12f7
f2d
f51
f88
fc3
fcd
fe2
1027
102f
1045
105b
1063
1075
107c
114f
11c6
1205
1220
1224
1269
126a
126b
12a5
12a6
12c4
12ef
12f0
12f8
12f9
12fa
12fb
12fc
12fd
12fe
12ff
1300
f37
f4f
f59
f93
fd7
fed
1030
1037
104e
1064
106a
107d
1085
10ed
11d1
120f
121e
122e
1273
1274
1275
12af
12b0
12cc
12d4
12d5
12f8
12f9
1301
1302
1303
1304
1305
1306
1307
f7d
f97
f9f
fd9
101a
102e
1041
106c
1074
1089
109c
10ad
10b5
10f9
113d
1217
1253
1266
1274
12b8
12b9
12bb
12d6
12f1
1308
1309
130a
130b
130c
130d
130e
130f
1310
1311
1312
f85
fa1
fa9
fe2
1023
1035
1042
104a
1075
107c
1091
10b3
10bb
110d
114f
11e8
1224
1270
127d
12c2
12c3
12c5
12df
12fa
1308
1309
1313
1314
1315
1316
1317
1318
1319
131a
131b
f55
fab
fb3
fed
100a
102c
104b
1053
107d
1085
1098
10b9
10c0
10ed
1124
11f2
122e
127a
1287
12ca
12cb
12cd
12e8
1301
1313
1314
131c
131d
131e
131f
1320
1321
1322
1323
1324
f5f
fb5
fbd
ff7
1013
1033
1054
105c
1070
1084
108c
10a3
10be
1101
1138
11fc
1238
1284
128f
129b
129c
129d
12d7
12f2
131c
131d
1325
1326
1327
1328
1329
132a
132b
132c
132d
f69
f8d
fc4
fff
1008
101b
105d
1065
1078
108d
1094
10a1
10a9
1115
114b
1205
1241
125c
1260
12a5
12a6
12a7
12e0
12fb
1325
1326
132e
132f
1330
1331
1332
1333
1334
1335
1336
f73
f8b
f95
fcf
1011
1025
1066
106d
1080
1095
109b
10a7
10af
10e5
1129
120f
124b
125a
126a
12af
12b0
12b1
12e9
1302
130a
130b
132e
132f
1337
1338
1339
133a
133b
133c
133d
fb9
fd3
fdb
1013
1050
1064
1076
109a
10a3
10b2
10be
10ce
10d5
1136
1138
113d
113e
1150
1253
128f
12a2
12b0
12f1
12f3
130c
1327
133e
133f
1340
1341
1342
1343
1344
1345
1346
fc1
fdd
fe5
101b
1059
106b
1073
107e
10a1
10a9
10b8
10d3
10da
10ee
1149
114b
114f
1150
1224
1260
12ac
12b9
12fa
12fc
1315
1330
133e
1347
1348
1349
134a
134b
134c
134d
134e
f91
fe7
fef
1025
1040
1062
107b
1086
10a7
10af
10bd
10d8
10de
10e5
10eb
10ed
10ee
1102
122e
126a
12b6
12c3
1301
1303
131e
1337
1347
134f
1350
1351
1352
1353
1354
1355
1356
f9b
ff1
ff9
102e
1049
1069
1083
108e
10a0
10ad
10b5
10c6
10dc
10f9
10ff
1101
1102
1116
1238
1274
12c0
12cb
12d7
12d8
130d
1328
134f
1357
1358
1359
135a
135b
135c
135d
135e
fa5
fc9
1000
1035
103e
1051
108b
1096
10a6
10b3
10bb
10c4
10cb
110d
1113
1115
1116
112a
1241
127d
1298
129c
12e0
12e1
1316
1331
1357
135f
1360
1361
1362
1363
1364
1365
1366
faf
fc7
fd1
100a
1047
105b
1093
109d
10ac
10b9
10c0
10c9
10d0
1122
1124
1129
112a
113e
124b
1287
1296
12a6
12e9
12ea
131f
1338
133f
135f
1367
1368
1369
136a
136b
136c
136d
e4c
e5d
e61
ff5
100e
1015
1049
1082
1095
10a4
10bf
10c6
10dc
10ff
1127
1129
112b
112c
1138
1190
119a
128f
12cb
12dd
1327
1329
1340
1358
136e
136f
1370
1371
1372
1373
1374
e60
e71
e75
ffd
1017
101e
1051
108a
109c
10a2
10aa
10c4
10cb
1113
113b
113d
113f
1140
114b
1160
119a
1260
129c
12e6
1330
1332
1348
1360
136e
1375
1376
1377
1378
1379
137a
e74
e83
e87
fcd
1020
1027
105b
1075
1092
10a8
10b0
10c9
10d0
10e5
1122
1146
114f
1151
1152
1160
116c
126a
12a6
12ef
1337
1339
1350
1367
1375
137b
137c
137d
137e
137f
1380
e21
e25
e86
fd7
1029
1030
1064
107d
1099
10ae
10b6
10ce
10d5
10e8
10ed
10ef
10f0
10f9
1136
116c
1178
1274
12b0
12f8
130d
130e
1341
1359
137b
1381
1382
1383
1384
1385
1386
e24
e35
e39
fe1
1005
1036
106b
1072
1084
10b4
10bc
10d3
10da
10fc
1101
1103
1104
110d
1149
1178
1184
127d
12b9
12d4
1316
1317
1349
1361
1381
1387
1388
1389
138a
138b
138c
e38
e49
e4d
feb
1003
100c
1040
107a
108d
10ba
10c1
10d8
10de
10eb
1110
1115
1117
1118
1124
1184
1190
1287
12c3
12d2
131f
1320
1351
1368
136f
1387
138d
138e
138f
1390
1391
e25
e56
e82
e86
eab
eb6
102c
1044
104b
107d
10b9
10c7
10dd
10e8
10ed
10ef
10f1
10ff
1123
1124
1125
1185
11d4
11dd
12cb
1313
1358
135a
1370
1392
1393
1394
1395
1396
1397
e20
e24
e39
e6a
eb7
ec2
1033
104d
1054
1084
10be
10c5
10cc
10fc
1101
1103
1105
1113
1137
1138
1139
1191
11a8
11dd
129c
131c
1360
1362
1376
1392
1398
1399
139a
139b
139c
e34
e38
e4d
e7d
ec3
ecd
1008
1056
105d
108d
10a1
10ca
10d1
1110
1115
1117
1119
1122
114a
114b
114c
119b
11a8
11b3
12a6
1325
1367
1369
137c
1398
139d
139e
139f
13a0
13a1
e17
e48
e4c
e61
e92
ecc
1011
105f
1066
1095
10a7
10cf
10d6
10e4
10e5
10e6
1127
1129
112b
112d
1136
1161
11b3
11be
12b0
132e
1341
1342
1382
139d
13a2
13a3
13a4
13a5
13a6
e2b
e5c
e60
e75
e93
e9e
101a
103b
106c
109c
10ad
10d4
10db
10f8
10f9
10fa
113b
113d
113f
1141
1149
116d
11be
11c9
12b9
130a
1349
134a
1388
13a2
13a7
13a8
13a9
13aa
13ab
e3f
e70
e74
e87
e9f
eaa
1023
1039
1042
1075
10b3
10d9
10df
10eb
110c
110d
110e
1146
114f
1151
1153
1179
11c9
11d4
12c3
1308
1351
1352
138d
1393
13a7
13ac
13ad
13ae
13af
10f2
1154
1162
1182
119b
119c
11bf
11ca
1332
1347
134b
1377
13a8
13b0
13b1
13b2
13b3
13b4
13b5
13b6
13b7
13b8
13b9
13ba
13bb
13bc
13bd
13be
13bf
13c0
13c1
13c2
13c3
13c4
13c5
10f3
1106
1161
1163
116e
118e
11cb
11d5
1339
134f
1353
137d
13ac
13b0
13b1
13c6
13c7
13c8
13c9
13ca
13cb
13cc
13cd
13ce
13cf
13d0
13d1
13d2
13d3
13d4
13d5
13d6
13d7
13d8
13d9
1107
111a
116d
116f
117a
1198
11d6
11de
130e
1357
135b
1383
1394
13c6
13c7
13da
13db
13dc
13dd
13de
13df
13e0
13e1
13e2
13e3
13e4
13e5
13e6
13e7
13e8
13e9
13ea
13eb
13ec
13ed
111b
112e
115c
1179
117b
1186
11a9
11df
1317
135f
1363
1389
1399
13da
13db
13ee
13ef
13f0
13f1
13f2
13f3
13f4
13f5
13f6
13f7
13f8
13f9
13fa
13fb
13fc
13fd
13fe
13ff
1400
1401
112f
1142
1168
1185
1187
1192
11aa
11b4
1320
133f
136a
138e
139e
13ee
13ef
1402
1403
1404
1405
1406
1407
1408
1409
140a
140b
140c
140d
140e
140f
1410
1411
1412
1413
1414
1415
1143
1155
1174
1191
1193
119d
11b5
11c0
1329
133e
1343
1371
13a3
13b2
13b3
1402
1403
1416
1417
1418
1419
141a
141b
141c
141d
141e
141f
1420
1421
1422
1423
1424
1425
1426
1427
1114
1144
1164
119e
11a9
11c7
11df
11fe
1208
1362
1375
1378
1399
13b4
13b5
13b6
13b7
13f0
13f1
13f2
1416
1428
1429
142a
142b
142c
142d
142e
142f
1430
1431
1432
1433
1434
1435
1128
1156
1165
1170
11aa
11b4
11d2
1209
1212
1369
137b
137e
139e
13b8
13c8
13c9
13ca
13cb
1404
1405
1406
1428
1429
1436
1437
1438
1439
143a
143b
143c
143d
143e
143f
1440
1441
10f4
113c
1171
117c
11b5
11c0
11db
1213
121a
1342
1381
1384
13a3
13cc
13dc
13dd
13de
13df
1417
1418
1419
1436
1437
1442
1443
1444
1445
1446
1447
1448
1449
144a
144b
144c
144d
1108
114e
117d
1188
11a4
11bf
11ca
11ea
121b
134a
1387
138a
13a8
13b9
13ba
13bb
13e0
13f3
13f4
13f5
13f6
1442
1443
144e
144f
1450
1451
1452
1453
1454
1455
1456
1457
1458
1459
10ec
111c
1189
1194
11af
11cb
11d5
11eb
11f4
1352
136f
138f
13ac
13cd
13ce
13cf
13f7
1407
1408
1409
140a
144e
144f
145a
145b
145c
145d
145e
145f
1460
1461
1462
1463
1464
1465
1100
1130
1195
119f
11ba
11d6
11de
11f5
11ff
135a
136e
1372
1394
13e1
13e2
13e3
140b
141a
141b
141c
141d
142a
142b
145a
145b
1466
1467
1468
1469
146a
146b
146c
146d
146e
146f
1104
1108
1177
1193
11ab
11e0
11ea
1206
121b
123a
1244
1398
139a
13e0
13f0
13f1
13f2
13f8
141a
142c
1450
1451
1470
1471
1472
1473
1474
1475
1476
1477
1478
1479
147a
147b
147c
1118
111c
1183
119c
11ac
11b6
11eb
11f4
1210
1245
124e
139d
139f
13b4
13f7
1404
1405
1406
140c
1438
145c
145d
1470
1471
147d
147e
147f
1480
1481
1482
1483
1484
1485
1486
1487
112c
1130
1163
118f
11b7
11c1
11f5
11ff
1218
124f
1256
13a2
13a4
13c8
140b
1417
1418
1419
141e
1444
1466
1467
147d
147e
1488
1489
148a
148b
148c
148d
148e
148f
1490
1491
1492
1140
1144
116f
1199
11c2
11cc
11e6
11fe
1208
1226
1257
13a7
13a9
13b9
13ba
13bb
13bc
13dc
1416
142d
142e
1452
1488
1489
1493
1494
1495
1496
1497
1498
1499
149a
149b
149c
149d
1152
1156
115f
117b
11cd
11d7
11f0
1209
1212
1227
1230
1393
13ad
13b8
13cd
13ce
13cf
13d0
13f3
1439
143a
145e
1493
1494
149e
149f
14a0
14a1
14a2
14a3
14a4
14a5
14a6
14a7
14a8
10f0
10f4
116b
1187
11d8
11e1
11fa
1213
121a
1231
123b
1392
1395
13cc
13e1
13e2
13e3
13e4
1407
1445
1446
1468
1472
1473
149e
149f
14a9
14aa
14ab
14ac
14ad
14ae
14af
14b0
14b1
10f7
1107
116d
116f
11bd
11d6
11ec
121c
1226
1242
1257
1276
1280
13c6
13dc
13e0
13e2
1450
1451
1453
1474
1495
1496
14b2
14b3
14b4
14b5
14b6
14b7
14b8
14b9
14ba
14bb
14bc
14bd
110b
111b
1179
117b
11c8
11df
11ed
11f6
1227
1230
124c
1281
128a
13da
13f1
13f3
13f7
145c
145d
145f
147f
14a0
14a1
14b2
14b3
14be
14bf
14c0
14c1
14c2
14c3
14c4
14c5
14c6
14c7
111f
112f
1185
1187
11aa
11d3
11f7
1200
1231
123b
1254
128b
1292
13ee
1405
1407
140b
1466
1467
1469
148a
14a9
14aa
14be
14bf
14c8
14c9
14ca
14cb
14cc
14cd
14ce
14cf
14d0
14d1
1133
1143
1191
1193
11b5
11dc
1201
120a
1222
123a
1244
1262
1293
1402
1416
1418
141a
142d
142e
142f
1475
1476
1497
14c8
14c9
14d2
14d3
14d4
14d5
14d6
14d7
14d8
14d9
14da
14db
10e3
1154
119b
119c
11a7
11bf
120b
1214
122c
1245
124e
1263
126c
13b2
13b4
13b8
13ba
1439
143a
143b
1480
1481
14a2
14d2
14d3
14dc
14dd
14de
14df
14e0
14e1
14e2
14e3
14e4
14e5
10e1
10f3
1161
1163
11b2
11cb
1215
121d
1236
124f
1256
126d
1277
13b0
13c8
13cc
13ce
1445
1446
1447
148b
148c
14ab
14b4
14b5
14dc
14dd
14e6
14e7
14e8
14e9
14ea
14eb
14ec
14ed
113c
1167
1171
11b5
11fd
1213
1228
1258
1262
127e
1293
12b2
12bc
13dc
1418
1436
1446
1495
1496
1498
14b6
14d4
14d5
14ee
14ef
14f0
14f1
14f2
14f3
14f4
14f5
14f6
14f7
14f8
14f9
114e
1173
117d
11bf
1207
121b
1229
1232
1263
126c
1288
12bd
12c6
13ba
13f3
1442
1451
14a0
14a1
14a3
14c0
14de
14df
14ee
14ef
14fa
14fb
14fc
14fd
14fe
14ff
1500
1501
1502
1503
10ec
117f
1189
11cb
11eb
1211
1233
123c
126d
1277
1290
12c7
12ce
13ce
1407
144e
145d
14a9
14aa
14ac
14ca
14e6
14e7
14fa
14fb
1504
1505
1506
1507
1508
1509
150a
150b
150c
150d
1100
118b
1195
11d6
11f5
1219
123d
1246
125e
1276
1280
129e
12cf
13e2
141a
145a
1467
1475
1476
1477
14b7
14b8
14d6
1504
1505
150e
150f
1510
1511
1512
1513
1514
1515
1516
1517
1114
115b
119e
11df
11e9
11fe
1247
1250
1268
1281
128a
129f
12a8
13b4
13f1
142a
142e
1480
1481
1482
14c1
14c2
14e0
150e
150f
1518
1519
151a
151b
151c
151d
151e
151f
1520
1521
1128
1159
1165
11aa
11f3
1209
1251
1259
1272
128b
1292
12a9
12b3
13c8
1405
1428
143a
148b
148c
148d
14cb
14cc
14e8
14f0
14f1
1518
1519
1522
1523
1524
1525
1526
1527
1528
1529
118f
11ae
11b7
11f5
1239
124f
1264
1294
129e
12ba
12cf
12eb
12f4
1418
1467
147d
148c
14d4
14d5
14d7
14f2
1510
1511
152a
152b
152c
152d
152e
152f
1530
1531
1532
1533
1534
1535
1199
11b9
11c2
11fe
1243
1257
1265
126e
129f
12a8
12c4
12f5
12fd
13ba
142e
1488
1496
14de
14df
14e1
14fc
151a
151b
152a
152b
1536
1537
1538
1539
153a
153b
153c
153d
153e
153f
115f
11c4
11cd
1209
1227
124d
126f
1278
12a9
12b3
12cc
12fe
1304
13ce
143a
1493
14a1
14e6
14e7
14e9
1506
1522
1523
1536
1537
1540
1541
1542
1543
1544
1545
1546
1547
1548
1549
116b
11cf
11d8
1213
1231
1255
1279
1282
129a
12b2
12bc
12d9
1305
13e2
1446
149e
14aa
14b7
14b8
14b9
14f3
14f4
1512
1540
1541
154a
154b
154c
154d
154e
154f
1550
1551
1552
1553
1177
11a3
11e0
121b
1225
123a
1283
128c
12a4
12bd
12c6
12da
12e2
13f1
1451
1472
1476
14c1
14c2
14c3
14fd
14fe
151c
154a
154b
1554
1555
1556
1557
1558
1559
155a
155b
155c
155d
1183
11a1
11ac
11eb
122f
1245
128d
1295
12ae
12c7
12ce
12e3
12ec
1405
145d
1470
1481
14cb
14cc
14cd
1507
1508
1524
152c
152d
1554
1555
155e
155f
1560
1561
1562
1563
1564
1565
11d3
11ef
11f7
1231
1275
128b
12a0
12d0
12d9
12f2
1305
1321
132a
1467
14aa
14be
14cc
1510
1511
1513
152e
154c
154d
1566
1567
1568
1569
156a
156b
156c
156d
156e
156f
1570
1571
11dc
11f9
1201
123a
127f
1293
12a1
12aa
12da
12e2
12fb
132b
1333
142e
1476
14c8
14d5
151a
151b
151d
1538
1556
1557
1566
1567
1572
1573
1574
1575
1576
1577
1578
1579
157a
157b
11a7
1203
120b
1245
1263
1289
12ab
12b4
12e3
12ec
1302
1334
133a
143a
1481
14d2
14df
1522
1523
1525
1542
155e
155f
1572
1573
157c
157d
157e
157f
1580
1581
1582
1583
1584
1585
11b2
120d
1215
124f
126d
1291
12b5
12be
12d6
12eb
12f4
130f
133b
1446
148c
14dc
14e7
14f3
14f4
14f5
152f
1530
154e
157c
157d
1586
1587
1588
1589
158a
158b
158c
158d
158e
158f
11bd
11e5
121c
1257
1261
1276
12bf
12c8
12df
12f5
12fd
1310
1318
1451
1496
14b4
14b8
14fd
14fe
14ff
1539
153a
1558
1586
1587
1590
1591
1592
1593
1594
1595
1596
1597
1598
1599
11c8
11e3
11ed
1227
126b
1281
12c9
12d1
12e8
12fe
1304
1319
1322
145d
14a1
14b2
14c2
1507
1508
1509
1543
1544
1560
1568
1569
1590
1591
159a
159b
159c
159d
159e
159f
15a0
15a1
1211
122b
1233
126d
12b1
12c7
12db
1306
130f
1328
133b
1354
135c
13d1
14aa
14e7
14fa
1508
154c
154d
154f
156a
1588
1589
15a2
15a3
15a4
15a5
15a6
15a7
15a8
15a9
15aa
15ab
15ac
1219
1235
123d
1276
12bb
12cf
12dc
12e4
1310
1318
1331
135d
1364
13e5
1476
14b8
1504
1511
1556
1557
1559
1574
1592
1593
15a2
15a3
15ad
15ae
15af
15b0
15b1
15b2
15b3
15b4
15b5
11e9
123f
1247
1281
129f
12c5
12e5
12ed
1319
1322
1338
1365
136b
13f9
1481
14c2
150e
151b
155e
155f
1561
157e
159a
159b
15ad
15ae
15b6
15b7
15b8
15b9
15ba
15bb
15bc
15bd
15be
11f3
1249
1251
128b
12a9
12cd
12ee
12f6
130c
1321
132a
1344
136c
140d
148c
14cc
1518
1523
152f
1530
1531
156b
156c
158a
15b6
15b7
15bf
15c0
15c1
15c2
15c3
15c4
15c5
15c6
15c7
11fd
1221
1258
1293
129d
12b2
12f7
12ff
1315
132b
1333
1345
134c
141f
1496
14d5
14f0
14f4
1539
153a
153b
1575
1576
1594
15bf
15c0
15c8
15c9
15ca
15cb
15cc
15cd
15ce
15cf
15d0
1207
121f
1229
1263
12a7
12bd
1300
1307
131e
1334
133a
134d
1355
13bd
14a1
14df
14ee
14fe
1543
1544
1545
157f
1580
159c
15a4
15a5
15c8
15c9
15d1
15d2
15d3
15d4
15d5
15d6
15d7
124d
1267
126f
12a9
12ea
12fe
1311
133c
1344
1359
136c
137d
1385
13c9
140d
14e7
1523
1536
1544
1588
1589
158b
15a6
15c1
15d8
15d9
15da
15db
15dc
15dd
15de
15df
15e0
15e1
15e2
1255
1271
1279
12b2
12f3
1305
1312
131a
1345
134c
1361
1383
138b
13dd
141f
14b8
14f4
1540
154d
1592
1593
1595
15af
15ca
15d8
15d9
15e3
15e4
15e5
15e6
15e7
15e8
15e9
15ea
15eb
1225
127b
1283
12bd
12da
12fc
131b
1323
134d
1355
1368
1389
1390
13bd
13f4
14c2
14fe
154a
1557
159a
159b
159d
15b8
15d1
15e3
15e4
15ec
15ed
15ee
15ef
15f0
15f1
15f2
15f3
15f4
122f
1285
128d
12c7
12e3
1303
1324
132c
1340
1354
135c
1373
138e
13d1
1408
14cc
1508
1554
155f
156b
156c
156d
15a7
15c2
15ec
15ed
15f5
15f6
15f7
15f8
15f9
15fa
15fb
15fc
15fd
1239
125d
1294
12cf
12d8
12eb
132d
1335
1348
135d
1364
1371
1379
13e5
141b
14d5
1511
152c
1530
1575
1576
1577
15b0
15cb
15f5
15f6
15fe
15ff
1600
1601
1602
1603
1604
1605
1606
1243
125b
1265
129f
12e1
12f5
1336
133d
1350
1365
136b
1377
137f
13b5
13f9
14df
151b
152a
153a
157f
1580
1581
15b9
15d2
15da
15db
15fe
15ff
1607
1608
1609
160a
160b
160c
160d
1289
12a3
12ab
12e3
1320
1334
1346
136a
1373
1382
138e
139e
13a5
1406
1408
140d
140e
1420
1523
155f
1572
1580
15c1
15c3
15dc
15f7
160e
160f
1610
1611
1612
1613
1614
1615
1616
1291
12ad
12b5
12eb
1329
133b
1343
134e
1371
1379
1388
13a3
13aa
13be
1419
141b
141f
1420
14f4
1530
157c
1589
15ca
15cc
15e5
1600
160e
1617
1618
1619
161a
161b
161c
161d
161e
1261
12b7
12bf
12f5
1310
1332
134b
1356
1377
137f
138d
13a8
13ae
13b5
13bb
13bd
13be
13d2
14fe
153a
1586
1593
15d1
15d3
15ee
1607
1617
161f
1620
1621
1622
1623
1624
1625
1626
126b
12c1
12c9
12fe
1319
1339
1353
135e
1370
137d
1385
1396
13ac
13c9
13cf
13d1
13d2
13e6
1508
1544
1590
159b
15a7
15a8
15dd
15f8
161f
1627
1628
1629
162a
162b
162c
162d
162e
1275
1299
12d0
1305
130e
1321
135b
1366
1376
1383
138b
1394
139b
13dd
13e3
13e5
13e6
13fa
1511
154d
1568
156c
15b0
15b1
15e6
1601
1627
162f
1630
1631
1632
1633
1634
1635
1636
127f
1297
12a1
12da
1317
132b
1363
136d
137c
1389
1390
1399
13a0
13f2
13f4
13f9
13fa
140e
151b
1557
1566
1576
15b9
15ba
15ef
1608
160f
162f
1637
1638
1639
163a
163b
163c
163d
111c
112d
1131
12c5
12de
12e5
1319
1352
1365
1374
138f
1396
13ac
13cf
13f7
13f9
13fb
13fc
1408
1460
146a
155f
159b
15ad
15f7
15f9
1610
1628
163e
163f
1640
1641
1642
1643
1644
1130
1141
1145
12cd
12e7
12ee
1321
135a
136c
1372
137a
1394
139b
13e3
140b
140d
140f
1410
141b
1430
146a
1530
156c
15b6
1600
1602
1618
1630
163e
1645
1646
1647
1648
1649
164a
1144
1153
1157
129d
12f0
12f7
132b
1345
1362
1378
1380
1399
13a0
13b5
13f2
1416
141f
1421
1422
1430
143c
153a
1576
15bf
1607
1609
1620
1637
1645
164b
164c
164d
164e
164f
1650
10f1
10f5
1156
12a7
12f9
1300
1334
134d
1369
137e
1386
139e
13a5
13b8
13bd
13bf
13c0
13c9
1406
143c
1448
1544
1580
15c8
15dd
15de
1611
1629
164b
1651
1652
1653
1654
1655
1656
10f4
1105
1109
12b1
12d5
1306
133b
1342
1354
1384
138c
13a3
13aa
13cc
13d1
13d3
13d4
13dd
1419
1448
1454
154d
1589
15a4
15e6
15e7
1619
1631
1651
1657
1658
1659
165a
165b
165c
1108
1119
111d
12bb
12d3
12dc
1310
134a
135d
138a
1391
13a8
13ae
13bb
13e0
13e5
13e7
13e8
13f4
1454
1460
1557
1593
15a2
15ef
15f0
1621
1638
163f
1657
165d
165e
165f
1660
1661
10f5
1126
1152
1156
117b
1186
12fc
1314
131b
134d
1389
1397
13ad
13b8
13bd
13bf
13c1
13cf
13f3
13f4
13f5
1455
14a4
14ad
159b
15e3
1628
162a
1640
1662
1663
1664
1665
1666
1667
10f0
10f4
1109
113a
1187
1192
1303
131d
1324
1354
138e
1395
139c
13cc
13d1
13d3
13d5
13e3
1407
1408
1409
1461
1478
14ad
156c
15ec
1630
1632
1646
1662
1668
1669
166a
166b
166c
1104
1108
111d
114d
1193
119d
12d8
1326
132d
135d
1371
139a
13a1
13e0
13e5
13e7
13e9
13f2
141a
141b
141c
146b
1478
1483
1576
15f5
1637
1639
164c
1668
166d
166e
166f
1670
1671
10e7
1118
111c
1131
1162
119c
12e1
132f
1336
1365
1377
139f
13a6
13b4
13b5
13b6
13f7
13f9
13fb
13fd
1406
1431
1483
148e
1580
15fe
1611
1612
1652
166d
1672
1673
1674
1675
1676
10fb
112c
1130
1145
1163
116e
12ea
130b
133c
136c
137d
13a4
13ab
13c8
13c9
13ca
140b
140d
140f
1411
1419
143d
148e
1499
1589
15da
1619
161a
1658
1672
1677
1678
1679
167a
167b
110f
1140
1144
1157
116f
117a
12f3
1309
1312
1345
1383
13a9
13af
13bb
13dc
13dd
13de
1416
141f
1421
1423
1449
1499
14a4
1593
15d8
1621
1622
165d
1663
1677
167c
167d
167e
167f
13c2
1424
1432
1452
146b
146c
148f
149a
1602
1617
161b
1647
1678
1680
1681
1682
1683
1684
1685
1686
1687
1688
1689
168a
168b
168c
168d
168e
168f
1690
1691
1692
1693
1694
1695
13c3
13d6
1431
1433
143e
145e
149b
14a5
1609
161f
1623
164d
167c
1680
1681
1696
1697
1698
1699
169a
169b
169c
169d
169e
169f
16a0
16a1
16a2
16a3
16a4
16a5
16a6
16a7
16a8
16a9
13d7
13ea
143d
143f
144a
1468
14a6
14ae
15de
1627
162b
1653
1664
1696
1697
16aa
16ab
16ac
16ad
16ae
16af
16b0
16b1
16b2
16b3
16b4
16b5
16b6
16b7
16b8
16b9
16ba
16bb
16bc
16bd
13eb
13fe
142c
1449
144b
1456
1479
14af
15e7
162f
1633
1659
1669
16aa
16ab
16be
16bf
16c0
16c1
16c2
16c3
16c4
16c5
16c6
16c7
16c8
16c9
16ca
16cb
16cc
16cd
16ce
16cf
16d0
16d1
13ff
1412
1438
1455
1457
1462
147a
1484
15f0
160f
163a
165e
166e
16be
16bf
16d2
16d3
16d4
16d5
16d6
16d7
16d8
16d9
16da
16db
16dc
16dd
16de
16df
16e0
16e1
16e2
16e3
16e4
16e5
1413
1425
1444
1461
1463
146d
1485
1490
15f9
160e
1613
1641
1673
1682
1683
16d2
16d3
16e6
16e7
16e8
16e9
16ea
16eb
16ec
16ed
16ee
16ef
16f0
16f1
16f2
16f3
16f4
16f5
16f6
16f7
13e4
1414
1434
146e
1479
1497
14af
14ce
14d8
1632
1645
1648
1669
1684
1685
1686
1687
16c0
16c1
16c2
16e6
16f8
16f9
16fa
16fb
16fc
16fd
16fe
16ff
1700
1701
1702
1703
1704
1705
13f8
1426
1435
1440
147a
1484
14a2
14d9
14e2
1639
164b
164e
166e
1688
1698
1699
169a
169b
16d4
16d5
16d6
16f8
16f9
1706
1707
1708
1709
170a
170b
170c
170d
170e
170f
1710
1711
13c4
140c
1441
144c
1485
1490
14ab
14e3
14ea
1612
1651
1654
1673
169c
16ac
16ad
16ae
16af
16e7
16e8
16e9
1706
1707
1712
1713
1714
1715
1716
1717
1718
1719
171a
171b
171c
171d
13d8
141e
144d
1458
1474
148f
149a
14ba
14eb
161a
1657
165a
1678
1689
168a
168b
16b0
16c3
16c4
16c5
16c6
1712
1713
171e
171f
1720
1721
1722
1723
1724
1725
1726
1727
1728
1729
13bc
13ec
1459
1464
147f
149b
14a5
14bb
14c4
1622
163f
165f
167c
169d
169e
169f
16c7
16d7
16d8
16d9
16da
171e
171f
172a
172b
172c
172d
172e
172f
1730
1731
1732
1733
1734
1735
13d0
1400
1465
146f
148a
14a6
14ae
14c5
14cf
162a
163e
1642
1664
16b1
16b2
16b3
16db
16ea
16eb
16ec
16ed
16fa
16fb
172a
172b
1736
1737
1738
1739
173a
173b
173c
173d
173e
173f
13d4
13d8
1447
1463
147b
14b0
14ba
14d6
14eb
150a
1514
1668
166a
16b0
16c0
16c1
16c2
16c8
16ea
16fc
1720
1721
1740
1741
1742
1743
1744
1745
1746
1747
1748
1749
174a
174b
174c
13e8
13ec
1453
146c
147c
1486
14bb
14c4
14e0
1515
151e
166d
166f
1684
16c7
16d4
16d5
16d6
16dc
1708
172c
172d
1740
1741
174d
174e
174f
1750
1751
1752
1753
1754
1755
1756
1757
13fc
1400
1433
145f
1487
1491
14c5
14cf
14e8
151f
1526
1672
1674
1698
16db
16e7
16e8
16e9
16ee
1714
1736
1737
174d
174e
1758
1759
175a
175b
175c
175d
175e
175f
1760
1761
1762
1410
1414
143f
1469
1492
149c
14b6
14ce
14d8
14f6
1527
1677
1679
1689
168a
168b
168c
16ac
16e6
16fd
16fe
1722
1758
1759
1763
1764
1765
1766
1767
1768
1769
176a
176b
176c
176d
1422
1426
142f
144b
149d
14a7
14c0
14d9
14e2
14f7
1500
1663
167d
1688
169d
169e
169f
16a0
16c3
1709
170a
172e
1763
1764
176e
176f
1770
1771
1772
1773
1774
1775
1776
1777
1778
13c0
13c4
143b
1457
14a8
14b1
14ca
14e3
14ea
1501
150b
1662
1665
169c
16b1
16b2
16b3
16b4
16d7
1715
1716
1738
1742
1743
176e
176f
1779
177a
177b
177c
177d
177e
177f
1780
1781
13c7
13d7
143d
143f
148d
14a6
14bc
14ec
14f6
1512
1527
1546
1550
1696
16ac
16b0
16b2
1720
1721
1723
1744
1765
1766
1782
1783
1784
1785
1786
1787
1788
1789
178a
178b
178c
178d
13db
13eb
1449
144b
1498
14af
14bd
14c6
14f7
1500
151c
1551
155a
16aa
16c1
16c3
16c7
172c
172d
172f
174f
1770
1771
1782
1783
178e
178f
1790
1791
1792
1793
1794
1795
1796
1797
13ef
13ff
1455
1457
147a
14a3
14c7
14d0
1501
150b
1524
155b
1562
16be
16d5
16d7
16db
1736
1737
1739
175a
1779
177a
178e
178f
1798
1799
179a
179b
179c
179d
179e
179f
17a0
17a1
1403
1413
1461
1463
1485
14ac
14d1
14da
14f2
150a
1514
1532
1563
16d2
16e6
16e8
16ea
16fd
16fe
16ff
1745
1746
1767
1798
1799
17a2
17a3
17a4
17a5
17a6
17a7
17a8
17a9
17aa
17ab
13b3
1424
146b
146c
1477
148f
14db
14e4
14fc
1515
151e
1533
153c
1682
1684
1688
168a
1709
170a
170b
1750
1751
1772
17a2
17a3
17ac
17ad
17ae
17af
17b0
17b1
17b2
17b3
17b4
17b5
13b1
13c3
1431
1433
1482
149b
14e5
14ed
1506
151f
1526
153d
1547
1680
1698
169c
169e
1715
1716
1717
175b
175c
177b
1784
1785
17ac
17ad
17b6
17b7
17b8
17b9
17ba
17bb
17bc
17bd
140c
1437
1441
1485
14cd
14e3
14f8
1528
1532
154e
1563
1582
158c
16ac
16e8
1706
1716
1765
1766
1768
1786
17a4
17a5
17be
17bf
17c0
17c1
17c2
17c3
17c4
17c5
17c6
17c7
17c8
17c9
141e
1443
144d
148f
14d7
14eb
14f9
1502
1533
153c
1558
158d
1596
168a
16c3
1712
1721
1770
1771
1773
1790
17ae
17af
17be
17bf
17ca
17cb
17cc
17cd
17ce
17cf
17d0
17d1
17d2
17d3
13bc
144f
1459
149b
14bb
14e1
1503
150c
153d
1547
1560
1597
159e
169e
16d7
171e
172d
1779
177a
177c
179a
17b6
17b7
17ca
17cb
17d4
17d5
17d6
17d7
17d8
17d9
17da
17db
17dc
17dd
13d0
145b
1465
14a6
14c5
14e9
150d
1516
152e
1546
1550
156e
159f
16b2
16ea
172a
1737
1745
1746
1747
1787
1788
17a6
17d4
17d5
17de
17df
17e0
17e1
17e2
17e3
17e4
17e5
17e6
17e7
13e4
142b
146e
14af
14b9
14ce
1517
1520
1538
1551
155a
156f
1578
1684
16c1
16fa
16fe
1750
1751
1752
1791
1792
17b0
17de
17df
17e8
17e9
17ea
17eb
17ec
17ed
17ee
17ef
17f0
17f1
13f8
1429
1435
147a
14c3
14d9
1521
1529
1542
155b
1562
1579
1583
1698
16d5
16f8
170a
175b
175c
175d
179b
179c
17b8
17c0
17c1
17e8
17e9
17f2
17f3
17f4
17f5
17f6
17f7
17f8
17f9
145f
147e
1487
14c5
1509
151f
1534
1564
156e
158a
159f
15bb
15c4
16e8
1737
174d
175c
17a4
17a5
17a7
17c2
17e0
17e1
17fa
17fb
17fc
17fd
17fe
17ff
1800
1801
1802
1803
1804
1805
1469
1489
1492
14ce
1513
1527
1535
153e
156f
1578
1594
15c5
15cd
168a
16fe
1758
1766
17ae
17af
17b1
17cc
17ea
17eb
17fa
17fb
1806
1807
1808
1809
180a
180b
180c
180d
180e
180f
142f
1494
149d
14d9
14f7
151d
153f
1548
1579
1583
159c
15ce
15d4
169e
170a
1763
1771
17b6
17b7
17b9
17d6
17f2
17f3
1806
1807
1810
1811
1812
1813
1814
1815
1816
1817
1818
1819
143b
149f
14a8
14e3
1501
1525
1549
1552
156a
1582
158c
15a9
15d5
16b2
1716
176e
177a
1787
1788
1789
17c3
17c4
17e2
1810
1811
181a
181b
181c
181d
181e
181f
1820
1821
1822
1823
1447
1473
14b0
14eb
14f5
150a
1553
155c
1574
158d
1596
15aa
15b2
16c1
1721
1742
1746
1791
1792
1793
17cd
17ce
17ec
181a
181b
1824
1825
1826
1827
1828
1829
182a
182b
182c
182d
1453
1471
147c
14bb
14ff
1515
155d
1565
157e
1597
159e
15b3
15bc
16d5
172d
1740
1751
179b
179c
179d
17d7
17d8
17f4
17fc
17fd
1824
1825
182e
182f
1830
1831
1832
1833
1834
1835
14a3
14bf
14c7
1501
1545
155b
1570
15a0
15a9
15c2
15d5
15f1
15fa
1737
177a
178e
179c
17e0
17e1
17e3
17fe
181c
181d
1836
1837
1838
1839
183a
183b
183c
183d
183e
183f
1840
1841
14ac
14c9
14d1
150a
154f
1563
1571
157a
15aa
15b2
15cb
15fb
1603
16fe
1746
1798
17a5
17ea
17eb
17ed
1808
1826
1827
1836
1837
1842
1843
1844
1845
1846
1847
1848
1849
184a
184b
1477
14d3
14db
1515
1533
1559
157b
1584
15b3
15bc
15d2
1604
160a
170a
1751
17a2
17af
17f2
17f3
17f5
1812
182e
182f
1842
1843
184c
184d
184e
184f
1850
1851
1852
1853
1854
1855
1482
14dd
14e5
151f
153d
1561
1585
158e
15a6
15bb
15c4
15df
160b
1716
175c
17ac
17b7
17c3
17c4
17c5
17ff
1800
181e
184c
184d
1856
1857
1858
1859
185a
185b
185c
185d
185e
185f
148d
14b5
14ec
1527
1531
1546
158f
1598
15af
15c5
15cd
15e0
15e8
1721
1766
1784
1788
17cd
17ce
17cf
1809
180a
1828
1856
1857
1860
1861
1862
1863
1864
1865
1866
1867
1868
1869
1498
14b3
14bd
14f7
153b
1551
1599
15a1
15b8
15ce
15d4
15e9
15f2
172d
1771
1782
1792
17d7
17d8
17d9
1813
1814
1830
1838
1839
1860
1861
186a
186b
186c
186d
186e
186f
1870
1871
14e1
14fb
1503
153d
1581
1597
15ab
15d6
15df
15f8
160b
1624
162c
16a1
177a
17b7
17ca
17d8
181c
181d
181f
183a
1858
1859
1872
1873
1874
1875
1876
1877
1878
1879
187a
187b
187c
14e9
1505
150d
1546
158b
159f
15ac
15b4
15e0
15e8
1601
162d
1634
16b5
1746
1788
17d4
17e1
1826
1827
1829
1844
1862
1863
1872
1873
187d
187e
187f
1880
1881
1882
1883
1884
1885
14b9
150f
1517
1551
156f
1595
15b5
15bd
15e9
15f2
1608
1635
163b
16c9
1751
1792
17de
17eb
182e
182f
1831
184e
186a
186b
187d
187e
1886
1887
1888
1889
188a
188b
188c
188d
188e
14c3
1519
1521
155b
1579
159d
15be
15c6
15dc
15f1
15fa
1614
163c
16dd
175c
179c
17e8
17f3
17ff
1800
1801
183b
183c
185a
1886
1887
188f
1890
1891
1892
1893
1894
1895
1896
1897
14cd
14f1
1528
1563
156d
1582
15c7
15cf
15e5
15fb
1603
1615
161c
16ef
1766
17a5
17c0
17c4
1809
180a
180b
1845
1846
1864
188f
1890
1898
1899
189a
189b
189c
189d
189e
189f
18a0
14d7
14ef
14f9
1533
1577
158d
15d0
15d7
15ee
1604
160a
161d
1625
168d
1771
17af
17be
17ce
1813
1814
1815
184f
1850
186c
1874
1875
1898
1899
18a1
18a2
18a3
18a4
18a5
18a6
18a7
151d
1537
153f
1579
15ba
15ce
15e1
160c
1614
1629
163c
164d
1655
1699
16dd
17b7
17f3
1806
1814
1858
1859
185b
1876
1891
18a8
18a9
18aa
18ab
18ac
18ad
18ae
18af
18b0
18b1
18b2
1525
1541
1549
1582
15c3
15d5
15e2
15ea
1615
161c
1631
1653
165b
16ad
16ef
1788
17c4
1810
181d
1862
1863
1865
187f
189a
18a8
18a9
18b3
18b4
18b5
18b6
18b7
18b8
18b9
18ba
18bb
14f5
154b
1553
158d
15aa
15cc
15eb
15f3
161d
1625
1638
1659
1660
168d
16c4
1792
17ce
181a
1827
186a
186b
186d
1888
18a1
18b3
18b4
18bc
18bd
18be
18bf
18c0
18c1
18c2
18c3
18c4
14ff
1555
155d
1597
15b3
15d3
15f4
15fc
1610
1624
162c
1643
165e
16a1
16d8
179c
17d8
1824
182f
183b
183c
183d
1877
1892
18bc
18bd
18c5
18c6
18c7
18c8
18c9
18ca
18cb
18cc
18cd
1509
152d
1564
159f
15a8
15bb
15fd
1605
1618
162d
1634
1641
1649
16b5
16eb
17a5
17e1
17fc
1800
1845
1846
1847
1880
189b
18c5
18c6
18ce
18cf
18d0
18d1
18d2
18d3
18d4
18d5
18d6
1513
152b
1535
156f
15b1
15c5
1606
160d
1620
1635
163b
1647
164f
1685
16c9
17af
17eb
17fa
180a
184f
1850
1851
1889
18a2
18aa
18ab
18ce
18cf
18d7
18d8
18d9
18da
18db
18dc
18dd
1559
1573
157b
15b3
15f0
1604
1616
163a
1643
1652
165e
166e
1675
16d6
16d8
16dd
16de
16f0
17f3
182f
1842
1850
1891
1893
18ac
18c7
18de
18df
18e0
18e1
18e2
18e3
18e4
18e5
18e6
1561
157d
1585
15bb
15f9
160b
1613
161e
1641
1649
1658
1673
167a
168e
16e9
16eb
16ef
16f0
17c4
1800
184c
1859
189a
189c
18b5
18d0
18de
18e7
18e8
18e9
18ea
18eb
18ec
18ed
18ee
1531
1587
158f
15c5
15e0
1602
161b
1626
1647
164f
165d
1678
167e
1685
168b
168d
168e
16a2
17ce
180a
1856
1863
18a1
18a3
18be
18d7
18e7
18ef
18f0
18f1
18f2
18f3
18f4
18f5
18f6
153b
1591
1599
15ce
15e9
1609
1623
162e
1640
164d
1655
1666
167c
1699
169f
16a1
16a2
16b6
17d8
1814
1860
186b
1877
1878
18ad
18c8
18ef
18f7
18f8
18f9
18fa
18fb
18fc
18fd
18fe
1545
1569
15a0
15d5
15de
15f1
162b
1636
1646
1653
165b
1664
166b
16ad
16b3
16b5
16b6
16ca
17e1
181d
1838
183c
1880
1881
18b6
18d1
18f7
18ff
1900
1901
1902
1903
1904
1905
1906
154f
1567
1571
15aa
15e7
15fb
1633
163d
164c
1659
1660
1669
1670
16c2
16c4
16c9
16ca
16de
17eb
1827
1836
1846
1889
188a
18bf
18d8
18df
18ff
1907
1908
1909
190a
190b
190c
190d
13ec
13fd
1401
1595
15ae
15b5
15e9
1622
1635
1644
165f
1666
167c
169f
16c7
16c9
16cb
16cc
16d8
1730
173a
182f
186b
187d
18c7
18c9
18e0
18f8
190e
190f
1910
1911
1912
1913
1914
1400
1411
1415
159d
15b7
15be
15f1
162a
163c
1642
164a
1664
166b
16b3
16db
16dd
16df
16e0
16eb
1700
173a
1800
183c
1886
18d0
18d2
18e8
1900
190e
1915
1916
1917
1918
1919
191a
1414
1423
1427
156d
15c0
15c7
15fb
1615
1632
1648
1650
1669
1670
1685
16c2
16e6
16ef
16f1
16f2
1700
170c
180a
1846
188f
18d7
18d9
18f0
1907
1915
191b
191c
191d
191e
191f
1920
13c1
13c5
1426
1577
15c9
15d0
1604
161d
1639
164e
1656
166e
1675
1688
168d
168f
1690
1699
16d6
170c
1718
1814
1850
1898
18ad
18ae
18e1
18f9
191b
1921
1922
1923
1924
1925
1926
13c4
13d5
13d9
1581
15a5
15d6
160b
1612
1624
1654
165c
1673
167a
169c
16a1
16a3
16a4
16ad
16e9
1718
1724
181d
1859
1874
18b6
18b7
18e9
1901
1921
1927
1928
1929
192a
192b
192c
13d8
13e9
13ed
158b
15a3
15ac
15e0
161a
162d
165a
1661
1678
167e
168b
16b0
16b5
16b7
16b8
16c4
1724
1730
1827
1863
1872
18bf
18c0
18f1
1908
190f
1927
192d
192e
192f
1930
1931
13c5
13f6
1422
1426
144b
1456
15cc
15e4
15eb
161d
1659
1667
167d
1688
168d
168f
1691
169f
16c3
16c4
16c5
1725
1774
177d
186b
18b3
18f8
18fa
1910
1932
1933
1934
1935
1936
1937
13c0
13c4
13d9
140a
1457
1462
15d3
15ed
15f4
1624
165e
1665
166c
169c
16a1
16a3
16a5
16b3
16d7
16d8
16d9
1731
1748
177d
183c
18bc
1900
1902
1916
1932
1938
1939
193a
193b
193c
13d4
13d8
13ed
141d
1463
146d
15a8
15f6
15fd
162d
1641
166a
1671
16b0
16b5
16b7
16b9
16c2
16ea
16eb
16ec
173b
1748
1753
1846
18c5
1907
1909
191c
1938
193d
193e
193f
1940
1941
13b7
13e8
13ec
1401
1432
146c
15b1
15ff
1606
1635
1647
166f
1676
1684
1685
1686
16c7
16c9
16cb
16cd
16d6
1701
1753
175e
1850
18ce
18e1
18e2
1922
193d
1942
1943
1944
1945
1946
13cb
13fc
1400
1415
1433
143e
15ba
15db
160c
163c
164d
1674
167b
1698
1699
169a
16db
16dd
16df
16e1
16e9
170d
175e
1769
1859
18aa
18e9
18ea
1928
1942
1947
1948
1949
194a
194b
13df
1410
1414
1427
143f
144a
15c3
15d9
15e2
1615
1653
1679
167f
168b
16ac
16ad
16ae
16e6
16ef
16f1
16f3
1719
1769
1774
1863
18a8
18f1
18f2
192d
1933
1947
194c
194d
194e
194f
1692
16f4
1702
1722
173b
173c
175f
176a
18d2
18e7
18eb
1917
1948
1950
1951
1952
1953
1954
1955
1956
1957
1958
1959
195a
195b
195c
195d
195e
195f
1960
1961
1962
1963
1964
1965
1693
16a6
1701
1703
170e
172e
176b
1775
18d9
18ef
18f3
191d
194c
1950
1951
1966
1967
1968
1969
196a
196b
196c
196d
196e
196f
1970
1971
1972
1973
1974
1975
1976
1977
1978
1979
16a7
16ba
170d
170f
171a
1738
1776
177e
18ae
18f7
18fb
1923
1934
1966
1967
197a
197b
197c
197d
197e
197f
1980
1981
1982
1983
1984
1985
1986
1987
1988
1989
198a
198b
198c
198d
16bb
16ce
16fc
1719
171b
1726
1749
177f
18b7
18ff
1903
1929
1939
197a
197b
198e
198f
1990
1991
1992
1993
1994
1995
1996
1997
1998
1999
199a
199b
199c
199d
199e
199f
19a0
19a1
16cf
16e2
1708
1725
1727
1732
174a
1754
18c0
18df
190a
192e
193e
198e
198f
19a2
19a3
19a4
19a5
19a6
19a7
19a8
19a9
19aa
19ab
19ac
19ad
19ae
19af
19b0
19b1
19b2
19b3
19b4
19b5
16e3
16f5
1714
1731
1733
173d
1755
1760
18c9
18de
18e3
1911
1943
1952
1953
19a2
19a3
19b6
19b7
19b8
19b9
19ba
19bb
19bc
19bd
19be
19bf
19c0
19c1
19c2
19c3
19c4
19c5
19c6
19c7
16b4
16e4
1704
173e
1749
1767
177f
179e
17a8
1902
1915
1918
1939
1954
1955
1956
1957
1990
1991
1992
19b6
19c8
19c9
19ca
19cb
19cc
19cd
19ce
19cf
19d0
19d1
19d2
19d3
19d4
19d5
16c8
16f6
1705
1710
174a
1754
1772
17a9
17b2
1909
191b
191e
193e
1958
1968
1969
196a
196b
19a4
19a5
19a6
19c8
19c9
19d6
19d7
19d8
19d9
19da
19db
19dc
19dd
19de
19df
19e0
19e1
1694
16dc
1711
171c
1755
1760
177b
17b3
17ba
18e2
1921
1924
1943
196c
197c
197d
197e
197f
19b7
19b8
19b9
19d6
19d7
19e2
19e3
19e4
19e5
19e6
19e7
19e8
19e9
19ea
19eb
19ec
19ed
16a8
16ee
171d
1728
1744
175f
176a
178a
17bb
18ea
1927
192a
1948
1959
195a
195b
1980
1993
1994
1995
1996
19e2
19e3
19ee
19ef
19f0
19f1
19f2
19f3
19f4
19f5
19f6
19f7
19f8
19f9
168c
16bc
1729
1734
174f
176b
1775
178b
1794
18f2
190f
192f
194c
196d
196e
196f
1997
19a7
19a8
19a9
19aa
19ee
19ef
19fa
19fb
19fc
19fd
19fe
19ff
1a00
1a01
1a02
1a03
1a04
1a05
16a0
16d0
1735
173f
175a
1776
177e
1795
179f
18fa
190e
1912
1934
1981
1982
1983
19ab
19ba
19bb
19bc
19bd
19ca
19cb
19fa
19fb
1a06
1a07
1a08
1a09
1a0a
1a0b
1a0c
1a0d
1a0e
1a0f
16a4
16a8
1717
1733
174b
1780
178a
17a6
17bb
17da
17e4
1938
193a
1980
1990
1991
1992
1998
19ba
19cc
19f0
19f1
1a10
1a11
1a12
1a13
1a14
1a15
1a16
1a17
1a18
1a19
1a1a
1a1b
1a1c
16b8
16bc
1723
173c
174c
1756
178b
1794
17b0
17e5
17ee
193d
193f
1954
1997
19a4
19a5
19a6
19ac
19d8
19fc
19fd
1a10
1a11
1a1d
1a1e
1a1f
1a20
1a21
1a22
1a23
1a24
1a25
1a26
1a27
16cc
16d0
1703
172f
1757
1761
1795
179f
17b8
17ef
17f6
1942
1944
1968
19ab
19b7
19b8
19b9
19be
19e4
1a06
1a07
1a1d
1a1e
1a28
1a29
1a2a
1a2b
1a2c
1a2d
1a2e
1a2f
1a30
1a31
1a32
16e0
16e4
170f
1739
1762
176c
1786
179e
17a8
17c6
17f7
1947
1949
1959
195a
195b
195c
197c
19b6
19cd
19ce
19f2
1a28
1a29
1a33
1a34
1a35
1a36
1a37
1a38
1a39
1a3a
1a3b
1a3c
1a3d
16f2
16f6
16ff
171b
176d
1777
1790
17a9
17b2
17c7
17d0
1933
194d
1958
196d
196e
196f
1970
1993
19d9
19da
19fe
1a33
1a34
1a3e
1a3f
1a40
1a41
1a42
1a43
1a44
1a45
1a46
1a47
1a48
1690
1694
170b
1727
1778
1781
179a
17b3
17ba
17d1
17db
1932
1935
196c
1981
1982
1983
1984
19a7
19e5
19e6
1a08
1a12
1a13
1a3e
1a3f
1a49
1a4a
1a4b
1a4c
1a4d
1a4e
1a4f
1a50
1a51
1697
16a7
170d
170f
175d
1776
178c
17bc
17c6
17e2
17f7
1816
1820
1966
197c
1980
1982
19f0
19f1
19f3
1a14
1a35
1a36
1a52
1a53
1a54
1a55
1a56
1a57
1a58
1a59
1a5a
1a5b
1a5c
1a5d
16ab
16bb
1719
171b
1768
177f
178d
1796
17c7
17d0
17ec
1821
182a
197a
1991
1993
1997
19fc
19fd
19ff
1a1f
1a40
1a41
1a52
1a53
1a5e
1a5f
1a60
1a61
1a62
1a63
1a64
1a65
1a66
1a67
16bf
16cf
1725
1727
174a
1773
1797
17a0
17d1
17db
17f4
182b
1832
198e
19a5
19a7
19ab
1a06
1a07
1a09
1a2a
1a49
1a4a
1a5e
1a5f
1a68
1a69
1a6a
1a6b
1a6c
1a6d
1a6e
1a6f
1a70
1a71
16d3
16e3
1731
1733
1755
177c
17a1
17aa
17c2
17da
17e4
1802
1833
19a2
19b6
19b8
19ba
19cd
19ce
19cf
1a15
1a16
1a37
1a68
1a69
1a72
1a73
1a74
1a75
1a76
1a77
1a78
1a79
1a7a
1a7b
1683
16f4
173b
173c
1747
175f
17ab
17b4
17cc
17e5
17ee
1803
180c
1952
1954
1958
195a
19d9
19da
19db
1a20
1a21
1a42
1a72
1a73
1a7c
1a7d
1a7e
1a7f
1a80
1a81
1a82
1a83
1a84
1a85
1681
1693
1701
1703
1752
176b
17b5
17bd
17d6
17ef
17f6
180d
1817
1950
1968
196c
196e
19e5
19e6
19e7
1a2b
1a2c
1a4b
1a54
1a55
1a7c
1a7d
1a86
1a87
1a88
1a89
1a8a
1a8b
1a8c
1a8d
16dc
1707
1711
1755
179d
17b3
17c8
17f8
1802
181e
1833
1852
185c
197c
19b8
19d6
19e6
1a35
1a36
1a38
1a56
1a74
1a75
1a8e
1a8f
1a90
1a91
1a92
1a93
1a94
1a95
1a96
1a97
1a98
1a99
16ee
1713
171d
175f
17a7
17bb
17c9
17d2
1803
180c
1828
185d
1866
195a
1993
19e2
19f1
1a40
1a41
1a43
1a60
1a7e
1a7f
1a8e
1a8f
1a9a
1a9b
1a9c
1a9d
1a9e
1a9f
1aa0
1aa1
1aa2
1aa3
168c
171f
1729
176b
178b
17b1
17d3
17dc
180d
1817
1830
1867
186e
196e
19a7
19ee
19fd
1a49
1a4a
1a4c
1a6a
1a86
1a87
1a9a
1a9b
1aa4
1aa5
1aa6
1aa7
1aa8
1aa9
1aaa
1aab
1aac
1aad
16a0
172b
1735
1776
1795
17b9
17dd
17e6
17fe
1816
1820
183e
186f
1982
19ba
19fa
1a07
1a15
1a16
1a17
1a57
1a58
1a76
1aa4
1aa5
1aae
1aaf
1ab0
1ab1
1ab2
1ab3
1ab4
1ab5
1ab6
1ab7
16b4
16fb
173e
177f
1789
179e
17e7
17f0
1808
1821
182a
183f
1848
1954
1991
19ca
19ce
1a20
1a21
1a22
1a61
1a62
1a80
1aae
1aaf
1ab8
1ab9
1aba
1abb
1abc
1abd
1abe
1abf
1ac0
1ac1
16c8
16f9
1705
174a
1793
17a9
17f1
17f9
1812
182b
1832
1849
1853
1968
19a5
19c8
19da
1a2b
1a2c
1a2d
1a6b
1a6c
1a88
1a90
1a91
1ab8
1ab9
1ac2
1ac3
1ac4
1ac5
1ac6
1ac7
1ac8
1ac9
172f
174e
1757
1795
17d9
17ef
1804
1834
183e
185a
186f
188b
1894
19b8
1a07
1a1d
1a2c
1a74
1a75
1a77
1a92
1ab0
1ab1
1aca
1acb
1acc
1acd
1ace
1acf
1ad0
1ad1
1ad2
1ad3
1ad4
1ad5
1739
1759
1762
179e
17e3
17f7
1805
180e
183f
1848
1864
1895
189d
195a
19ce
1a28
1a36
1a7e
1a7f
1a81
1a9c
1aba
1abb
1aca
1acb
1ad6
1ad7
1ad8
1ad9
1ada
1adb
1adc
1add
1ade
1adf
16ff
1764
176d
17a9
17c7
17ed
180f
1818
1849
1853
186c
189e
18a4
196e
19da
1a33
1a41
1a86
1a87
1a89
1aa6
1ac2
1ac3
1ad6
1ad7
1ae0
1ae1
1ae2
1ae3
1ae4
1ae5
1ae6
1ae7
1ae8
1ae9
170b
176f
1778
17b3
17d1
17f5
1819
1822
183a
1852
185c
1879
18a5
1982
19e6
1a3e
1a4a
1a57
1a58
1a59
1a93
1a94
1ab2
1ae0
1ae1
1aea
1aeb
1aec
1aed
1aee
1aef
1af0
1af1
1af2
1af3
1717
1743
1780
17bb
17c5
17da
1823
182c
1844
185d
1866
187a
1882
1991
19f1
1a12
1a16
1a61
1a62
1a63
1a9d
1a9e
1abc
1aea
1aeb
1af4
1af5
1af6
1af7
1af8
1af9
1afa
1afb
1afc
1afd
1723
1741
174c
178b
17cf
17e5
182d
1835
184e
1867
186e
1883
188c
19a5
19fd
1a10
1a21
1a6b
1a6c
1a6d
1aa7
1aa8
1ac4
1acc
1acd
1af4
1af5
1afe
1aff
1b00
1b01
1b02
1b03
1b04
1b05
1773
178f
1797
17d1
1815
182b
1840
1870
1879
1892
18a5
18c1
18ca
1a07
1a4a
1a5e
1a6c
1ab0
1ab1
1ab3
1ace
1aec
1aed
1b06
1b07
1b08
1b09
1b0a
1b0b
1b0c
1b0d
1b0e
1b0f
1b10
1b11
177c
1799
17a1
17da
181f
1833
1841
184a
187a
1882
189b
18cb
18d3
19ce
1a16
1a68
1a75
1aba
1abb
1abd
1ad8
1af6
1af7
1b06
1b07
1b12
1b13
1b14
1b15
1b16
1b17
1b18
1b19
1b1a
1b1b
1747
17a3
17ab
17e5
1803
1829
184b
1854
1883
188c
18a2
18d4
18da
19da
1a21
1a72
1a7f
1ac2
1ac3
1ac5
1ae2
1afe
1aff
1b12
1b13
1b1c
1b1d
1b1e
1b1f
1b20
1b21
1b22
1b23
1b24
1b25
1752
17ad
17b5
17ef
180d
1831
1855
185e
1876
188b
1894
18af
18db
19e6
1a2c
1a7c
1a87
1a93
1a94
1a95
1acf
1ad0
1aee
1b1c
1b1d
1b26
1b27
1b28
1b29
1b2a
1b2b
1b2c
1b2d
1b2e
1b2f
175d
1785
17bc
17f7
1801
1816
185f
1868
187f
1895
189d
18b0
18b8
19f1
1a36
1a54
1a58
1a9d
1a9e
1a9f
1ad9
1ada
1af8
1b26
1b27
1b30
1b31
1b32
1b33
1b34
1b35
1b36
1b37
1b38
1b39
1768
1783
178d
17c7
180b
1821
1869
1871
1888
189e
18a4
18b9
18c2
19fd
1a41
1a52
1a62
1aa7
1aa8
1aa9
1ae3
1ae4
1b00
1b08
1b09
1b30
1b31
1b3a
1b3b
1b3c
1b3d
1b3e
1b3f
1b40
1b41
17b1
17cb
17d3
180d
1851
1867
187b
18a6
18af
18c8
18db
18f4
18fc
1971
1a4a
1a87
1a9a
1aa8
1aec
1aed
1aef
1b0a
1b28
1b29
1b42
1b43
1b44
1b45
1b46
1b47
1b48
1b49
1b4a
1b4b
1b4c
17b9
17d5
17dd
1816
185b
186f
187c
1884
18b0
18b8
18d1
18fd
1904
1985
1a16
1a58
1aa4
1ab1
1af6
1af7
1af9
1b14
1b32
1b33
1b42
1b43
1b4d
1b4e
1b4f
1b50
1b51
1b52
1b53
1b54
1b55
1789
17df
17e7
1821
183f
1865
1885
188d
18b9
18c2
18d8
1905
190b
1999
1a21
1a62
1aae
1abb
1afe
1aff
1b01
1b1e
1b3a
1b3b
1b4d
1b4e
1b56
1b57
1b58
1b59
1b5a
1b5b
1b5c
1b5d
1b5e
1793
17e9
17f1
182b
1849
186d
188e
1896
18ac
18c1
18ca
18e4
190c
19ad
1a2c
1a6c
1ab8
1ac3
1acf
1ad0
1ad1
1b0b
1b0c
1b2a
1b56
1b57
1b5f
1b60
1b61
1b62
1b63
1b64
1b65
1b66
1b67
179d
17c1
17f8
1833
183d
1852
1897
189f
18b5
18cb
18d3
18e5
18ec
19bf
1a36
1a75
1a90
1a94
1ad9
1ada
1adb
1b15
1b16
1b34
1b5f
1b60
1b68
1b69
1b6a
1b6b
1b6c
1b6d
1b6e
1b6f
1b70
17a7
17bf
17c9
1803
1847
185d
18a0
18a7
18be
18d4
18da
18ed
18f5
195d
1a41
1a7f
1a8e
1a9e
1ae3
1ae4
1ae5
1b1f
1b20
1b3c
1b44
1b45
1b68
1b69
1b71
1b72
1b73
1b74
1b75
1b76
1b77
17ed
1807
180f
1849
188a
189e
18b1
18dc
18e4
18f9
190c
191d
1925
1969
19ad
1a87
1ac3
1ad6
1ae4
1b28
1b29
1b2b
1b46
1b61
1b78
1b79
1b7a
1b7b
1b7c
1b7d
1b7e
1b7f
1b80
1b81
1b82
17f5
1811
1819
1852
1893
18a5
18b2
18ba
18e5
18ec
1901
1923
192b
197d
19bf
1a58
1a94
1ae0
1aed
1b32
1b33
1b35
1b4f
1b6a
1b78
1b79
1b83
1b84
1b85
1b86
1b87
1b88
1b89
1b8a
1b8b
17c5
181b
1823
185d
187a
189c
18bb
18c3
18ed
18f5
1908
1929
1930
195d
1994
1a62
1a9e
1aea
1af7
1b3a
1b3b
1b3d
1b58
1b71
1b83
1b84
1b8c
1b8d
1b8e
1b8f
1b90
1b91
1b92
1b93
1b94
17cf
1825
182d
1867
1883
18a3
18c4
18cc
18e0
18f4
18fc
1913
192e
1971
19a8
1a6c
1aa8
1af4
1aff
1b0b
1b0c
1b0d
1b47
1b62
1b8c
1b8d
1b95
1b96
1b97
1b98
1b99
1b9a
1b9b
1b9c
1b9d
17d9
17fd
1834
186f
1878
188b
18cd
18d5
18e8
18fd
1904
1911
1919
1985
19bb
1a75
1ab1
1acc
1ad0
1b15
1b16
1b17
1b50
1b6b
1b95
1b96
1b9e
1b9f
1ba0
1ba1
1ba2
1ba3
1ba4
1ba5
1ba6
17e3
17fb
1805
183f
1881
1895
18d6
18dd
18f0
1905
190b
1917
191f
1955
1999
1a7f
1abb
1aca
1ada
1b1f
1b20
1b21
1b59
1b72
1b7a
1b7b
1b9e
1b9f
1ba7
1ba8
1ba9
1baa
1bab
1bac
1bad
1829
1843
184b
1883
18c0
18d4
18e6
190a
1913
1922
192e
193e
1945
19a6
19a8
19ad
19ae
19c0
1ac3
1aff
1b12
1b20
1b61
1b63
1b7c
1b97
1bae
1baf
1bb0
1bb1
1bb2
1bb3
1bb4
1bb5
1bb6
1831
184d
1855
188b
18c9
18db
18e3
18ee
1911
1919
1928
1943
194a
195e
19b9
19bb
19bf
19c0
1a94
1ad0
1b1c
1b29
1b6a
1b6c
1b85
1ba0
1bae
1bb7
1bb8
1bb9
1bba
1bbb
1bbc
1bbd
1bbe
1801
1857
185f
1895
18b0
18d2
18eb
18f6
1917
191f
192d
1948
194e
1955
195b
195d
195e
1972
1a9e
1ada
1b26
1b33
1b71
1b73
1b8e
1ba7
1bb7
1bbf
1bc0
1bc1
1bc2
1bc3
1bc4
1bc5
1bc6
180b
1861
1869
189e
18b9
18d9
18f3
18fe
1910
191d
1925
1936
194c
1969
196f
1971
1972
1986
1aa8
1ae4
1b30
1b3b
1b47
1b48
1b7d
1b98
1bbf
1bc7
1bc8
1bc9
1bca
1bcb
1bcc
1bcd
1bce
1815
1839
1870
18a5
18ae
18c1
18fb
1906
1916
1923
192b
1934
193b
197d
1983
1985
1986
199a
1ab1
1aed
1b08
1b0c
1b50
1b51
1b86
1ba1
1bc7
1bcf
1bd0
1bd1
1bd2
1bd3
1bd4
1bd5
1bd6
181f
1837
1841
187a
18b7
18cb
1903
190d
191c
1929
1930
1939
1940
1992
1994
1999
199a
19ae
1abb
1af7
1b06
1b16
1b59
1b5a
1b8f
1ba8
1baf
1bcf
1bd7
1bd8
1bd9
1bda
1bdb
1bdc
1bdd
16bc
16cd
16d1
1865
187e
1885
18b9
18f2
1905
1914
192f
1936
194c
196f
1997
1999
199b
199c
19a8
1a00
1a0a
1aff
1b3b
1b4d
1b97
1b99
1bb0
1bc8
1bde
1bdf
1be0
1be1
1be2
1be3
1be4
16d0
16e1
16e5
186d
1887
188e
18c1
18fa
190c
1912
191a
1934
193b
1983
19ab
19ad
19af
19b0
19bb
19d0
1a0a
1ad0
1b0c
1b56
1ba0
1ba2
1bb8
1bd0
1bde
1be5
1be6
1be7
1be8
1be9
1bea
16e4
16f3
16f7
183d
1890
1897
18cb
18e5
1902
1918
1920
1939
1940
1955
1992
19b6
19bf
19c1
19c2
19d0
19dc
1ada
1b16
1b5f
1ba7
1ba9
1bc0
1bd7
1be5
1beb
1bec
1bed
1bee
1bef
1bf0
1691
1695
16f6
1847
1899
18a0
18d4
18ed
1909
191e
1926
193e
1945
1958
195d
195f
1960
1969
19a6
19dc
19e8
1ae4
1b20
1b68
1b7d
1b7e
1bb1
1bc9
1beb
1bf1
1bf2
1bf3
1bf4
1bf5
1bf6
1694
16a5
16a9
1851
1875
18a6
18db
18e2
18f4
1924
192c
1943
194a
196c
1971
1973
1974
197d
19b9
19e8
19f4
1aed
1b29
1b44
1b86
1b87
1bb9
1bd1
1bf1
1bf7
1bf8
1bf9
1bfa
1bfb
1bfc
16a8
16b9
16bd
185b
1873
187c
18b0
18ea
18fd
192a
1931
1948
194e
195b
1980
1985
1987
1988
1994
19f4
1a00
1af7
1b33
1b42
1b8f
1b90
1bc1
1bd8
1bdf
1bf7
1bfd
1bfe
1bff
1c00
1c01
1695
16c6
16f2
16f6
171b
1726
189c
18b4
18bb
18ed
1929
1937
194d
1958
195d
195f
1961
196f
1993
1994
1995
19f5
1a44
1a4d
1b3b
1b83
1bc8
1bca
1be0
1c02
1c03
1c04
1c05
1c06
1c07
1690
1694
16a9
16da
1727
1732
18a3
18bd
18c4
18f4
192e
1935
193c
196c
1971
1973
1975
1983
19a7
19a8
19a9
1a01
1a18
1a4d
1b0c
1b8c
1bd0
1bd2
1be6
1c02
1c08
1c09
1c0a
1c0b
1c0c
16a4
16a8
16bd
16ed
1733
173d
1878
18c6
18cd
18fd
1911
193a
1941
1980
1985
1987
1989
1992
19ba
19bb
19bc
1a0b
1a18
1a23
1b16
1b95
1bd7
1bd9
1bec
1c08
1c0d
1c0e
1c0f
1c10
1c11
1687
16b8
16bc
16d1
1702
173c
1881
18cf
18d6
1905
1917
193f
1946
1954
1955
1956
1997
1999
199b
199d
19a6
19d1
1a23
1a2e
1b20
1b9e
1bb1
1bb2
1bf2
1c0d
1c12
1c13
1c14
1c15
1c16
169b
16cc
16d0
16e5
1703
170e
188a
18ab
18dc
190c
191d
1944
194b
1968
1969
196a
19ab
19ad
19af
19b1
19b9
19dd
1a2e
1a39
1b29
1b7a
1bb9
1bba
1bf8
1c12
1c17
1c18
1c19
1c1a
1c1b
16af
16e0
16e4
16f7
170f
171a
1893
18a9
18b2
18e5
1923
1949
194f
195b
197c
197d
197e
19b6
19bf
19c1
19c3
19e9
1a39
1a44
1b33
1b78
1bc1
1bc2
1bfd
1c03
1c17
1c1c
1c1d
1c1e
1c1f
1962
19c4
19d2
19f2
1a0b
1a0c
1a2f
1a3a
1ba2
1bb7
1bbb
1be7
1c18
1c20
1c21
1c22
1c23
1c24
1c25
1c26
1c27
1c28
1c29
1c2a
1c2b
1c2c
1c2d
1c2e
1c2f
1c30
1c31
1c32
1c33
1c34
1c35
1963
1976
19d1
19d3
19de
19fe
1a3b
1a45
1ba9
1bbf
1bc3
1bed
1c1c
1c20
1c21
1c36
1c37
1c38
1c39
1c3a
1c3b
1c3c
1c3d
1c3e
1c3f
1c40
1c41
1c42
1c43
1c44
1c45
1c46
1c47
1c48
1c49
1977
198a
19dd
19df
19ea
1a08
1a46
1a4e
1b7e
1bc7
1bcb
1bf3
1c04
1c36
1c37
1c4a
1c4b
1c4c
1c4d
1c4e
1c4f
1c50
1c51
1c52
1c53
1c54
1c55
1c56
1c57
1c58
1c59
1c5a
1c5b
1c5c
1c5d
198b
199e
19cc
19e9
19eb
19f6
1a19
1a4f
1b87
1bcf
1bd3
1bf9
1c09
1c4a
1c4b
1c5e
1c5f
1c60
1c61
1c62
1c63
1c64
1c65
1c66
1c67
1c68
1c69
1c6a
1c6b
1c6c
1c6d
1c6e
1c6f
1c70
1c71
199f
19b2
19d8
19f5
19f7
1a02
1a1a
1a24
1b90
1baf
1bda
1bfe
1c0e
1c5e
1c5f
1c72
1c73
1c74
1c75
1c76
1c77
1c78
1c79
1c7a
1c7b
1c7c
1c7d
1c7e
1c7f
1c80
1c81
1c82
1c83
1c84
1c85
19b3
19c5
19e4
1a01
1a03
1a0d
1a25
1a30
1b99
1bae
1bb3
1be1
1c13
1c22
1c23
1c72
1c73
1c86
1c87
1c88
1c89
1c8a
1c8b
1c8c
1c8d
1c8e
1c8f
1c90
1c91
1c92
1c93
1c94
1c95
1c96
1c97
1984
19b4
19d4
1a0e
1a19
1a37
1a4f
1a6e
1a78
1bd2
1be5
1be8
1c09
1c24
1c25
1c26
1c27
1c60
1c61
1c62
1c86
1c98
1c99
1c9a
1c9b
1c9c
1c9d
1c9e
1c9f
1ca0
1ca1
1ca2
1ca3
1ca4
1ca5
1998
19c6
19d5
19e0
1a1a
1a24
1a42
1a79
1a82
1bd9
1beb
1bee
1c0e
1c28
1c38
1c39
1c3a
1c3b
1c74
1c75
1c76
1c98
1c99
1ca6
1ca7
1ca8
1ca9
1caa
1cab
1cac
1cad
1cae
1caf
1cb0
1cb1
1964
19ac
19e1
19ec
1a25
1a30
1a4b
1a83
1a8a
1bb2
1bf1
1bf4
1c13
1c3c
1c4c
1c4d
1c4e
1c4f
1c87
1c88
1c89
1ca6
1ca7
1cb2
1cb3
1cb4
1cb5
1cb6
1cb7
1cb8
1cb9
1cba
1cbb
1cbc
1cbd
1978
19be
19ed
19f8
1a14
1a2f
1a3a
1a5a
1a8b
1bba
1bf7
1bfa
1c18
1c29
1c2a
1c2b
1c50
1c63
1c64
1c65
1c66
1cb2
1cb3
1cbe
1cbf
1cc0
1cc1
1cc2
1cc3
1cc4
1cc5
1cc6
1cc7
1cc8
1cc9
195c
198c
19f9
1a04
1a1f
1a3b
1a45
1a5b
1a64
1bc2
1bdf
1bff
1c1c
1c3d
1c3e
1c3f
1c67
1c77
1c78
1c79
1c7a
1cbe
1cbf
1cca
1ccb
1ccc
1ccd
1cce
1ccf
1cd0
1cd1
1cd2
1cd3
1cd4
1cd5
1970
19a0
1a05
1a0f
1a2a
1a46
1a4e
1a65
1a6f
1bca
1bde
1be2
1c04
1c51
1c52
1c53
1c7b
1c8a
1c8b
1c8c
1c8d
1c9a
1c9b
1cca
1ccb
1cd6
1cd7
1cd8
1cd9
1cda
1cdb
1cdc
1cdd
1cde
1cdf
1974
1978
19e7
1a03
1a1b
1a50
1a5a
1a76
1a8b
1aaa
1ab4
1c08
1c0a
1c50
1c60
1c61
1c62
1c68
1c8a
1c9c
1cc0
1cc1
1ce0
1ce1
1ce2
1ce3
1ce4
1ce5
1ce6
1ce7
1ce8
1ce9
1cea
1ceb
1cec
1988
198c
19f3
1a0c
1a1c
1a26
1a5b
1a64
1a80
1ab5
1abe
1c0d
1c0f
1c24
1c67
1c74
1c75
1c76
1c7c
1ca8
1ccc
1ccd
1ce0
1ce1
1ced
1cee
1cef
1cf0
1cf1
1cf2
1cf3
1cf4
1cf5
1cf6
1cf7
199c
19a0
19d3
19ff
1a27
1a31
1a65
1a6f
1a88
1abf
1ac6
1c12
1c14
1c38
1c7b
1c87
1c88
1c89
1c8e
1cb4
1cd6
1cd7
1ced
1cee
1cf8
1cf9
1cfa
1cfb
1cfc
1cfd
1cfe
1cff
1d00
1d01
1d02
19b0
19b4
19df
1a09
1a32
1a3c
1a56
1a6e
1a78
1a96
1ac7
1c17
1c19
1c29
1c2a
1c2b
1c2c
1c4c
1c86
1c9d
1c9e
1cc2
1cf8
1cf9
1d03
1d04
1d05
1d06
1d07
1d08
1d09
1d0a
1d0b
1d0c
1d0d
19c2
19c6
19cf
19eb
1a3d
1a47
1a60
1a79
1a82
1a97
1aa0
1c03
1c1d
1c28
1c3d
1c3e
1c3f
1c40
1c63
1ca9
1caa
1cce
1d03
1d04
1d0e
1d0f
1d10
1d11
1d12
1d13
1d14
1d15
1d16
1d17
1d18
1960
1964
19db
19f7
1a48
1a51
1a6a
1a83
1a8a
1aa1
1aab
1c02
1c05
1c3c
1c51
1c52
1c53
1c54
1c77
1cb5
1cb6
1cd8
1ce2
1ce3
1d0e
1d0f
1d19
1d1a
1d1b
1d1c
1d1d
1d1e
1d1f
1d20
1d21
1967
1977
19dd
19df
1a2d
1a46
1a5c
1a8c
1a96
1ab2
1ac7
1ae6
1af0
1c36
1c4c
1c50
1c52
1cc0
1cc1
1cc3
1ce4
1d05
1d06
1d22
1d23
1d24
1d25
1d26
1d27
1d28
1d29
1d2a
1d2b
1d2c
1d2d
197b
198b
19e9
19eb
1a38
1a4f
1a5d
1a66
1a97
1aa0
1abc
1af1
1afa
1c4a
1c61
1c63
1c67
1ccc
1ccd
1ccf
1cef
1d10
1d11
1d22
1d23
1d2e
1d2f
1d30
1d31
1d32
1d33
1d34
1d35
1d36
1d37
198f
199f
19f5
19f7
1a1a
1a43
1a67
1a70
1aa1
1aab
1ac4
1afb
1b02
1c5e
1c75
1c77
1c7b
1cd6
1cd7
1cd9
1cfa
1d19
1d1a
1d2e
1d2f
1d38
1d39
1d3a
1d3b
1d3c
1d3d
1d3e
1d3f
1d40
1d41
19a3
19b3
1a01
1a03
1a25
1a4c
1a71
1a7a
1a92
1aaa
1ab4
1ad2
1b03
1c72
1c86
1c88
1c8a
1c9d
1c9e
1c9f
1ce5
1ce6
1d07
1d38
1d39
1d42
1d43
1d44
1d45
1d46
1d47
1d48
1d49
1d4a
1d4b
1953
19c4
1a0b
1a0c
1a17
1a2f
1a7b
1a84
1a9c
1ab5
1abe
1ad3
1adc
1c22
1c24
1c28
1c2a
1ca9
1caa
1cab
1cf0
1cf1
1d12
1d42
1d43
1d4c
1d4d
1d4e
1d4f
1d50
1d51
1d52
1d53
1d54
1d55
1951
1963
19d1
19d3
1a22
1a3b
1a85
1a8d
1aa6
1abf
1ac6
1add
1ae7
1c20
1c38
1c3c
1c3e
1cb5
1cb6
1cb7
1cfb
1cfc
1d1b
1d24
1d25
1d4c
1d4d
1d56
1d57
1d58
1d59
1d5a
1d5b
1d5c
1d5d
19ac
19d7
19e1
1a25
1a6d
1a83
1a98
1ac8
1ad2
1aee
1b03
1b22
1b2c
1c4c
1c88
1ca6
1cb6
1d05
1d06
1d08
1d26
1d44
1d45
1d5e
1d5f
1d60
1d61
1d62
1d63
1d64
1d65
1d66
1d67
1d68
1d69
19be
19e3
19ed
1a2f
1a77
1a8b
1a99
1aa2
1ad3
1adc
1af8
1b2d
1b36
1c2a
1c63
1cb2
1cc1
1d10
1d11
1d13
1d30
1d4e
1d4f
1d5e
1d5f
1d6a
1d6b
1d6c
1d6d
1d6e
1d6f
1d70
1d71
1d72
1d73
195c
19ef
19f9
1a3b
1a5b
1a81
1aa3
1aac
1add
1ae7
1b00
1b37
1b3e
1c3e
1c77
1cbe
1ccd
1d19
1d1a
1d1c
1d3a
1d56
1d57
1d6a
1d6b
1d74
1d75
1d76
1d77
1d78
1d79
1d7a
1d7b
1d7c
1d7d
1970
19fb
1a05
1a46
1a65
1a89
1aad
1ab6
1ace
1ae6
1af0
1b0e
1b3f
1c52
1c8a
1cca
1cd7
1ce5
1ce6
1ce7
1d27
1d28
1d46
1d74
1d75
1d7e
1d7f
1d80
1d81
1d82
1d83
1d84
1d85
1d86
1d87
1984
19cb
1a0e
1a4f
1a59
1a6e
1ab7
1ac0
1ad8
1af1
1afa
1b0f
1b18
1c24
1c61
1c9a
1c9e
1cf0
1cf1
1cf2
1d31
1d32
1d50
1d7e
1d7f
1d88
1d89
1d8a
1d8b
1d8c
1d8d
1d8e
1d8f
1d90
1d91
1998
19c9
19d5
1a1a
1a63
1a79
1ac1
1ac9
1ae2
1afb
1b02
1b19
1b23
1c38
1c75
1c98
1caa
1cfb
1cfc
1cfd
1d3b
1d3c
1d58
1d60
1d61
1d88
1d89
1d92
1d93
1d94
1d95
1d96
1d97
1d98
1d99
19ff
1a1e
1a27
1a65
1aa9
1abf
1ad4
1b04
1b0e
1b2a
1b3f
1b5b
1b64
1c88
1cd7
1ced
1cfc
1d44
1d45
1d47
1d62
1d80
1d81
1d9a
1d9b
1d9c
1d9d
1d9e
1d9f
1da0
1da1
1da2
1da3
1da4
1da5
1a09
1a29
1a32
1a6e
1ab3
1ac7
1ad5
1ade
1b0f
1b18
1b34
1b65
1b6d
1c2a
1c9e
1cf8
1d06
1d4e
1d4f
1d51
1d6c
1d8a
1d8b
1d9a
1d9b
1da6
1da7
1da8
1da9
1daa
1dab
1dac
1dad
1dae
1daf
19cf
1a34
1a3d
1a79
1a97
1abd
1adf
1ae8
1b19
1b23
1b3c
1b6e
1b74
1c3e
1caa
1d03
1d11
1d56
1d57
1d59
1d76
1d92
1d93
1da6
1da7
1db0
1db1
1db2
1db3
1db4
1db5
1db6
1db7
1db8
1db9
19db
1a3f
1a48
1a83
1aa1
1ac5
1ae9
1af2
1b0a
1b22
1b2c
1b49
1b75
1c52
1cb6
1d0e
1d1a
1d27
1d28
1d29
1d63
1d64
1d82
1db0
1db1
1dba
1dbb
1dbc
1dbd
1dbe
1dbf
1dc0
1dc1
1dc2
1dc3
19e7
1a13
1a50
1a8b
1a95
1aaa
1af3
1afc
1b14
1b2d
1b36
1b4a
1b52
1c61
1cc1
1ce2
1ce6
1d31
1d32
1d33
1d6d
1d6e
1d8c
1dba
1dbb
1dc4
1dc5
1dc6
1dc7
1dc8
1dc9
1dca
1dcb
1dcc
1dcd
19f3
1a11
1a1c
1a5b
1a9f
1ab5
1afd
1b05
1b1e
1b37
1b3e
1b53
1b5c
1c75
1ccd
1ce0
1cf1
1d3b
1d3c
1d3d
1d77
1d78
1d94
1d9c
1d9d
1dc4
1dc5
1dce
1dcf
1dd0
1dd1
1dd2
1dd3
1dd4
1dd5
1a43
1a5f
1a67
1aa1
1ae5
1afb
1b10
1b40
1b49
1b62
1b75
1b91
1b9a
1cd7
1d1a
1d2e
1d3c
1d80
1d81
1d83
1d9e
1dbc
1dbd
1dd6
1dd7
1dd8
1dd9
1dda
1ddb
1ddc
1ddd
1dde
1ddf
1de0
1de1
1a4c
1a69
1a71
1aaa
1aef
1b03
1b11
1b1a
1b4a
1b52
1b6b
1b9b
1ba3
1c9e
1ce6
1d38
1d45
1d8a
1d8b
1d8d
1da8
1dc6
1dc7
1dd6
1dd7
1de2
1de3
1de4
1de5
1de6
1de7
1de8
1de9
1dea
1deb
1a17
1a73
1a7b
1ab5
1ad3
1af9
1b1b
1b24
1b53
1b5c
1b72
1ba4
1baa
1caa
1cf1
1d42
1d4f
1d92
1d93
1d95
1db2
1dce
1dcf
1de2
1de3
1dec
1ded
1dee
1def
1df0
1df1
1df2
1df3
1df4
1df5
1a22
1a7d
1a85
1abf
1add
1b01
1b25
1b2e
1b46
1b5b
1b64
1b7f
1bab
1cb6
1cfc
1d4c
1d57
1d63
1d64
1d65
1d9f
1da0
1dbe
1dec
1ded
1df6
1df7
1df8
1df9
1dfa
1dfb
1dfc
1dfd
1dfe
1dff
1a2d
1a55
1a8c
1ac7
1ad1
1ae6
1b2f
1b38
1b4f
1b65
1b6d
1b80
1b88
1cc1
1d06
1d24
1d28
1d6d
1d6e
1d6f
1da9
1daa
1dc8
1df6
1df7
1e00
1e01
1e02
1e03
1e04
1e05
1e06
1e07
1e08
1e09
1a38
1a53
1a5d
1a97
1adb
1af1
1b39
1b41
1b58
1b6e
1b74
1b89
1b92
1ccd
1d11
1d22
1d32
1d77
1d78
1d79
1db3
1db4
1dd0
1dd8
1dd9
1e00
1e01
1e0a
1e0b
1e0c
1e0d
1e0e
1e0f
1e10
1e11
1a81
1a9b
1aa3
1add
1b21
1b37
1b4b
1b76
1b7f
1b98
1bab
1bc4
1bcc
1c41
1d1a
1d57
1d6a
1d78
1dbc
1dbd
1dbf
1dda
1df8
1df9
1e12
1e13
1e14
1e15
1e16
1e17
1e18
1e19
1e1a
1e1b
1e1c
1a89
1aa5
1aad
1ae6
1b2b
1b3f
1b4c
1b54
1b80
1b88
1ba1
1bcd
1bd4
1c55
1ce6
1d28
1d74
1d81
1dc6
1dc7
1dc9
1de4
1e02
1e03
1e12
1e13
1e1d
1e1e
1e1f
1e20
1e21
1e22
1e23
1e24
1e25
1a59
1aaf
1ab7
1af1
1b0f
1b35
1b55
1b5d
1b89
1b92
1ba8
1bd5
1bdb
1c69
1cf1
1d32
1d7e
1d8b
1dce
1dcf
1dd1
1dee
1e0a
1e0b
1e1d
1e1e
1e26
1e27
1e28
1e29
1e2a
1e2b
1e2c
1e2d
1e2e
1a63
1ab9
1ac1
1afb
1b19
1b3d
1b5e
1b66
1b7c
1b91
1b9a
1bb4
1bdc
1c7d
1cfc
1d3c
1d88
1d93
1d9f
1da0
1da1
1ddb
1ddc
1dfa
1e26
1e27
1e2f
1e30
1e31
1e32
1e33
1e34
1e35
1e36
1e37
1a6d
1a91
1ac8
1b03
1b0d
1b22
1b67
1b6f
1b85
1b9b
1ba3
1bb5
1bbc
1c8f
1d06
1d45
1d60
1d64
1da9
1daa
1dab
1de5
1de6
1e04
1e2f
1e30
1e38
1e39
1e3a
1e3b
1e3c
1e3d
1e3e
1e3f
1e40
1a77
1a8f
1a99
1ad3
1b17
1b2d
1b70
1b77
1b8e
1ba4
1baa
1bbd
1bc5
1c2d
1d11
1d4f
1d5e
1d6e
1db3
1db4
1db5
1def
1df0
1e0c
1e14
1e15
1e38
1e39
1e41
1e42
1e43
1e44
1e45
1e46
1e47
1abd
1ad7
1adf
1b19
1b5a
1b6e
1b81
1bac
1bb4
1bc9
1bdc
1bed
1bf5
1c39
1c7d
1d57
1d93
1da6
1db4
1df8
1df9
1dfb
1e16
1e31
1e48
1e49
1e4a
1e4b
1e4c
1e4d
1e4e
1e4f
1e50
1e51
1e52
1ac5
1ae1
1ae9
1b22
1b63
1b75
1b82
1b8a
1bb5
1bbc
1bd1
1bf3
1bfb
1c4d
1c8f
1d28
1d64
1db0
1dbd
1e02
1e03
1e05
1e1f
1e3a
1e48
1e49
1e53
1e54
1e55
1e56
1e57
1e58
1e59
1e5a
1e5b
1a95
1aeb
1af3
1b2d
1b4a
1b6c
1b8b
1b93
1bbd
1bc5
1bd8
1bf9
1c00
1c2d
1c64
1d32
1d6e
1dba
1dc7
1e0a
1e0b
1e0d
1e28
1e41
1e53
1e54
1e5c
1e5d
1e5e
1e5f
1e60
1e61
1e62
1e63
1e64
1a9f
1af5
1afd
1b37
1b53
1b73
1b94
1b9c
1bb0
1bc4
1bcc
1be3
1bfe
1c41
1c78
1d3c
1d78
1dc4
1dcf
1ddb
1ddc
1ddd
1e17
1e32
1e5c
1e5d
1e65
1e66
1e67
1e68
1e69
1e6a
1e6b
1e6c
1e6d
1aa9
1acd
1b04
1b3f
1b48
1b5b
1b9d
1ba5
1bb8
1bcd
1bd4
1be1
1be9
1c55
1c8b
1d45
1d81
1d9c
1da0
1de5
1de6
1de7
1e20
1e3b
1e65
1e66
1e6e
1e6f
1e70
1e71
1e72
1e73
1e74
1e75
1e76
1ab3
1acb
1ad5
1b0f
1b51
1b65
1ba6
1bad
1bc0
1bd5
1bdb
1be7
1bef
1c25
1c69
1d4f
1d8b
1d9a
1daa
1def
1df0
1df1
1e29
1e42
1e4a
1e4b
1e6e
1e6f
1e77
1e78
1e79
1e7a
1e7b
1e7c
1e7d
1af9
1b13
1b1b
1b53
1b90
1ba4
1bb6
1bda
1be3
1bf2
1bfe
1c0e
1c15
1c76
1c78
1c7d
1c7e
1c90
1d93
1dcf
1de2
1df0
1e31
1e33
1e4c
1e67
1e7e
1e7f
1e80
1e81
1e82
1e83
1e84
1e85
1e86
1b01
1b1d
1b25
1b5b
1b99
1bab
1bb3
1bbe
1be1
1be9
1bf8
1c13
1c1a
1c2e
1c89
1c8b
1c8f
1c90
1d64
1da0
1dec
1df9
1e3a
1e3c
1e55
1e70
1e7e
1e87
1e88
1e89
1e8a
1e8b
1e8c
1e8d
1e8e
1ad1
1b27
1b2f
1b65
1b80
1ba2
1bbb
1bc6
1be7
1bef
1bfd
1c18
1c1e
1c25
1c2b
1c2d
1c2e
1c42
1d6e
1daa
1df6
1e03
1e41
1e43
1e5e
1e77
1e87
1e8f
1e90
1e91
1e92
1e93
1e94
1e95
1e96
1adb
1b31
1b39
1b6e
1b89
1ba9
1bc3
1bce
1be0
1bed
1bf5
1c06
1c1c
1c39
1c3f
1c41
1c42
1c56
1d78
1db4
1e00
1e0b
1e17
1e18
1e4d
1e68
1e8f
1e97
1e98
1e99
1e9a
1e9b
1e9c
1e9d
1e9e
1ae5
1b09
1b40
1b75
1b7e
1b91
1bcb
1bd6
1be6
1bf3
1bfb
1c04
1c0b
1c4d
1c53
1c55
1c56
1c6a
1d81
1dbd
1dd8
1ddc
1e20
1e21
1e56
1e71
1e97
1e9f
1ea0
1ea1
1ea2
1ea3
1ea4
1ea5
1ea6
1aef
1b07
1b11
1b4a
1b87
1b9b
1bd3
1bdd
1bec
1bf9
1c00
1c09
1c10
1c62
1c64
1c69
1c6a
1c7e
1d8b
1dc7
1dd6
1de6
1e29
1e2a
1e5f
1e78
1e7f
1e9f
1ea7
1ea8
1ea9
1eaa
1eab
1eac
1ead
198c
199d
19a1
1b35
1b4e
1b55
1b89
1bc2
1bd5
1be4
1bff
1c06
1c1c
1c3f
1c67
1c69
1c6b
1c6c
1c78
1cd0
1cda
1dcf
1e0b
1e1d
1e67
1e69
1e80
1e98
1eae
1eaf
1eb0
1eb1
1eb2
1eb3
1eb4
19a0
19b1
19b5
1b3d
1b57
1b5e
1b91
1bca
1bdc
1be2
1bea
1c04
1c0b
1c53
1c7b
1c7d
1c7f
1c80
1c8b
1ca0
1cda
1da0
1ddc
1e26
1e70
1e72
1e88
1ea0
1eae
1eb5
1eb6
1eb7
1eb8
1eb9
1eba
19b4
19c3
19c7
1b0d
1b60
1b67
1b9b
1bb5
1bd2
1be8
1bf0
1c09
1c10
1c25
1c62
1c86
1c8f
1c91
1c92
1ca0
1cac
1daa
1de6
1e2f
1e77
1e79
1e90
1ea7
1eb5
1ebb
1ebc
1ebd
1ebe
1ebf
1ec0
1961
1965
19c6
1b17
1b69
1b70
1ba4
1bbd
1bd9
1bee
1bf6
1c0e
1c15
1c28
1c2d
1c2f
1c30
1c39
1c76
1cac
1cb8
1db4
1df0
1e38
1e4d
1e4e
1e81
1e99
1ebb
1ec1
1ec2
1ec3
1ec4
1ec5
1ec6
1964
1975
1979
1b21
1b45
1b76
1bab
1bb2
1bc4
1bf4
1bfc
1c13
1c1a
1c3c
1c41
1c43
1c44
1c4d
1c89
1cb8
1cc4
1dbd
1df9
1e14
1e56
1e57
1e89
1ea1
1ec1
1ec7
1ec8
1ec9
1eca
1ecb
1ecc
1978
1989
198d
1b2b
1b43
1b4c
1b80
1bba
1bcd
1bfa
1c01
1c18
1c1e
1c2b
1c50
1c55
1c57
1c58
1c64
1cc4
1cd0
1dc7
1e03
1e12
1e5f
1e60
1e91
1ea8
1eaf
1ec7
1ecd
1ece
1ecf
1ed0
1ed1
1965
1996
19c2
19c6
19eb
19f6
1b6c
1b84
1b8b
1bbd
1bf9
1c07
1c1d
1c28
1c2d
1c2f
1c31
1c3f
1c63
1c64
1c65
1cc5
1d14
1d1d
1e0b
1e53
1e98
1e9a
1eb0
1ed2
1ed3
1ed4
1ed5
1ed6
1ed7
1960
1964
1979
19aa
19f7
1a02
1b73
1b8d
1b94
1bc4
1bfe
1c05
1c0c
1c3c
1c41
1c43
1c45
1c53
1c77
1c78
1c79
1cd1
1ce8
1d1d
1ddc
1e5c
1ea0
1ea2
1eb6
1ed2
1ed8
1ed9
1eda
1edb
1edc
1974
1978
198d
19bd
1a03
1a0d
1b48
1b96
1b9d
1bcd
1be1
1c0a
1c11
1c50
1c55
1c57
1c59
1c62
1c8a
1c8b
1c8c
1cdb
1ce8
1cf3
1de6
1e65
1ea7
1ea9
1ebc
1ed8
1edd
1ede
1edf
1ee0
1ee1
1957
1988
198c
19a1
19d2
1a0c
1b51
1b9f
1ba6
1bd5
1be7
1c0f
1c16
1c24
1c25
1c26
1c67
1c69
1c6b
1c6d
1c76
1ca1
1cf3
1cfe
1df0
1e6e
1e81
1e82
1ec2
1edd
1ee2
1ee3
1ee4
1ee5
1ee6
196b
199c
19a0
19b5
19d3
19de
1b5a
1b7b
1bac
1bdc
1bed
1c14
1c1b
1c38
1c39
1c3a
1c7b
1c7d
1c7f
1c81
1c89
1cad
1cfe
1d09
1df9
1e4a
1e89
1e8a
1ec8
1ee2
1ee7
1ee8
1ee9
1eea
1eeb
197f
19b0
19b4
19c7
19df
19ea
1b63
1b79
1b82
1bb5
1bf3
1c19
1c1f
1c2b
1c4c
1c4d
1c4e
1c86
1c8f
1c91
1c93
1cb9
1d09
1d14
1e03
1e48
1e91
1e92
1ecd
1ed3
1ee7
1eec
1eed
1eee
1eef
1c32
1c94
1ca2
1cc2
1cdb
1cdc
1cff
1d0a
1e72
1e87
1e8b
1eb7
1ee8
1ef0
1ef1
1ef2
1ef3
1ef4
1ef5
1ef6
1ef7
1ef8
1ef9
1efa
1efb
1efc
1efd
1efe
1eff
1f00
1f01
1f02
1f03
1f04
1f05
1c33
1c46
1ca1
1ca3
1cae
1cce
1d0b
1d15
1e79
1e8f
1e93
1ebd
1eec
1ef0
1ef1
1f06
1f07
1f08
1f09
1f0a
1f0b
1f0c
1f0d
1f0e
1f0f
1f10
1f11
1f12
1f13
1f14
1f15
1f16
1f17
1f18
1f19
1c47
1c5a
1cad
1caf
1cba
1cd8
1d16
1d1e
1e4e
1e97
1e9b
1ec3
1ed4
1f06
1f07
1f1a
1f1b
1f1c
1f1d
1f1e
1f1f
1f20
1f21
1f22
1f23
1f24
1f25
1f26
1f27
1f28
1f29
1f2a
1f2b
1f2c
1f2d
1c5b
1c6e
1c9c
1cb9
1cbb
1cc6
1ce9
1d1f
1e57
1e9f
1ea3
1ec9
1ed9
1f1a
1f1b
1f2e
1f2f
1f30
1f31
1f32
1f33
1f34
1f35
1f36
1f37
1f38
1f39
1f3a
1f3b
1f3c
1f3d
1f3e
1f3f
1f40
1f41
1c6f
1c82
1ca8
1cc5
1cc7
1cd2
1cea
1cf4
1e60
1e7f
1eaa
1ece
1ede
1f2e
1f2f
1f42
1f43
1f44
1f45
1f46
1f47
1f48
1f49
1f4a
1f4b
1f4c
1f4d
1f4e
1f4f
1f50
1f51
1f52
1f53
1f54
1f55
1c83
1c95
1cb4
1cd1
1cd3
1cdd
1cf5
1d00
1e69
1e7e
1e83
1eb1
1ee3
1ef2
1ef3
1f42
1f43
1f56
1f57
1f58
1f59
1f5a
1f5b
1f5c
1f5d
1f5e
1f5f
1f60
1f61
1f62
1f63
1f64
1f65
1f66
1f67
1c54
1c84
1ca4
1cde
1ce9
1d07
1d1f
1d3e
1d48
1ea2
1eb5
1eb8
1ed9
1ef4
1ef5
1ef6
1ef7
1f30
1f31
1f32
1f56
1f68
1f69
1f6a
1f6b
1f6c
1f6d
1f6e
1f6f
1f70
1f71
1f72
1f73
1f74
1f75
1c68
1c96
1ca5
1cb0
1cea
1cf4
1d12
1d49
1d52
1ea9
1ebb
1ebe
1ede
1ef8
1f08
1f09
1f0a
1f0b
1f44
1f45
1f46
1f68
1f69
1f76
1f77
1f78
1f79
1f7a
1f7b
1f7c
1f7d
1f7e
1f7f
1f80
1f81
1c34
1c7c
1cb1
1cbc
1cf5
1d00
1d1b
1d53
1d5a
1e82
1ec1
1ec4
1ee3
1f0c
1f1c
1f1d
1f1e
1f1f
1f57
1f58
1f59
1f76
1f77
1f82
1f83
1f84
1f85
1f86
1f87
1f88
1f89
1f8a
1f8b
1f8c
1f8d
1c48
1c8e
1cbd
1cc8
1ce4
1cff
1d0a
1d2a
1d5b
1e8a
1ec7
1eca
1ee8
1ef9
1efa
1efb
1f20
1f33
1f34
1f35
1f36
1f82
1f83
1f8e
1f8f
1f90
1f91
1f92
1f93
1f94
1f95
1f96
1f97
1f98
1f99
1c2c
1c5c
1cc9
1cd4
1cef
1d0b
1d15
1d2b
1d34
1e92
1eaf
1ecf
1eec
1f0d
1f0e
1f0f
1f37
1f47
1f48
1f49
1f4a
1f8e
1f8f
1f9a
1f9b
1f9c
1f9d
1f9e
1f9f
1fa0
1fa1
1fa2
1fa3
1fa4
1fa5
1c40
1c70
1cd5
1cdf
1cfa
1d16
1d1e
1d35
1d3f
1e9a
1eae
1eb2
1ed4
1f21
1f22
1f23
1f4b
1f5a
1f5b
1f5c
1f5d
1f6a
1f6b
1f9a
1f9b
1fa6
1fa7
1fa8
1fa9
1faa
1fab
1fac
1fad
1fae
1faf
1c44
1c48
1cb7
1cd3
1ceb
1d20
1d2a
1d46
1d5b
1d7a
1d84
1ed8
1eda
1f20
1f30
1f31
1f32
1f38
1f5a
1f6c
1f90
1f91
1fb0
1fb1
1fb2
1fb3
1fb4
1fb5
1fb6
1fb7
1fb8
1fb9
1fba
1fbb
1fbc
1c58
1c5c
1cc3
1cdc
1cec
1cf6
1d2b
1d34
1d50
1d85
1d8e
1edd
1edf
1ef4
1f37
1f44
1f45
1f46
1f4c
1f78
1f9c
1f9d
1fb0
1fb1
1fbd
1fbe
1fbf
1fc0
1fc1
1fc2
1fc3
1fc4
1fc5
1fc6
1fc7
1c6c
1c70
1ca3
1ccf
1cf7
1d01
1d35
1d3f
1d58
1d8f
1d96
1ee2
1ee4
1f08
1f4b
1f57
1f58
1f59
1f5e
1f84
1fa6
1fa7
1fbd
1fbe
1fc8
1fc9
1fca
1fcb
1fcc
1fcd
1fce
1fcf
1fd0
1fd1
1fd2
1c80
1c84
1caf
1cd9
1d02
1d0c
1d26
1d3e
1d48
1d66
1d97
1ee7
1ee9
1ef9
1efa
1efb
1efc
1f1c
1f56
1f6d
1f6e
1f92
1fc8
1fc9
1fd3
1fd4
1fd5
1fd6
1fd7
1fd8
1fd9
1fda
1fdb
1fdc
1fdd
1c92
1c96
1c9f
1cbb
1d0d
1d17
1d30
1d49
1d52
1d67
1d70
1ed3
1eed
1ef8
1f0d
1f0e
1f0f
1f10
1f33
1f79
1f7a
1f9e
1fd3
1fd4
1fde
1fdf
1fe0
1fe1
1fe2
1fe3
1fe4
1fe5
1fe6
1fe7
1fe8
1c30
1c34
1cab
1cc7
1d18
1d21
1d3a
1d53
1d5a
1d71
1d7b
1ed2
1ed5
1f0c
1f21
1f22
1f23
1f24
1f47
1f85
1f86
1fa8
1fb2
1fb3
1fde
1fdf
1fe9
1fea
1feb
1fec
1fed
1fee
1fef
1ff0
1ff1
1c37
1c47
1cad
1caf
1cfd
1d16
1d2c
1d5c
1d66
1d82
1d97
1db6
1dc0
1f06
1f1c
1f20
1f22
1f90
1f91
1f93
1fb4
1fd5
1fd6
1ff2
1ff3
1ff4
1ff5
1ff6
1ff7
1ff8
1ff9
1ffa
1ffb
1ffc
1ffd
1c4b
1c5b
1cb9
1cbb
1d08
1d1f
1d2d
1d36
1d67
1d70
1d8c
1dc1
1dca
1f1a
1f31
1f33
1f37
1f9c
1f9d
1f9f
1fbf
1fe0
1fe1
1ff2
1ff3
1ffe
1fff
2000
2001
2002
2003
2004
2005
2006
2007
1c5f
1c6f
1cc5
1cc7
1cea
1d13
1d37
1d40
1d71
1d7b
1d94
1dcb
1dd2
1f2e
1f45
1f47
1f4b
1fa6
1fa7
1fa9
1fca
1fe9
1fea
1ffe
1fff
2008
2009
200a
200b
200c
200d
200e
200f
2010
2011
1c73
1c83
1cd1
1cd3
1cf5
1d1c
1d41
1d4a
1d62
1d7a
1d84
1da2
1dd3
1f42
1f56
1f58
1f5a
1f6d
1f6e
1f6f
1fb5
1fb6
1fd7
2008
2009
2012
2013
2014
2015
2016
2017
2018
2019
201a
201b
1c23
1c94
1cdb
1cdc
1ce7
1cff
1d4b
1d54
1d6c
1d85
1d8e
1da3
1dac
1ef2
1ef4
1ef8
1efa
1f79
1f7a
1f7b
1fc0
1fc1
1fe2
2012
2013
201c
201d
201e
201f
2020
2021
2022
2023
2024
2025
1c21
1c33
1ca1
1ca3
1cf2
1d0b
1d55
1d5d
1d76
1d8f
1d96
1dad
1db7
1ef0
1f08
1f0c
1f0e
1f85
1f86
1f87
1fcb
1fcc
1feb
1ff4
1ff5
201c
201d
2026
2027
2028
2029
202a
202b
202c
202d
1c7c
1ca7
1cb1
1cf5
1d3d
1d53
1d68
1d98
1da2
1dbe
1dd3
1df2
1dfc
1f1c
1f58
1f76
1f86
1fd5
1fd6
1fd8
1ff6
2014
2015
202e
202f
2030
2031
2032
2033
2034
2035
2036
2037
2038
2039
1c8e
1cb3
1cbd
1cff
1d47
1d5b
1d69
1d72
1da3
1dac
1dc8
1dfd
1e06
1efa
1f33
1f82
1f91
1fe0
1fe1
1fe3
2000
201e
201f
202e
202f
203a
203b
203c
203d
203e
203f
2040
2041
2042
2043
1c2c
1cbf
1cc9
1d0b
1d2b
1d51
1d73
1d7c
1dad
1db7
1dd0
1e07
1e0e
1f0e
1f47
1f8e
1f9d
1fe9
1fea
1fec
200a
2026
2027
203a
203b
2044
2045
2046
2047
2048
2049
204a
204b
204c
204d
1c40
1ccb
1cd5
1d16
1d35
1d59
1d7d
1d86
1d9e
1db6
1dc0
1dde
1e0f
1f22
1f5a
1f9a
1fa7
1fb5
1fb6
1fb7
1ff7
1ff8
2016
2044
2045
204e
204f
2050
2051
2052
2053
2054
2055
2056
2057
1c54
1c9b
1cde
1d1f
1d29
1d3e
1d87
1d90
1da8
1dc1
1dca
1ddf
1de8
1ef4
1f31
1f6a
1f6e
1fc0
1fc1
1fc2
2001
2002
2020
204e
204f
2058
2059
205a
205b
205c
205d
205e
205f
2060
2061
1c68
1c99
1ca5
1cea
1d33
1d49
1d91
1d99
1db2
1dcb
1dd2
1de9
1df3
1f08
1f45
1f68
1f7a
1fcb
1fcc
1fcd
200b
200c
2028
2030
2031
2058
2059
2062
2063
2064
2065
2066
2067
2068
2069
1ccf
1cee
1cf7
1d35
1d79
1d8f
1da4
1dd4
1dde
1dfa
1e0f
1e2b
1e34
1f58
1fa7
1fbd
1fcc
2014
2015
2017
2032
2050
2051
206a
206b
206c
206d
206e
206f
2070
2071
2072
2073
2074
2075
1cd9
1cf9
1d02
1d3e
1d83
1d97
1da5
1dae
1ddf
1de8
1e04
1e35
1e3d
1efa
1f6e
1fc8
1fd6
201e
201f
2021
203c
205a
205b
206a
206b
2076
2077
2078
2079
207a
207b
207c
207d
207e
207f
1c9f
1d04
1d0d
1d49
1d67
1d8d
1daf
1db8
1de9
1df3
1e0c
1e3e
1e44
1f0e
1f7a
1fd3
1fe1
2026
2027
2029
2046
2062
2063
2076
2077
2080
2081
2082
2083
2084
2085
2086
2087
2088
2089
1cab
1d0f
1d18
1d53
1d71
1d95
1db9
1dc2
1dda
1df2
1dfc
1e19
1e45
1f22
1f86
1fde
1fea
1ff7
1ff8
1ff9
2033
2034
2052
2080
2081
208a
208b
208c
208d
208e
208f
2090
2091
2092
2093
1cb7
1ce3
1d20
1d5b
1d65
1d7a
1dc3
1dcc
1de4
1dfd
1e06
1e1a
1e22
1f31
1f91
1fb2
1fb6
2001
2002
2003
203d
203e
205c
208a
208b
2094
2095
2096
2097
2098
2099
209a
209b
209c
209d
1cc3
1ce1
1cec
1d2b
1d6f
1d85
1dcd
1dd5
1dee
1e07
1e0e
1e23
1e2c
1f45
1f9d
1fb0
1fc1
200b
200c
200d
2047
2048
2064
206c
206d
2094
2095
209e
209f
20a0
20a1
20a2
20a3
20a4
20a5
1d13
1d2f
1d37
1d71
1db5
1dcb
1de0
1e10
1e19
1e32
1e45
1e61
1e6a
1fa7
1fea
1ffe
200c
2050
2051
2053
206e
208c
208d
20a6
20a7
20a8
20a9
20aa
20ab
20ac
20ad
20ae
20af
20b0
20b1
1d1c
1d39
1d41
1d7a
1dbf
1dd3
1de1
1dea
1e1a
1e22
1e3b
1e6b
1e73
1f6e
1fb6
2008
2015
205a
205b
205d
2078
2096
2097
20a6
20a7
20b2
20b3
20b4
20b5
20b6
20b7
20b8
20b9
20ba
20bb
1ce7
1d43
1d4b
1d85
1da3
1dc9
1deb
1df4
1e23
1e2c
1e42
1e74
1e7a
1f7a
1fc1
2012
201f
2062
2063
2065
2082
209e
209f
20b2
20b3
20bc
20bd
20be
20bf
20c0
20c1
20c2
20c3
20c4
20c5
1cf2
1d4d
1d55
1d8f
1dad
1dd1
1df5
1dfe
1e16
1e2b
1e34
1e4f
1e7b
1f86
1fcc
201c
2027
2033
2034
2035
206f
2070
208e
20bc
20bd
20c6
20c7
20c8
20c9
20ca
20cb
20cc
20cd
20ce
20cf
1cfd
1d25
1d5c
1d97
1da1
1db6
1dff
1e08
1e1f
1e35
1e3d
1e50
1e58
1f91
1fd6
1ff4
1ff8
203d
203e
203f
2079
207a
2098
20c6
20c7
20d0
20d1
20d2
20d3
20d4
20d5
20d6
20d7
20d8
20d9
1d08
1d23
1d2d
1d67
1dab
1dc1
1e09
1e11
1e28
1e3e
1e44
1e59
1e62
1f9d
1fe1
1ff2
2002
2047
2048
2049
2083
2084
20a0
20a8
20a9
20d0
20d1
20da
20db
20dc
20dd
20de
20df
20e0
20e1
1d51
1d6b
1d73
1dad
1df1
1e07
1e1b
1e46
1e4f
1e68
1e7b
1e94
1e9c
1f11
1fea
2027
203a
2048
208c
208d
208f
20aa
20c8
20c9
20e2
20e3
20e4
20e5
20e6
20e7
20e8
20e9
20ea
20eb
20ec
1d59
1d75
1d7d
1db6
1dfb
1e0f
1e1c
1e24
1e50
1e58
1e71
1e9d
1ea4
1f25
1fb6
1ff8
2044
2051
2096
2097
2099
20b4
20d2
20d3
20e2
20e3
20ed
20ee
20ef
20f0
20f1
20f2
20f3
20f4
20f5
1d29
1d7f
1d87
1dc1
1ddf
1e05
1e25
1e2d
1e59
1e62
1e78
1ea5
1eab
1f39
1fc1
2002
204e
205b
209e
209f
20a1
20be
20da
20db
20ed
20ee
20f6
20f7
20f8
20f9
20fa
20fb
20fc
20fd
20fe
1d33
1d89
1d91
1dcb
1de9
1e0d
1e2e
1e36
1e4c
1e61
1e6a
1e84
1eac
1f4d
1fcc
200c
2058
2063
206f
2070
2071
20ab
20ac
20ca
20f6
20f7
20ff
2100
2101
2102
2103
2104
2105
2106
2107
1d3d
1d61
1d98
1dd3
1ddd
1df2
1e37
1e3f
1e55
1e6b
1e73
1e85
1e8c
1f5f
1fd6
2015
2030
2034
2079
207a
207b
20b5
20b6
20d4
20ff
2100
2108
2109
210a
210b
210c
210d
210e
210f
2110
1d47
1d5f
1d69
1da3
1de7
1dfd
1e40
1e47
1e5e
1e74
1e7a
1e8d
1e95
1efd
1fe1
201f
202e
203e
2083
2084
2085
20bf
20c0
20dc
20e4
20e5
2108
2109
2111
2112
2113
2114
2115
2116
2117
1d8d
1da7
1daf
1de9
1e2a
1e3e
1e51
1e7c
1e84
1e99
1eac
1ebd
1ec5
1f09
1f4d
2027
2063
2076
2084
20c8
20c9
20cb
20e6
2101
2118
2119
211a
211b
211c
211d
211e
211f
2120
2121
2122
1d95
1db1
1db9
1df2
1e33
1e45
1e52
1e5a
1e85
1e8c
1ea1
1ec3
1ecb
1f1d
1f5f
1ff8
2034
2080
208d
20d2
20d3
20d5
20ef
210a
2118
2119
2123
2124
2125
2126
2127
2128
2129
212a
212b
1d65
1dbb
1dc3
1dfd
1e1a
1e3c
1e5b
1e63
1e8d
1e95
1ea8
1ec9
1ed0
1efd
1f34
2002
203e
208a
2097
20da
20db
20dd
20f8
2111
2123
2124
212c
212d
212e
212f
2130
2131
2132
2133
2134
1d6f
1dc5
1dcd
1e07
1e23
1e43
1e64
1e6c
1e80
1e94
1e9c
1eb3
1ece
1f11
1f48
200c
2048
2094
209f
20ab
20ac
20ad
20e7
2102
212c
212d
2135
2136
2137
2138
2139
213a
213b
213c
213d
1d79
1d9d
1dd4
1e0f
1e18
1e2b
1e6d
1e75
1e88
1e9d
1ea4
1eb1
1eb9
1f25
1f5b
2015
2051
206c
2070
20b5
20b6
20b7
20f0
210b
2135
2136
213e
213f
2140
2141
2142
2143
2144
2145
2146
1d83
1d9b
1da5
1ddf
1e21
1e35
1e76
1e7d
1e90
1ea5
1eab
1eb7
1ebf
1ef5
1f39
201f
205b
206a
207a
20bf
20c0
20c1
20f9
2112
211a
211b
213e
213f
2147
2148
2149
214a
214b
214c
214d
1dc9
1de3
1deb
1e23
1e60
1e74
1e86
1eaa
1eb3
1ec2
1ece
1ede
1ee5
1f46
1f48
1f4d
1f4e
1f60
2063
209f
20b2
20c0
2101
2103
211c
2137
214e
214f
2150
2151
2152
2153
2154
2155
2156
1dd1
1ded
1df5
1e2b
1e69
1e7b
1e83
1e8e
1eb1
1eb9
1ec8
1ee3
1eea
1efe
1f59
1f5b
1f5f
1f60
2034
2070
20bc
20c9
210a
210c
2125
2140
214e
2157
2158
2159
215a
215b
215c
215d
215e
1da1
1df7
1dff
1e35
1e50
1e72
1e8b
1e96
1eb7
1ebf
1ecd
1ee8
1eee
1ef5
1efb
1efd
1efe
1f12
203e
207a
20c6
20d3
2111
2113
212e
2147
2157
215f
2160
2161
2162
2163
2164
2165
2166
1dab
1e01
1e09
1e3e
1e59
1e79
1e93
1e9e
1eb0
1ebd
1ec5
1ed6
1eec
1f09
1f0f
1f11
1f12
1f26
2048
2084
20d0
20db
20e7
20e8
211d
2138
215f
2167
2168
2169
216a
216b
216c
216d
216e
1db5
1dd9
1e10
1e45
1e4e
1e61
1e9b
1ea6
1eb6
1ec3
1ecb
1ed4
1edb
1f1d
1f23
1f25
1f26
1f3a
2051
208d
20a8
20ac
20f0
20f1
2126
2141
2167
216f
2170
2171
2172
2173
2174
2175
2176
1dbf
1dd7
1de1
1e1a
1e57
1e6b
1ea3
1ead
1ebc
1ec9
1ed0
1ed9
1ee0
1f32
1f34
1f39
1f3a
1f4e
205b
2097
20a6
20b6
20f9
20fa
212f
2148
214f
216f
2177
2178
2179
217a
217b
217c
217d
1c5c
1c6d
1c71
1e05
1e1e
1e25
1e59
1e92
1ea5
1eb4
1ecf
1ed6
1eec
1f0f
1f37
1f39
1f3b
1f3c
1f48
1fa0
1faa
209f
20db
20ed
2137
2139
2150
2168
217e
217f
2180
2181
2182
2183
2184
1c70
1c81
1c85
1e0d
1e27
1e2e
1e61
1e9a
1eac
1eb2
1eba
1ed4
1edb
1f23
1f4b
1f4d
1f4f
1f50
1f5b
1f70
1faa
2070
20ac
20f6
2140
2142
2158
2170
217e
2185
2186
2187
2188
2189
218a
1c84
1c93
1c97
1ddd
1e30
1e37
1e6b
1e85
1ea2
1eb8
1ec0
1ed9
1ee0
1ef5
1f32
1f56
1f5f
1f61
1f62
1f70
1f7c
207a
20b6
20ff
2147
2149
2160
2177
2185
218b
218c
218d
218e
218f
2190
1c31
1c35
1c96
1de7
1e39
1e40
1e74
1e8d
1ea9
1ebe
1ec6
1ede
1ee5
1ef8
1efd
1eff
1f00
1f09
1f46
1f7c
1f88
2084
20c0
2108
211d
211e
2151
2169
218b
2191
2192
2193
2194
2195
2196
1c34
1c45
1c49
1df1
1e15
1e46
1e7b
1e82
1e94
1ec4
1ecc
1ee3
1eea
1f0c
1f11
1f13
1f14
1f1d
1f59
1f88
1f94
208d
20c9
20e4
2126
2127
2159
2171
2191
2197
2198
2199
219a
219b
219c
1c48
1c59
1c5d
1dfb
1e13
1e1c
1e50
1e8a
1e9d
1eca
1ed1
1ee8
1eee
1efb
1f20
1f25
1f27
1f28
1f34
1f94
1fa0
2097
20d3
20e2
212f
2130
2161
2178
217f
2197
219d
219e
219f
21a0
21a1
1c35
1c66
1c92
1c96
1cbb
1cc6
1e3c
1e54
1e5b
1e8d
1ec9
1ed7
1eed
1ef8
1efd
1eff
1f01
1f0f
1f33
1f34
1f35
1f95
1fe4
1fed
20db
2123
2168
216a
2180
21a2
21a3
21a4
21a5
21a6
21a7
1c30
1c34
1c49
1c7a
1cc7
1cd2
1e43
1e5d
1e64
1e94
1ece
1ed5
1edc
1f0c
1f11
1f13
1f15
1f23
1f47
1f48
1f49
1fa1
1fb8
1fed
20ac
212c
2170
2172
2186
21a2
21a8
21a9
21aa
21ab
21ac
1c44
1c48
1c5d
1c8d
1cd3
1cdd
1e18
1e66
1e6d
1e9d
1eb1
1eda
1ee1
1f20
1f25
1f27
1f29
1f32
1f5a
1f5b
1f5c
1fab
1fb8
1fc3
20b6
2135
2177
2179
218c
21a8
21ad
21ae
21af
21b0
21b1
1c27
1c58
1c5c
1c71
1ca2
1cdc
1e21
1e6f
1e76
1ea5
1eb7
1edf
1ee6
1ef4
1ef5
1ef6
1f37
1f39
1f3b
1f3d
1f46
1f71
1fc3
1fce
20c0
213e
2151
2152
2192
21ad
21b2
21b3
21b4
21b5
21b6
1c3b
1c6c
1c70
1c85
1ca3
1cae
1e2a
1e4b
1e7c
1eac
1ebd
1ee4
1eeb
1f08
1f09
1f0a
1f4b
1f4d
1f4f
1f51
1f59
1f7d
1fce
1fd9
20c9
211a
2159
215a
2198
21b2
21b7
21b8
21b9
21ba
21bb
1c4f
1c80
1c84
1c97
1caf
1cba
1e33
1e49
1e52
1e85
1ec3
1ee9
1eef
1efb
1f1c
1f1d
1f1e
1f56
1f5f
1f61
1f63
1f89
1fd9
1fe4
20d3
2118
2161
2162
219d
21a3
21b7
21bc
21bd
21be
21bf
