Copyright 1986-2022 Xilinx, Inc. All Rights Reserved.
--------------------------------------------------------------------------------------------------------------------------------------------------------------------------------------------------------------------------------
| Tool Version      : Vivado v.2022.2 (win64) Build 3671981 Fri Oct 14 05:00:03 MDT 2022
| Date              : Fri Sep 11 01:53:22 2026
| Host              : Aman_Saji running 64-bit major release  (build 9200)
| Command           : report_timing_summary -max_paths 10 -report_unconstrained -file dmembp_top_timing_summary_routed.rpt -pb dmembp_top_timing_summary_routed.pb -rpx dmembp_top_timing_summary_routed.rpx -warn_on_violation
| Design            : dmembp_top
| Device            : xcvu19p_CIV-fsva3824
| Speed File        : -2  PRODUCTION 1.31 12-02-2020
| Temperature Grade : E
--------------------------------------------------------------------------------------------------------------------------------------------------------------------------------------------------------------------------------

Timing Summary Report

------------------------------------------------------------------------------------------------
| Timer Settings
| --------------
------------------------------------------------------------------------------------------------

  Enable Multi Corner Analysis               :  Yes
  Enable Pessimism Removal                   :  Yes
  Pessimism Removal Resolution               :  Nearest Common Node
  Enable Input Delay Default Clock           :  No
  Enable Preset / Clear Arcs                 :  No
  Disable Flight Delays                      :  No
  Ignore I/O Paths                           :  No
  Timing Early Launch at Borrowing Latches   :  No
  Borrow Time for Max Delay Exceptions       :  Yes
  Merge Timing Exceptions                    :  Yes

  Corner  Analyze    Analyze    
  Name    Max Paths  Min Paths  
  ------  ---------  ---------  
  Slow    Yes        Yes        
  Fast    Yes        Yes        


------------------------------------------------------------------------------------------------
| Report Methodology
| ------------------
------------------------------------------------------------------------------------------------

Rule       Severity  Description                    Violations  
---------  --------  -----------------------------  ----------  
TIMING-18  Warning   Missing input or output delay  229         

Note: This report is based on the most recent report_methodology run and may not be up-to-date. Run report_methodology on the current design for the latest report.



check_timing report

Table of Contents
-----------------
1. checking no_clock (0)
2. checking constant_clock (0)
3. checking pulse_width_clock (0)
4. checking unconstrained_internal_endpoints (0)
5. checking no_input_delay (77)
6. checking no_output_delay (152)
7. checking multiple_clock (0)
8. checking generated_clocks (0)
9. checking loops (0)
10. checking partial_input_delay (0)
11. checking partial_output_delay (0)
12. checking latch_loops (0)

1. checking no_clock (0)
------------------------
 There are 0 register/latch pins with no clock.


2. checking constant_clock (0)
------------------------------
 There are 0 register/latch pins with constant_clock.


3. checking pulse_width_clock (0)
---------------------------------
 There are 0 register/latch pins which need pulse_width check


4. checking unconstrained_internal_endpoints (0)
------------------------------------------------
 There are 0 pins that are not constrained for maximum delay.

 There are 0 pins that are not constrained for maximum delay due to constant clock.


5. checking no_input_delay (77)
-------------------------------
 There are 77 input ports with no input delay specified. (HIGH)

 There are 0 input ports with no input delay but user has a false path constraint.


6. checking no_output_delay (152)
---------------------------------
 There are 152 ports with no output delay specified. (HIGH)

 There are 0 ports with no output delay but user has a false path constraint

 There are 0 ports with no output delay but with a timing clock defined on it or propagating through it


7. checking multiple_clock (0)
------------------------------
 There are 0 register/latch pins with multiple clocks.


8. checking generated_clocks (0)
--------------------------------
 There are 0 generated clocks that are not connected to a clock source.


9. checking loops (0)
---------------------
 There are 0 combinational loops in the design.


10. checking partial_input_delay (0)
------------------------------------
 There are 0 input ports with partial input delay specified.


11. checking partial_output_delay (0)
-------------------------------------
 There are 0 ports with partial output delay specified.


12. checking latch_loops (0)
----------------------------
 There are 0 combinational latch loops in the design through latch input



------------------------------------------------------------------------------------------------
| Design Timing Summary
| ---------------------
------------------------------------------------------------------------------------------------

    WNS(ns)      TNS(ns)  TNS Failing Endpoints  TNS Total Endpoints      WHS(ns)      THS(ns)  THS Failing Endpoints  THS Total Endpoints     WPWS(ns)     TPWS(ns)  TPWS Failing Endpoints  TPWS Total Endpoints  
    -------      -------  ---------------------  -------------------      -------      -------  ---------------------  -------------------     --------     --------  ----------------------  --------------------  
      5.917        0.000                      0                 2618        0.018        0.000                      0                 2618        5.725        0.000                       0                  1335  


All user specified timing constraints are met.


------------------------------------------------------------------------------------------------
| Clock Summary
| -------------
------------------------------------------------------------------------------------------------

Clock  Waveform(ns)       Period(ns)      Frequency(MHz)
-----  ------------       ----------      --------------
clk    {0.000 6.000}      12.000          83.333          


------------------------------------------------------------------------------------------------
| Intra Clock Table
| -----------------
------------------------------------------------------------------------------------------------

Clock             WNS(ns)      TNS(ns)  TNS Failing Endpoints  TNS Total Endpoints      WHS(ns)      THS(ns)  THS Failing Endpoints  THS Total Endpoints     WPWS(ns)     TPWS(ns)  TPWS Failing Endpoints  TPWS Total Endpoints  
-----             -------      -------  ---------------------  -------------------      -------      -------  ---------------------  -------------------     --------     --------  ----------------------  --------------------  
clk                 5.917        0.000                      0                 2618        0.018        0.000                      0                 2618        5.725        0.000                       0                  1335  


------------------------------------------------------------------------------------------------
| Inter Clock Table
| -----------------
------------------------------------------------------------------------------------------------

From Clock    To Clock          WNS(ns)      TNS(ns)  TNS Failing Endpoints  TNS Total Endpoints      WHS(ns)      THS(ns)  THS Failing Endpoints  THS Total Endpoints  
----------    --------          -------      -------  ---------------------  -------------------      -------      -------  ---------------------  -------------------  


------------------------------------------------------------------------------------------------
| Other Path Groups Table
| -----------------------
------------------------------------------------------------------------------------------------

Path Group    From Clock    To Clock          WNS(ns)      TNS(ns)  TNS Failing Endpoints  TNS Total Endpoints      WHS(ns)      THS(ns)  THS Failing Endpoints  THS Total Endpoints  
----------    ----------    --------          -------      -------  ---------------------  -------------------      -------      -------  ---------------------  -------------------  


------------------------------------------------------------------------------------------------
| User Ignored Path Table
| -----------------------
------------------------------------------------------------------------------------------------

Path Group    From Clock    To Clock    
----------    ----------    --------    


------------------------------------------------------------------------------------------------
| Unconstrained Path Table
| ------------------------
------------------------------------------------------------------------------------------------

Path Group    From Clock    To Clock    
----------    ----------    --------    
(none)        clk                         
(none)                      clk           


------------------------------------------------------------------------------------------------
| Timing Details
| --------------
------------------------------------------------------------------------------------------------


---------------------------------------------------------------------------------------------------
From Clock:  clk
  To Clock:  clk

Setup :            0  Failing Endpoints,  Worst Slack        5.917ns,  Total Violation        0.000ns
Hold  :            0  Failing Endpoints,  Worst Slack        0.018ns,  Total Violation        0.000ns
PW    :            0  Failing Endpoints,  Worst Slack        5.725ns,  Total Violation        0.000ns
---------------------------------------------------------------------------------------------------


Max Delay Paths
--------------------------------------------------------------------------------------
Slack (MET) :             5.917ns  (required time - arrival time)
  Source:                 iter_cnt_reg[0]/C
                            (rising edge-triggered cell FDCE clocked by clk  {rise@0.000ns fall@6.000ns period=12.000ns})
  Destination:            converged_latched_reg/CE
                            (rising edge-triggered cell FDCE clocked by clk  {rise@0.000ns fall@6.000ns period=12.000ns})
  Path Group:             clk
  Path Type:              Setup (Max at Slow Process Corner)
  Requirement:            12.000ns  (clk rise@12.000ns - clk rise@0.000ns)
  Data Path Delay:        5.874ns  (logic 0.353ns (6.010%)  route 5.521ns (93.990%))
  Logic Levels:           3  (LUT2=1 LUT4=1 LUT6=1)
  Clock Path Skew:        -0.114ns (DCD - SCD + CPR)
    Destination Clock Delay (DCD):    3.591ns = ( 15.591 - 12.000 ) 
    Source Clock Delay      (SCD):    4.447ns
    Clock Pessimism Removal (CPR):    0.742ns
  Clock Uncertainty:      0.035ns  ((TSJ^2 + TIJ^2)^1/2 + DJ) / 2 + PE
    Total System Jitter     (TSJ):    0.071ns
    Total Input Jitter      (TIJ):    0.000ns
    Discrete Jitter          (DJ):    0.000ns
    Phase Error              (PE):    0.000ns
  Clock Net Delay (Source):      3.147ns (routing 1.654ns, distribution 1.493ns)
  Clock Net Delay (Destination): 2.838ns (routing 1.506ns, distribution 1.332ns)

    Location             Delay type                Incr(ns)  Path(ns)    Netlist Resource(s)
  -------------------------------------------------------------------    -------------------
                         (clock clk rise edge)        0.000     0.000 r  
    AW17                                              0.000     0.000 r  clk (IN)
                         net (fo=0)                   0.000     0.000    clk_IBUF_inst/I
    AW17                 INBUF (Prop_INBUF_HDIOB_M_PAD_O)
                                                      1.068     1.068 r  clk_IBUF_inst/INBUF_INST/O
                         net (fo=1, routed)           0.000     1.068    clk_IBUF_inst/OUT
    AW17                 IBUFCTRL (Prop_IBUFCTRL_HDIOB_M_I_O)
                                                      0.000     1.068 r  clk_IBUF_inst/IBUFCTRL_INST/O
                         net (fo=1, routed)           0.204     1.272    clk_IBUF
    BUFGCE_HDIO_X0Y2     BUFGCE (Prop_BUFCE_BUFGCE_HDIO_I_O)
                                                      0.028     1.300 r  clk_IBUF_BUFG_inst/O
    X4Y8 (CLOCK_ROOT)    net (fo=1334, routed)        3.147     4.447    clk_IBUF_BUFG
    SLICE_X416Y588       FDCE                                         r  iter_cnt_reg[0]/C
  -------------------------------------------------------------------    -------------------
    SLICE_X416Y588       FDCE (Prop_DFF2_SLICEL_C_Q)
                                                      0.081     4.528 r  iter_cnt_reg[0]/Q
                         net (fo=11, routed)          0.125     4.652    iter_count_OBUF[0]
    SLICE_X416Y587       LUT2 (Prop_C6LUT_SLICEL_I1_O)
                                                      0.123     4.775 r  iter_cnt[5]_i_2/O
                         net (fo=2, routed)           0.140     4.915    iter_cnt[5]_i_2_n_0
    SLICE_X416Y586       LUT6 (Prop_H6LUT_SLICEL_I2_O)
                                                      0.099     5.014 r  e_hat_latched[143]_i_4/O
                         net (fo=3, routed)           0.083     5.097    state_next1
    SLICE_X416Y585       LUT4 (Prop_G6LUT_SLICEL_I2_O)
                                                      0.050     5.147 r  e_hat_latched[143]_i_1/O
                         net (fo=145, routed)         5.173    10.320    e_hat_latched[143]_i_1_n_0
    SLICE_X0Y560         FDCE                                         r  converged_latched_reg/CE
  -------------------------------------------------------------------    -------------------

                         (clock clk rise edge)       12.000    12.000 r  
    AW17                                              0.000    12.000 r  clk (IN)
                         net (fo=0)                   0.000    12.000    clk_IBUF_inst/I
    AW17                 INBUF (Prop_INBUF_HDIOB_M_PAD_O)
                                                      0.560    12.560 r  clk_IBUF_inst/INBUF_INST/O
                         net (fo=1, routed)           0.000    12.560    clk_IBUF_inst/OUT
    AW17                 IBUFCTRL (Prop_IBUFCTRL_HDIOB_M_I_O)
                                                      0.000    12.560 r  clk_IBUF_inst/IBUFCTRL_INST/O
                         net (fo=1, routed)           0.169    12.729    clk_IBUF
    BUFGCE_HDIO_X0Y2     BUFGCE (Prop_BUFCE_BUFGCE_HDIO_I_O)
                                                      0.024    12.753 r  clk_IBUF_BUFG_inst/O
    X4Y8 (CLOCK_ROOT)    net (fo=1334, routed)        2.838    15.591    clk_IBUF_BUFG
    SLICE_X0Y560         FDCE                                         r  converged_latched_reg/C
                         clock pessimism              0.742    16.333    
                         clock uncertainty           -0.035    16.297    
    SLICE_X0Y560         FDCE (Setup_HFF_SLICEL_C_CE)
                                                     -0.060    16.237    converged_latched_reg
  -------------------------------------------------------------------
                         required time                         16.237    
                         arrival time                         -10.320    
  -------------------------------------------------------------------
                         slack                                  5.917    

Slack (MET) :             7.521ns  (required time - arrival time)
  Source:                 gen_vnu[0].u_vnu/M_j_reg[1]/C
                            (rising edge-triggered cell FDCE clocked by clk  {rise@0.000ns fall@6.000ns period=12.000ns})
  Destination:            nu_wire_reg_reg[0][0][2]/D
                            (rising edge-triggered cell FDCE clocked by clk  {rise@0.000ns fall@6.000ns period=12.000ns})
  Path Group:             clk
  Path Type:              Setup (Max at Slow Process Corner)
  Requirement:            12.000ns  (clk rise@12.000ns - clk rise@0.000ns)
  Data Path Delay:        4.422ns  (logic 1.797ns (40.633%)  route 2.625ns (59.367%))
  Logic Levels:           14  (CARRY8=5 LUT3=2 LUT4=1 LUT5=2 LUT6=4)
  Clock Path Skew:        -0.046ns (DCD - SCD + CPR)
    Destination Clock Delay (DCD):    3.570ns = ( 15.570 - 12.000 ) 
    Source Clock Delay      (SCD):    4.452ns
    Clock Pessimism Removal (CPR):    0.835ns
  Clock Uncertainty:      0.035ns  ((TSJ^2 + TIJ^2)^1/2 + DJ) / 2 + PE
    Total System Jitter     (TSJ):    0.071ns
    Total Input Jitter      (TIJ):    0.000ns
    Discrete Jitter          (DJ):    0.000ns
    Phase Error              (PE):    0.000ns
  Clock Net Delay (Source):      3.152ns (routing 1.654ns, distribution 1.498ns)
  Clock Net Delay (Destination): 2.817ns (routing 1.506ns, distribution 1.311ns)

    Location             Delay type                Incr(ns)  Path(ns)    Netlist Resource(s)
  -------------------------------------------------------------------    -------------------
                         (clock clk rise edge)        0.000     0.000 r  
    AW17                                              0.000     0.000 r  clk (IN)
                         net (fo=0)                   0.000     0.000    clk_IBUF_inst/I
    AW17                 INBUF (Prop_INBUF_HDIOB_M_PAD_O)
                                                      1.068     1.068 r  clk_IBUF_inst/INBUF_INST/O
                         net (fo=1, routed)           0.000     1.068    clk_IBUF_inst/OUT
    AW17                 IBUFCTRL (Prop_IBUFCTRL_HDIOB_M_I_O)
                                                      0.000     1.068 r  clk_IBUF_inst/IBUFCTRL_INST/O
                         net (fo=1, routed)           0.204     1.272    clk_IBUF
    BUFGCE_HDIO_X0Y2     BUFGCE (Prop_BUFCE_BUFGCE_HDIO_I_O)
                                                      0.028     1.300 r  clk_IBUF_BUFG_inst/O
    X4Y8 (CLOCK_ROOT)    net (fo=1334, routed)        3.152     4.452    gen_vnu[0].u_vnu/clk_IBUF_BUFG
    SLICE_X415Y587       FDCE                                         r  gen_vnu[0].u_vnu/M_j_reg[1]/C
  -------------------------------------------------------------------    -------------------
    SLICE_X415Y587       FDCE (Prop_DFF_SLICEL_C_Q)
                                                      0.079     4.531 r  gen_vnu[0].u_vnu/M_j_reg[1]/Q
                         net (fo=2, routed)           0.366     4.897    gen_vnu[0].u_vnu/M_j[1]
    SLICE_X416Y584       CARRY8 (Prop_CARRY8_SLICEL_S[1]_O[5])
                                                      0.233     5.130 r  gen_vnu[0].u_vnu/e_hat_latched_reg[0]_i_32/O[5]
                         net (fo=3, routed)           0.299     5.428    gen_vnu[0].u_vnu_n_2
    SLICE_X416Y582       CARRY8 (Prop_CARRY8_SLICEL_S[3]_O[3])
                                                      0.054     5.482 r  e_hat_latched_reg[0]_i_26/O[3]
                         net (fo=3, routed)           0.157     5.639    PCOUT[5]
    SLICE_X414Y582       LUT5 (Prop_H6LUT_SLICEM_I0_O)
                                                      0.152     5.791 r  e_hat_latched[0]_i_28/O
                         net (fo=1, routed)           0.195     5.986    e_hat_latched[0]_i_28_n_0
    SLICE_X415Y582       CARRY8 (Prop_CARRY8_SLICEL_DI[6]_O[7])
                                                      0.089     6.075 r  e_hat_latched_reg[0]_i_24/O[7]
                         net (fo=2, routed)           0.151     6.226    bias_raw[7]
    SLICE_X415Y584       LUT3 (Prop_F5LUT_SLICEL_I1_O)
                                                      0.167     6.393 r  e_hat_latched[0]_i_9/O
                         net (fo=2, routed)           0.231     6.624    e_hat_latched[0]_i_9_n_0
    SLICE_X415Y585       LUT4 (Prop_F6LUT_SLICEL_I3_O)
                                                      0.148     6.772 r  e_hat_latched[0]_i_16/O
                         net (fo=1, routed)           0.011     6.783    e_hat_latched[0]_i_16_n_0
    SLICE_X415Y585       CARRY8 (Prop_CARRY8_SLICEL_S[5]_CO[7])
                                                      0.155     6.938 r  e_hat_latched_reg[0]_i_3/CO[7]
                         net (fo=1, routed)           0.026     6.964    e_hat_latched_reg[0]_i_3_n_0
    SLICE_X415Y586       CARRY8 (Prop_CARRY8_SLICEL_CI_O[0])
                                                      0.056     7.020 r  e_hat_latched_reg[0]_i_4/O[0]
                         net (fo=23, routed)          0.273     7.293    e_hat_latched_reg[0]_i_4_n_15
    SLICE_X415Y588       LUT3 (Prop_D6LUT_SLICEL_I1_O)
                                                      0.146     7.439 f  nu_wire_reg[0][0][3]_i_15/O
                         net (fo=4, routed)           0.092     7.532    nu_wire_reg[0][0][3]_i_15_n_0
    SLICE_X415Y589       LUT6 (Prop_C6LUT_SLICEL_I0_O)
                                                      0.088     7.620 r  nu_wire_reg[0][0][2]_i_8/O
                         net (fo=5, routed)           0.192     7.812    nu_wire_reg[0][0][2]_i_8_n_0
    SLICE_X414Y588       LUT5 (Prop_C5LUT_SLICEM_I2_O)
                                                      0.068     7.880 r  nu_wire_reg[0][0][4]_i_5/O
                         net (fo=8, routed)           0.219     8.099    nu_wire_reg[0][0][4]_i_5_n_0
    SLICE_X414Y586       LUT6 (Prop_C6LUT_SLICEM_I1_O)
                                                      0.123     8.222 r  nu_wire_reg[0][0][3]_i_11/O
                         net (fo=3, routed)           0.266     8.488    nu_wire_reg[0][0][3]_i_11_n_0
    SLICE_X413Y588       LUT6 (Prop_G6LUT_SLICEL_I4_O)
                                                      0.149     8.637 r  nu_wire_reg[0][0][2]_i_3/O
                         net (fo=1, routed)           0.096     8.733    nu_wire_reg[0][0][2]_i_3_n_0
    SLICE_X415Y588       LUT6 (Prop_H6LUT_SLICEL_I3_O)
                                                      0.090     8.823 r  nu_wire_reg[0][0][2]_i_1/O
                         net (fo=1, routed)           0.051     8.874    nu_wire[0][0][2]
    SLICE_X415Y588       FDCE                                         r  nu_wire_reg_reg[0][0][2]/D
  -------------------------------------------------------------------    -------------------

                         (clock clk rise edge)       12.000    12.000 r  
    AW17                                              0.000    12.000 r  clk (IN)
                         net (fo=0)                   0.000    12.000    clk_IBUF_inst/I
    AW17                 INBUF (Prop_INBUF_HDIOB_M_PAD_O)
                                                      0.560    12.560 r  clk_IBUF_inst/INBUF_INST/O
                         net (fo=1, routed)           0.000    12.560    clk_IBUF_inst/OUT
    AW17                 IBUFCTRL (Prop_IBUFCTRL_HDIOB_M_I_O)
                                                      0.000    12.560 r  clk_IBUF_inst/IBUFCTRL_INST/O
                         net (fo=1, routed)           0.169    12.729    clk_IBUF
    BUFGCE_HDIO_X0Y2     BUFGCE (Prop_BUFCE_BUFGCE_HDIO_I_O)
                                                      0.024    12.753 r  clk_IBUF_BUFG_inst/O
    X4Y8 (CLOCK_ROOT)    net (fo=1334, routed)        2.817    15.570    clk_IBUF_BUFG
    SLICE_X415Y588       FDCE                                         r  nu_wire_reg_reg[0][0][2]/C
                         clock pessimism              0.835    16.405    
                         clock uncertainty           -0.035    16.370    
    SLICE_X415Y588       FDCE (Setup_HFF_SLICEL_C_D)
                                                      0.025    16.395    nu_wire_reg_reg[0][0][2]
  -------------------------------------------------------------------
                         required time                         16.395    
                         arrival time                          -8.874    
  -------------------------------------------------------------------
                         slack                                  7.521    

Slack (MET) :             7.549ns  (required time - arrival time)
  Source:                 gen_vnu[0].u_vnu/M_j_reg[1]/C
                            (rising edge-triggered cell FDCE clocked by clk  {rise@0.000ns fall@6.000ns period=12.000ns})
  Destination:            nu_wire_reg_reg[0][0][3]/D
                            (rising edge-triggered cell FDCE clocked by clk  {rise@0.000ns fall@6.000ns period=12.000ns})
  Path Group:             clk
  Path Type:              Setup (Max at Slow Process Corner)
  Requirement:            12.000ns  (clk rise@12.000ns - clk rise@0.000ns)
  Data Path Delay:        4.337ns  (logic 1.731ns (39.911%)  route 2.606ns (60.089%))
  Logic Levels:           14  (CARRY8=5 LUT3=2 LUT4=1 LUT5=2 LUT6=4)
  Clock Path Skew:        -0.104ns (DCD - SCD + CPR)
    Destination Clock Delay (DCD):    3.563ns = ( 15.563 - 12.000 ) 
    Source Clock Delay      (SCD):    4.452ns
    Clock Pessimism Removal (CPR):    0.785ns
  Clock Uncertainty:      0.035ns  ((TSJ^2 + TIJ^2)^1/2 + DJ) / 2 + PE
    Total System Jitter     (TSJ):    0.071ns
    Total Input Jitter      (TIJ):    0.000ns
    Discrete Jitter          (DJ):    0.000ns
    Phase Error              (PE):    0.000ns
  Clock Net Delay (Source):      3.152ns (routing 1.654ns, distribution 1.498ns)
  Clock Net Delay (Destination): 2.810ns (routing 1.506ns, distribution 1.304ns)

    Location             Delay type                Incr(ns)  Path(ns)    Netlist Resource(s)
  -------------------------------------------------------------------    -------------------
                         (clock clk rise edge)        0.000     0.000 r  
    AW17                                              0.000     0.000 r  clk (IN)
                         net (fo=0)                   0.000     0.000    clk_IBUF_inst/I
    AW17                 INBUF (Prop_INBUF_HDIOB_M_PAD_O)
                                                      1.068     1.068 r  clk_IBUF_inst/INBUF_INST/O
                         net (fo=1, routed)           0.000     1.068    clk_IBUF_inst/OUT
    AW17                 IBUFCTRL (Prop_IBUFCTRL_HDIOB_M_I_O)
                                                      0.000     1.068 r  clk_IBUF_inst/IBUFCTRL_INST/O
                         net (fo=1, routed)           0.204     1.272    clk_IBUF
    BUFGCE_HDIO_X0Y2     BUFGCE (Prop_BUFCE_BUFGCE_HDIO_I_O)
                                                      0.028     1.300 r  clk_IBUF_BUFG_inst/O
    X4Y8 (CLOCK_ROOT)    net (fo=1334, routed)        3.152     4.452    gen_vnu[0].u_vnu/clk_IBUF_BUFG
    SLICE_X415Y587       FDCE                                         r  gen_vnu[0].u_vnu/M_j_reg[1]/C
  -------------------------------------------------------------------    -------------------
    SLICE_X415Y587       FDCE (Prop_DFF_SLICEL_C_Q)
                                                      0.079     4.531 r  gen_vnu[0].u_vnu/M_j_reg[1]/Q
                         net (fo=2, routed)           0.366     4.897    gen_vnu[0].u_vnu/M_j[1]
    SLICE_X416Y584       CARRY8 (Prop_CARRY8_SLICEL_S[1]_O[5])
                                                      0.233     5.130 r  gen_vnu[0].u_vnu/e_hat_latched_reg[0]_i_32/O[5]
                         net (fo=3, routed)           0.299     5.428    gen_vnu[0].u_vnu_n_2
    SLICE_X416Y582       CARRY8 (Prop_CARRY8_SLICEL_S[3]_O[3])
                                                      0.054     5.482 r  e_hat_latched_reg[0]_i_26/O[3]
                         net (fo=3, routed)           0.157     5.639    PCOUT[5]
    SLICE_X414Y582       LUT5 (Prop_H6LUT_SLICEM_I0_O)
                                                      0.152     5.791 r  e_hat_latched[0]_i_28/O
                         net (fo=1, routed)           0.195     5.986    e_hat_latched[0]_i_28_n_0
    SLICE_X415Y582       CARRY8 (Prop_CARRY8_SLICEL_DI[6]_O[7])
                                                      0.089     6.075 r  e_hat_latched_reg[0]_i_24/O[7]
                         net (fo=2, routed)           0.151     6.226    bias_raw[7]
    SLICE_X415Y584       LUT3 (Prop_F5LUT_SLICEL_I1_O)
                                                      0.167     6.393 r  e_hat_latched[0]_i_9/O
                         net (fo=2, routed)           0.231     6.624    e_hat_latched[0]_i_9_n_0
    SLICE_X415Y585       LUT4 (Prop_F6LUT_SLICEL_I3_O)
                                                      0.148     6.772 r  e_hat_latched[0]_i_16/O
                         net (fo=1, routed)           0.011     6.783    e_hat_latched[0]_i_16_n_0
    SLICE_X415Y585       CARRY8 (Prop_CARRY8_SLICEL_S[5]_CO[7])
                                                      0.155     6.938 r  e_hat_latched_reg[0]_i_3/CO[7]
                         net (fo=1, routed)           0.026     6.964    e_hat_latched_reg[0]_i_3_n_0
    SLICE_X415Y586       CARRY8 (Prop_CARRY8_SLICEL_CI_O[0])
                                                      0.056     7.020 r  e_hat_latched_reg[0]_i_4/O[0]
                         net (fo=23, routed)          0.273     7.293    e_hat_latched_reg[0]_i_4_n_15
    SLICE_X415Y588       LUT3 (Prop_D6LUT_SLICEL_I1_O)
                                                      0.146     7.439 f  nu_wire_reg[0][0][3]_i_15/O
                         net (fo=4, routed)           0.092     7.532    nu_wire_reg[0][0][3]_i_15_n_0
    SLICE_X415Y589       LUT6 (Prop_C6LUT_SLICEL_I0_O)
                                                      0.088     7.620 r  nu_wire_reg[0][0][2]_i_8/O
                         net (fo=5, routed)           0.192     7.812    nu_wire_reg[0][0][2]_i_8_n_0
    SLICE_X414Y588       LUT5 (Prop_C5LUT_SLICEM_I2_O)
                                                      0.068     7.880 r  nu_wire_reg[0][0][4]_i_5/O
                         net (fo=8, routed)           0.148     8.028    nu_wire_reg[0][0][4]_i_5_n_0
    SLICE_X414Y586       LUT6 (Prop_F6LUT_SLICEM_I3_O)
                                                      0.051     8.079 f  nu_wire_reg[0][0][4]_i_3/O
                         net (fo=7, routed)           0.257     8.336    nu_wire_reg[0][0][4]_i_3_n_0
    SLICE_X413Y588       LUT6 (Prop_D6LUT_SLICEL_I5_O)
                                                      0.146     8.482 r  nu_wire_reg[0][0][3]_i_3/O
                         net (fo=2, routed)           0.159     8.641    nu_wire_reg[0][0][3]_i_3_n_0
    SLICE_X412Y588       LUT6 (Prop_D6LUT_SLICEL_I1_O)
                                                      0.099     8.740 r  nu_wire_reg[0][0][3]_i_1/O
                         net (fo=1, routed)           0.049     8.789    nu_wire[0][0][3]
    SLICE_X412Y588       FDCE                                         r  nu_wire_reg_reg[0][0][3]/D
  -------------------------------------------------------------------    -------------------

                         (clock clk rise edge)       12.000    12.000 r  
    AW17                                              0.000    12.000 r  clk (IN)
                         net (fo=0)                   0.000    12.000    clk_IBUF_inst/I
    AW17                 INBUF (Prop_INBUF_HDIOB_M_PAD_O)
                                                      0.560    12.560 r  clk_IBUF_inst/INBUF_INST/O
                         net (fo=1, routed)           0.000    12.560    clk_IBUF_inst/OUT
    AW17                 IBUFCTRL (Prop_IBUFCTRL_HDIOB_M_I_O)
                                                      0.000    12.560 r  clk_IBUF_inst/IBUFCTRL_INST/O
                         net (fo=1, routed)           0.169    12.729    clk_IBUF
    BUFGCE_HDIO_X0Y2     BUFGCE (Prop_BUFCE_BUFGCE_HDIO_I_O)
                                                      0.024    12.753 r  clk_IBUF_BUFG_inst/O
    X4Y8 (CLOCK_ROOT)    net (fo=1334, routed)        2.810    15.563    clk_IBUF_BUFG
    SLICE_X412Y588       FDCE                                         r  nu_wire_reg_reg[0][0][3]/C
                         clock pessimism              0.785    16.348    
                         clock uncertainty           -0.035    16.312    
    SLICE_X412Y588       FDCE (Setup_DFF_SLICEL_C_D)
                                                      0.025    16.337    nu_wire_reg_reg[0][0][3]
  -------------------------------------------------------------------
                         required time                         16.337    
                         arrival time                          -8.789    
  -------------------------------------------------------------------
                         slack                                  7.549    

Slack (MET) :             7.556ns  (required time - arrival time)
  Source:                 gen_vnu[0].u_vnu/M_j_reg[1]/C
                            (rising edge-triggered cell FDCE clocked by clk  {rise@0.000ns fall@6.000ns period=12.000ns})
  Destination:            nu_wire_reg_reg[0][0][1]/D
                            (rising edge-triggered cell FDCE clocked by clk  {rise@0.000ns fall@6.000ns period=12.000ns})
  Path Group:             clk
  Path Type:              Setup (Max at Slow Process Corner)
  Requirement:            12.000ns  (clk rise@12.000ns - clk rise@0.000ns)
  Data Path Delay:        4.389ns  (logic 1.872ns (42.650%)  route 2.517ns (57.350%))
  Logic Levels:           14  (CARRY8=5 LUT3=2 LUT4=2 LUT5=3 LUT6=2)
  Clock Path Skew:        -0.044ns (DCD - SCD + CPR)
    Destination Clock Delay (DCD):    3.572ns = ( 15.572 - 12.000 ) 
    Source Clock Delay      (SCD):    4.452ns
    Clock Pessimism Removal (CPR):    0.835ns
  Clock Uncertainty:      0.035ns  ((TSJ^2 + TIJ^2)^1/2 + DJ) / 2 + PE
    Total System Jitter     (TSJ):    0.071ns
    Total Input Jitter      (TIJ):    0.000ns
    Discrete Jitter          (DJ):    0.000ns
    Phase Error              (PE):    0.000ns
  Clock Net Delay (Source):      3.152ns (routing 1.654ns, distribution 1.498ns)
  Clock Net Delay (Destination): 2.819ns (routing 1.506ns, distribution 1.313ns)

    Location             Delay type                Incr(ns)  Path(ns)    Netlist Resource(s)
  -------------------------------------------------------------------    -------------------
                         (clock clk rise edge)        0.000     0.000 r  
    AW17                                              0.000     0.000 r  clk (IN)
                         net (fo=0)                   0.000     0.000    clk_IBUF_inst/I
    AW17                 INBUF (Prop_INBUF_HDIOB_M_PAD_O)
                                                      1.068     1.068 r  clk_IBUF_inst/INBUF_INST/O
                         net (fo=1, routed)           0.000     1.068    clk_IBUF_inst/OUT
    AW17                 IBUFCTRL (Prop_IBUFCTRL_HDIOB_M_I_O)
                                                      0.000     1.068 r  clk_IBUF_inst/IBUFCTRL_INST/O
                         net (fo=1, routed)           0.204     1.272    clk_IBUF
    BUFGCE_HDIO_X0Y2     BUFGCE (Prop_BUFCE_BUFGCE_HDIO_I_O)
                                                      0.028     1.300 r  clk_IBUF_BUFG_inst/O
    X4Y8 (CLOCK_ROOT)    net (fo=1334, routed)        3.152     4.452    gen_vnu[0].u_vnu/clk_IBUF_BUFG
    SLICE_X415Y587       FDCE                                         r  gen_vnu[0].u_vnu/M_j_reg[1]/C
  -------------------------------------------------------------------    -------------------
    SLICE_X415Y587       FDCE (Prop_DFF_SLICEL_C_Q)
                                                      0.079     4.531 r  gen_vnu[0].u_vnu/M_j_reg[1]/Q
                         net (fo=2, routed)           0.366     4.897    gen_vnu[0].u_vnu/M_j[1]
    SLICE_X416Y584       CARRY8 (Prop_CARRY8_SLICEL_S[1]_O[5])
                                                      0.233     5.130 r  gen_vnu[0].u_vnu/e_hat_latched_reg[0]_i_32/O[5]
                         net (fo=3, routed)           0.299     5.428    gen_vnu[0].u_vnu_n_2
    SLICE_X416Y582       CARRY8 (Prop_CARRY8_SLICEL_S[3]_O[3])
                                                      0.054     5.482 r  e_hat_latched_reg[0]_i_26/O[3]
                         net (fo=3, routed)           0.157     5.639    PCOUT[5]
    SLICE_X414Y582       LUT5 (Prop_H6LUT_SLICEM_I0_O)
                                                      0.152     5.791 r  e_hat_latched[0]_i_28/O
                         net (fo=1, routed)           0.195     5.986    e_hat_latched[0]_i_28_n_0
    SLICE_X415Y582       CARRY8 (Prop_CARRY8_SLICEL_DI[6]_O[7])
                                                      0.089     6.075 r  e_hat_latched_reg[0]_i_24/O[7]
                         net (fo=2, routed)           0.151     6.226    bias_raw[7]
    SLICE_X415Y584       LUT3 (Prop_F5LUT_SLICEL_I1_O)
                                                      0.167     6.393 r  e_hat_latched[0]_i_9/O
                         net (fo=2, routed)           0.231     6.624    e_hat_latched[0]_i_9_n_0
    SLICE_X415Y585       LUT4 (Prop_F6LUT_SLICEL_I3_O)
                                                      0.148     6.772 r  e_hat_latched[0]_i_16/O
                         net (fo=1, routed)           0.011     6.783    e_hat_latched[0]_i_16_n_0
    SLICE_X415Y585       CARRY8 (Prop_CARRY8_SLICEL_S[5]_CO[7])
                                                      0.155     6.938 r  e_hat_latched_reg[0]_i_3/CO[7]
                         net (fo=1, routed)           0.026     6.964    e_hat_latched_reg[0]_i_3_n_0
    SLICE_X415Y586       CARRY8 (Prop_CARRY8_SLICEL_CI_O[0])
                                                      0.056     7.020 r  e_hat_latched_reg[0]_i_4/O[0]
                         net (fo=23, routed)          0.273     7.293    e_hat_latched_reg[0]_i_4_n_15
    SLICE_X415Y588       LUT3 (Prop_D6LUT_SLICEL_I1_O)
                                                      0.146     7.439 f  nu_wire_reg[0][0][3]_i_15/O
                         net (fo=4, routed)           0.092     7.532    nu_wire_reg[0][0][3]_i_15_n_0
    SLICE_X415Y589       LUT6 (Prop_C6LUT_SLICEL_I0_O)
                                                      0.088     7.620 r  nu_wire_reg[0][0][2]_i_8/O
                         net (fo=5, routed)           0.192     7.812    nu_wire_reg[0][0][2]_i_8_n_0
    SLICE_X414Y588       LUT5 (Prop_C5LUT_SLICEM_I2_O)
                                                      0.068     7.880 r  nu_wire_reg[0][0][4]_i_5/O
                         net (fo=8, routed)           0.200     8.080    nu_wire_reg[0][0][4]_i_5_n_0
    SLICE_X414Y588       LUT5 (Prop_D5LUT_SLICEM_I3_O)
                                                      0.135     8.215 r  nu_wire_reg[0][0][3]_i_7/O
                         net (fo=2, routed)           0.150     8.365    nu_wire_reg[0][0][3]_i_7_n_0
    SLICE_X413Y588       LUT6 (Prop_H6LUT_SLICEL_I2_O)
                                                      0.150     8.515 r  nu_wire_reg[0][0][1]_i_2/O
                         net (fo=1, routed)           0.116     8.631    nu_wire_reg[0][0][1]_i_2_n_0
    SLICE_X414Y589       LUT4 (Prop_H6LUT_SLICEM_I1_O)
                                                      0.152     8.783 r  nu_wire_reg[0][0][1]_i_1/O
                         net (fo=1, routed)           0.058     8.841    nu_wire[0][0][1]
    SLICE_X414Y589       FDCE                                         r  nu_wire_reg_reg[0][0][1]/D
  -------------------------------------------------------------------    -------------------

                         (clock clk rise edge)       12.000    12.000 r  
    AW17                                              0.000    12.000 r  clk (IN)
                         net (fo=0)                   0.000    12.000    clk_IBUF_inst/I
    AW17                 INBUF (Prop_INBUF_HDIOB_M_PAD_O)
                                                      0.560    12.560 r  clk_IBUF_inst/INBUF_INST/O
                         net (fo=1, routed)           0.000    12.560    clk_IBUF_inst/OUT
    AW17                 IBUFCTRL (Prop_IBUFCTRL_HDIOB_M_I_O)
                                                      0.000    12.560 r  clk_IBUF_inst/IBUFCTRL_INST/O
                         net (fo=1, routed)           0.169    12.729    clk_IBUF
    BUFGCE_HDIO_X0Y2     BUFGCE (Prop_BUFCE_BUFGCE_HDIO_I_O)
                                                      0.024    12.753 r  clk_IBUF_BUFG_inst/O
    X4Y8 (CLOCK_ROOT)    net (fo=1334, routed)        2.819    15.572    clk_IBUF_BUFG
    SLICE_X414Y589       FDCE                                         r  nu_wire_reg_reg[0][0][1]/C
                         clock pessimism              0.835    16.407    
                         clock uncertainty           -0.035    16.372    
    SLICE_X414Y589       FDCE (Setup_HFF_SLICEM_C_D)
                                                      0.025    16.397    nu_wire_reg_reg[0][0][1]
  -------------------------------------------------------------------
                         required time                         16.397    
                         arrival time                          -8.841    
  -------------------------------------------------------------------
                         slack                                  7.556    

Slack (MET) :             7.593ns  (required time - arrival time)
  Source:                 gen_vnu[0].u_vnu/M_j_reg[1]/C
                            (rising edge-triggered cell FDCE clocked by clk  {rise@0.000ns fall@6.000ns period=12.000ns})
  Destination:            nu_wire_reg_reg[0][0][0]/D
                            (rising edge-triggered cell FDCE clocked by clk  {rise@0.000ns fall@6.000ns period=12.000ns})
  Path Group:             clk
  Path Type:              Setup (Max at Slow Process Corner)
  Requirement:            12.000ns  (clk rise@12.000ns - clk rise@0.000ns)
  Data Path Delay:        4.307ns  (logic 1.698ns (39.427%)  route 2.609ns (60.573%))
  Logic Levels:           14  (CARRY8=5 LUT3=2 LUT4=1 LUT5=2 LUT6=4)
  Clock Path Skew:        -0.090ns (DCD - SCD + CPR)
    Destination Clock Delay (DCD):    3.577ns = ( 15.577 - 12.000 ) 
    Source Clock Delay      (SCD):    4.452ns
    Clock Pessimism Removal (CPR):    0.785ns
  Clock Uncertainty:      0.035ns  ((TSJ^2 + TIJ^2)^1/2 + DJ) / 2 + PE
    Total System Jitter     (TSJ):    0.071ns
    Total Input Jitter      (TIJ):    0.000ns
    Discrete Jitter          (DJ):    0.000ns
    Phase Error              (PE):    0.000ns
  Clock Net Delay (Source):      3.152ns (routing 1.654ns, distribution 1.498ns)
  Clock Net Delay (Destination): 2.824ns (routing 1.506ns, distribution 1.318ns)

    Location             Delay type                Incr(ns)  Path(ns)    Netlist Resource(s)
  -------------------------------------------------------------------    -------------------
                         (clock clk rise edge)        0.000     0.000 r  
    AW17                                              0.000     0.000 r  clk (IN)
                         net (fo=0)                   0.000     0.000    clk_IBUF_inst/I
    AW17                 INBUF (Prop_INBUF_HDIOB_M_PAD_O)
                                                      1.068     1.068 r  clk_IBUF_inst/INBUF_INST/O
                         net (fo=1, routed)           0.000     1.068    clk_IBUF_inst/OUT
    AW17                 IBUFCTRL (Prop_IBUFCTRL_HDIOB_M_I_O)
                                                      0.000     1.068 r  clk_IBUF_inst/IBUFCTRL_INST/O
                         net (fo=1, routed)           0.204     1.272    clk_IBUF
    BUFGCE_HDIO_X0Y2     BUFGCE (Prop_BUFCE_BUFGCE_HDIO_I_O)
                                                      0.028     1.300 r  clk_IBUF_BUFG_inst/O
    X4Y8 (CLOCK_ROOT)    net (fo=1334, routed)        3.152     4.452    gen_vnu[0].u_vnu/clk_IBUF_BUFG
    SLICE_X415Y587       FDCE                                         r  gen_vnu[0].u_vnu/M_j_reg[1]/C
  -------------------------------------------------------------------    -------------------
    SLICE_X415Y587       FDCE (Prop_DFF_SLICEL_C_Q)
                                                      0.079     4.531 r  gen_vnu[0].u_vnu/M_j_reg[1]/Q
                         net (fo=2, routed)           0.366     4.897    gen_vnu[0].u_vnu/M_j[1]
    SLICE_X416Y584       CARRY8 (Prop_CARRY8_SLICEL_S[1]_O[5])
                                                      0.233     5.130 r  gen_vnu[0].u_vnu/e_hat_latched_reg[0]_i_32/O[5]
                         net (fo=3, routed)           0.299     5.428    gen_vnu[0].u_vnu_n_2
    SLICE_X416Y582       CARRY8 (Prop_CARRY8_SLICEL_S[3]_O[3])
                                                      0.054     5.482 r  e_hat_latched_reg[0]_i_26/O[3]
                         net (fo=3, routed)           0.157     5.639    PCOUT[5]
    SLICE_X414Y582       LUT5 (Prop_H6LUT_SLICEM_I0_O)
                                                      0.152     5.791 r  e_hat_latched[0]_i_28/O
                         net (fo=1, routed)           0.195     5.986    e_hat_latched[0]_i_28_n_0
    SLICE_X415Y582       CARRY8 (Prop_CARRY8_SLICEL_DI[6]_O[7])
                                                      0.089     6.075 r  e_hat_latched_reg[0]_i_24/O[7]
                         net (fo=2, routed)           0.151     6.226    bias_raw[7]
    SLICE_X415Y584       LUT3 (Prop_F5LUT_SLICEL_I1_O)
                                                      0.167     6.393 r  e_hat_latched[0]_i_9/O
                         net (fo=2, routed)           0.231     6.624    e_hat_latched[0]_i_9_n_0
    SLICE_X415Y585       LUT4 (Prop_F6LUT_SLICEL_I3_O)
                                                      0.148     6.772 r  e_hat_latched[0]_i_16/O
                         net (fo=1, routed)           0.011     6.783    e_hat_latched[0]_i_16_n_0
    SLICE_X415Y585       CARRY8 (Prop_CARRY8_SLICEL_S[5]_CO[7])
                                                      0.155     6.938 r  e_hat_latched_reg[0]_i_3/CO[7]
                         net (fo=1, routed)           0.026     6.964    e_hat_latched_reg[0]_i_3_n_0
    SLICE_X415Y586       CARRY8 (Prop_CARRY8_SLICEL_CI_O[0])
                                                      0.056     7.020 r  e_hat_latched_reg[0]_i_4/O[0]
                         net (fo=23, routed)          0.273     7.293    e_hat_latched_reg[0]_i_4_n_15
    SLICE_X415Y588       LUT3 (Prop_D6LUT_SLICEL_I1_O)
                                                      0.146     7.439 f  nu_wire_reg[0][0][3]_i_15/O
                         net (fo=4, routed)           0.092     7.532    nu_wire_reg[0][0][3]_i_15_n_0
    SLICE_X415Y589       LUT6 (Prop_C6LUT_SLICEL_I0_O)
                                                      0.088     7.620 r  nu_wire_reg[0][0][2]_i_8/O
                         net (fo=5, routed)           0.192     7.812    nu_wire_reg[0][0][2]_i_8_n_0
    SLICE_X414Y588       LUT5 (Prop_C5LUT_SLICEM_I2_O)
                                                      0.068     7.880 r  nu_wire_reg[0][0][4]_i_5/O
                         net (fo=8, routed)           0.219     8.099    nu_wire_reg[0][0][4]_i_5_n_0
    SLICE_X414Y586       LUT6 (Prop_C6LUT_SLICEM_I1_O)
                                                      0.123     8.222 r  nu_wire_reg[0][0][3]_i_11/O
                         net (fo=3, routed)           0.096     8.318    nu_wire_reg[0][0][3]_i_11_n_0
    SLICE_X414Y586       LUT6 (Prop_H6LUT_SLICEM_I0_O)
                                                      0.090     8.408 r  nu_wire_reg[0][0][0]_i_2/O
                         net (fo=1, routed)           0.251     8.659    nu_wire_reg[0][0][0]_i_2_n_0
    SLICE_X417Y588       LUT6 (Prop_D6LUT_SLICEL_I2_O)
                                                      0.050     8.709 r  nu_wire_reg[0][0][0]_i_1/O
                         net (fo=1, routed)           0.049     8.758    nu_wire[0][0][0]
    SLICE_X417Y588       FDCE                                         r  nu_wire_reg_reg[0][0][0]/D
  -------------------------------------------------------------------    -------------------

                         (clock clk rise edge)       12.000    12.000 r  
    AW17                                              0.000    12.000 r  clk (IN)
                         net (fo=0)                   0.000    12.000    clk_IBUF_inst/I
    AW17                 INBUF (Prop_INBUF_HDIOB_M_PAD_O)
                                                      0.560    12.560 r  clk_IBUF_inst/INBUF_INST/O
                         net (fo=1, routed)           0.000    12.560    clk_IBUF_inst/OUT
    AW17                 IBUFCTRL (Prop_IBUFCTRL_HDIOB_M_I_O)
                                                      0.000    12.560 r  clk_IBUF_inst/IBUFCTRL_INST/O
                         net (fo=1, routed)           0.169    12.729    clk_IBUF
    BUFGCE_HDIO_X0Y2     BUFGCE (Prop_BUFCE_BUFGCE_HDIO_I_O)
                                                      0.024    12.753 r  clk_IBUF_BUFG_inst/O
    X4Y8 (CLOCK_ROOT)    net (fo=1334, routed)        2.824    15.577    clk_IBUF_BUFG
    SLICE_X417Y588       FDCE                                         r  nu_wire_reg_reg[0][0][0]/C
                         clock pessimism              0.785    16.361    
                         clock uncertainty           -0.035    16.326    
    SLICE_X417Y588       FDCE (Setup_DFF_SLICEL_C_D)
                                                      0.025    16.351    nu_wire_reg_reg[0][0][0]
  -------------------------------------------------------------------
                         required time                         16.351    
                         arrival time                          -8.758    
  -------------------------------------------------------------------
                         slack                                  7.593    

Slack (MET) :             8.081ns  (required time - arrival time)
  Source:                 gen_vnu[0].u_vnu/M_j_reg[1]/C
                            (rising edge-triggered cell FDCE clocked by clk  {rise@0.000ns fall@6.000ns period=12.000ns})
  Destination:            nu_wire_reg_reg[0][0][4]/D
                            (rising edge-triggered cell FDCE clocked by clk  {rise@0.000ns fall@6.000ns period=12.000ns})
  Path Group:             clk
  Path Type:              Setup (Max at Slow Process Corner)
  Requirement:            12.000ns  (clk rise@12.000ns - clk rise@0.000ns)
  Data Path Delay:        3.864ns  (logic 1.552ns (40.167%)  route 2.312ns (59.833%))
  Logic Levels:           13  (CARRY8=5 LUT2=1 LUT3=2 LUT4=1 LUT5=2 LUT6=2)
  Clock Path Skew:        -0.044ns (DCD - SCD + CPR)
    Destination Clock Delay (DCD):    3.572ns = ( 15.572 - 12.000 ) 
    Source Clock Delay      (SCD):    4.452ns
    Clock Pessimism Removal (CPR):    0.835ns
  Clock Uncertainty:      0.035ns  ((TSJ^2 + TIJ^2)^1/2 + DJ) / 2 + PE
    Total System Jitter     (TSJ):    0.071ns
    Total Input Jitter      (TIJ):    0.000ns
    Discrete Jitter          (DJ):    0.000ns
    Phase Error              (PE):    0.000ns
  Clock Net Delay (Source):      3.152ns (routing 1.654ns, distribution 1.498ns)
  Clock Net Delay (Destination): 2.819ns (routing 1.506ns, distribution 1.313ns)

    Location             Delay type                Incr(ns)  Path(ns)    Netlist Resource(s)
  -------------------------------------------------------------------    -------------------
                         (clock clk rise edge)        0.000     0.000 r  
    AW17                                              0.000     0.000 r  clk (IN)
                         net (fo=0)                   0.000     0.000    clk_IBUF_inst/I
    AW17                 INBUF (Prop_INBUF_HDIOB_M_PAD_O)
                                                      1.068     1.068 r  clk_IBUF_inst/INBUF_INST/O
                         net (fo=1, routed)           0.000     1.068    clk_IBUF_inst/OUT
    AW17                 IBUFCTRL (Prop_IBUFCTRL_HDIOB_M_I_O)
                                                      0.000     1.068 r  clk_IBUF_inst/IBUFCTRL_INST/O
                         net (fo=1, routed)           0.204     1.272    clk_IBUF
    BUFGCE_HDIO_X0Y2     BUFGCE (Prop_BUFCE_BUFGCE_HDIO_I_O)
                                                      0.028     1.300 r  clk_IBUF_BUFG_inst/O
    X4Y8 (CLOCK_ROOT)    net (fo=1334, routed)        3.152     4.452    gen_vnu[0].u_vnu/clk_IBUF_BUFG
    SLICE_X415Y587       FDCE                                         r  gen_vnu[0].u_vnu/M_j_reg[1]/C
  -------------------------------------------------------------------    -------------------
    SLICE_X415Y587       FDCE (Prop_DFF_SLICEL_C_Q)
                                                      0.079     4.531 r  gen_vnu[0].u_vnu/M_j_reg[1]/Q
                         net (fo=2, routed)           0.366     4.897    gen_vnu[0].u_vnu/M_j[1]
    SLICE_X416Y584       CARRY8 (Prop_CARRY8_SLICEL_S[1]_O[5])
                                                      0.233     5.130 r  gen_vnu[0].u_vnu/e_hat_latched_reg[0]_i_32/O[5]
                         net (fo=3, routed)           0.299     5.428    gen_vnu[0].u_vnu_n_2
    SLICE_X416Y582       CARRY8 (Prop_CARRY8_SLICEL_S[3]_O[3])
                                                      0.054     5.482 r  e_hat_latched_reg[0]_i_26/O[3]
                         net (fo=3, routed)           0.157     5.639    PCOUT[5]
    SLICE_X414Y582       LUT5 (Prop_H6LUT_SLICEM_I0_O)
                                                      0.152     5.791 r  e_hat_latched[0]_i_28/O
                         net (fo=1, routed)           0.195     5.986    e_hat_latched[0]_i_28_n_0
    SLICE_X415Y582       CARRY8 (Prop_CARRY8_SLICEL_DI[6]_O[7])
                                                      0.089     6.075 r  e_hat_latched_reg[0]_i_24/O[7]
                         net (fo=2, routed)           0.151     6.226    bias_raw[7]
    SLICE_X415Y584       LUT3 (Prop_F5LUT_SLICEL_I1_O)
                                                      0.167     6.393 r  e_hat_latched[0]_i_9/O
                         net (fo=2, routed)           0.231     6.624    e_hat_latched[0]_i_9_n_0
    SLICE_X415Y585       LUT4 (Prop_F6LUT_SLICEL_I3_O)
                                                      0.148     6.772 r  e_hat_latched[0]_i_16/O
                         net (fo=1, routed)           0.011     6.783    e_hat_latched[0]_i_16_n_0
    SLICE_X415Y585       CARRY8 (Prop_CARRY8_SLICEL_S[5]_CO[7])
                                                      0.155     6.938 r  e_hat_latched_reg[0]_i_3/CO[7]
                         net (fo=1, routed)           0.026     6.964    e_hat_latched_reg[0]_i_3_n_0
    SLICE_X415Y586       CARRY8 (Prop_CARRY8_SLICEL_CI_O[0])
                                                      0.056     7.020 f  e_hat_latched_reg[0]_i_4/O[0]
                         net (fo=23, routed)          0.273     7.293    e_hat_latched_reg[0]_i_4_n_15
    SLICE_X415Y588       LUT3 (Prop_D6LUT_SLICEL_I1_O)
                                                      0.146     7.439 r  nu_wire_reg[0][0][3]_i_15/O
                         net (fo=4, routed)           0.092     7.532    nu_wire_reg[0][0][3]_i_15_n_0
    SLICE_X415Y589       LUT6 (Prop_C6LUT_SLICEL_I0_O)
                                                      0.088     7.620 f  nu_wire_reg[0][0][2]_i_8/O
                         net (fo=5, routed)           0.192     7.812    nu_wire_reg[0][0][2]_i_8_n_0
    SLICE_X414Y588       LUT5 (Prop_C5LUT_SLICEM_I2_O)
                                                      0.068     7.880 f  nu_wire_reg[0][0][4]_i_5/O
                         net (fo=8, routed)           0.148     8.028    nu_wire_reg[0][0][4]_i_5_n_0
    SLICE_X414Y586       LUT6 (Prop_F6LUT_SLICEM_I3_O)
                                                      0.051     8.079 r  nu_wire_reg[0][0][4]_i_3/O
                         net (fo=7, routed)           0.152     8.231    nu_wire_reg[0][0][4]_i_3_n_0
    SLICE_X414Y589       LUT2 (Prop_H5LUT_SLICEM_I0_O)
                                                      0.066     8.297 r  nu_wire_reg[0][0][4]_i_2/O
                         net (fo=1, routed)           0.018     8.315    nu_wire[0][0][4]
    SLICE_X414Y589       FDCE                                         r  nu_wire_reg_reg[0][0][4]/D
  -------------------------------------------------------------------    -------------------

                         (clock clk rise edge)       12.000    12.000 r  
    AW17                                              0.000    12.000 r  clk (IN)
                         net (fo=0)                   0.000    12.000    clk_IBUF_inst/I
    AW17                 INBUF (Prop_INBUF_HDIOB_M_PAD_O)
                                                      0.560    12.560 r  clk_IBUF_inst/INBUF_INST/O
                         net (fo=1, routed)           0.000    12.560    clk_IBUF_inst/OUT
    AW17                 IBUFCTRL (Prop_IBUFCTRL_HDIOB_M_I_O)
                                                      0.000    12.560 r  clk_IBUF_inst/IBUFCTRL_INST/O
                         net (fo=1, routed)           0.169    12.729    clk_IBUF
    BUFGCE_HDIO_X0Y2     BUFGCE (Prop_BUFCE_BUFGCE_HDIO_I_O)
                                                      0.024    12.753 r  clk_IBUF_BUFG_inst/O
    X4Y8 (CLOCK_ROOT)    net (fo=1334, routed)        2.819    15.572    clk_IBUF_BUFG
    SLICE_X414Y589       FDCE                                         r  nu_wire_reg_reg[0][0][4]/C
                         clock pessimism              0.835    16.407    
                         clock uncertainty           -0.035    16.372    
    SLICE_X414Y589       FDCE (Setup_HFF2_SLICEM_C_D)
                                                      0.025    16.397    nu_wire_reg_reg[0][0][4]
  -------------------------------------------------------------------
                         required time                         16.397    
                         arrival time                          -8.315    
  -------------------------------------------------------------------
                         slack                                  8.081    

Slack (MET) :             8.127ns  (required time - arrival time)
  Source:                 iter_cnt_reg[0]/C
                            (rising edge-triggered cell FDCE clocked by clk  {rise@0.000ns fall@6.000ns period=12.000ns})
  Destination:            e_hat_latched_reg[122]/CE
                            (rising edge-triggered cell FDCE clocked by clk  {rise@0.000ns fall@6.000ns period=12.000ns})
  Path Group:             clk
  Path Type:              Setup (Max at Slow Process Corner)
  Requirement:            12.000ns  (clk rise@12.000ns - clk rise@0.000ns)
  Data Path Delay:        3.476ns  (logic 0.353ns (10.156%)  route 3.123ns (89.844%))
  Logic Levels:           3  (LUT2=1 LUT4=1 LUT6=1)
  Clock Path Skew:        -0.302ns (DCD - SCD + CPR)
    Destination Clock Delay (DCD):    3.450ns = ( 15.450 - 12.000 ) 
    Source Clock Delay      (SCD):    4.447ns
    Clock Pessimism Removal (CPR):    0.695ns
  Clock Uncertainty:      0.035ns  ((TSJ^2 + TIJ^2)^1/2 + DJ) / 2 + PE
    Total System Jitter     (TSJ):    0.071ns
    Total Input Jitter      (TIJ):    0.000ns
    Discrete Jitter          (DJ):    0.000ns
    Phase Error              (PE):    0.000ns
  Clock Net Delay (Source):      3.147ns (routing 1.654ns, distribution 1.493ns)
  Clock Net Delay (Destination): 2.697ns (routing 1.506ns, distribution 1.191ns)

    Location             Delay type                Incr(ns)  Path(ns)    Netlist Resource(s)
  -------------------------------------------------------------------    -------------------
                         (clock clk rise edge)        0.000     0.000 r  
    AW17                                              0.000     0.000 r  clk (IN)
                         net (fo=0)                   0.000     0.000    clk_IBUF_inst/I
    AW17                 INBUF (Prop_INBUF_HDIOB_M_PAD_O)
                                                      1.068     1.068 r  clk_IBUF_inst/INBUF_INST/O
                         net (fo=1, routed)           0.000     1.068    clk_IBUF_inst/OUT
    AW17                 IBUFCTRL (Prop_IBUFCTRL_HDIOB_M_I_O)
                                                      0.000     1.068 r  clk_IBUF_inst/IBUFCTRL_INST/O
                         net (fo=1, routed)           0.204     1.272    clk_IBUF
    BUFGCE_HDIO_X0Y2     BUFGCE (Prop_BUFCE_BUFGCE_HDIO_I_O)
                                                      0.028     1.300 r  clk_IBUF_BUFG_inst/O
    X4Y8 (CLOCK_ROOT)    net (fo=1334, routed)        3.147     4.447    clk_IBUF_BUFG
    SLICE_X416Y588       FDCE                                         r  iter_cnt_reg[0]/C
  -------------------------------------------------------------------    -------------------
    SLICE_X416Y588       FDCE (Prop_DFF2_SLICEL_C_Q)
                                                      0.081     4.528 r  iter_cnt_reg[0]/Q
                         net (fo=11, routed)          0.125     4.652    iter_count_OBUF[0]
    SLICE_X416Y587       LUT2 (Prop_C6LUT_SLICEL_I1_O)
                                                      0.123     4.775 r  iter_cnt[5]_i_2/O
                         net (fo=2, routed)           0.140     4.915    iter_cnt[5]_i_2_n_0
    SLICE_X416Y586       LUT6 (Prop_H6LUT_SLICEL_I2_O)
                                                      0.099     5.014 r  e_hat_latched[143]_i_4/O
                         net (fo=3, routed)           0.083     5.097    state_next1
    SLICE_X416Y585       LUT4 (Prop_G6LUT_SLICEL_I2_O)
                                                      0.050     5.147 r  e_hat_latched[143]_i_1/O
                         net (fo=145, routed)         2.775     7.922    e_hat_latched[143]_i_1_n_0
    SLICE_X393Y531       FDCE                                         r  e_hat_latched_reg[122]/CE
  -------------------------------------------------------------------    -------------------

                         (clock clk rise edge)       12.000    12.000 r  
    AW17                                              0.000    12.000 r  clk (IN)
                         net (fo=0)                   0.000    12.000    clk_IBUF_inst/I
    AW17                 INBUF (Prop_INBUF_HDIOB_M_PAD_O)
                                                      0.560    12.560 r  clk_IBUF_inst/INBUF_INST/O
                         net (fo=1, routed)           0.000    12.560    clk_IBUF_inst/OUT
    AW17                 IBUFCTRL (Prop_IBUFCTRL_HDIOB_M_I_O)
                                                      0.000    12.560 r  clk_IBUF_inst/IBUFCTRL_INST/O
                         net (fo=1, routed)           0.169    12.729    clk_IBUF
    BUFGCE_HDIO_X0Y2     BUFGCE (Prop_BUFCE_BUFGCE_HDIO_I_O)
                                                      0.024    12.753 r  clk_IBUF_BUFG_inst/O
    X4Y8 (CLOCK_ROOT)    net (fo=1334, routed)        2.697    15.450    clk_IBUF_BUFG
    SLICE_X393Y531       FDCE                                         r  e_hat_latched_reg[122]/C
                         clock pessimism              0.695    16.144    
                         clock uncertainty           -0.035    16.109    
    SLICE_X393Y531       FDCE (Setup_HFF_SLICEL_C_CE)
                                                     -0.060    16.049    e_hat_latched_reg[122]
  -------------------------------------------------------------------
                         required time                         16.049    
                         arrival time                          -7.922    
  -------------------------------------------------------------------
                         slack                                  8.127    

Slack (MET) :             8.139ns  (required time - arrival time)
  Source:                 iter_cnt_reg[0]/C
                            (rising edge-triggered cell FDCE clocked by clk  {rise@0.000ns fall@6.000ns period=12.000ns})
  Destination:            e_hat_latched_reg[134]/CE
                            (rising edge-triggered cell FDCE clocked by clk  {rise@0.000ns fall@6.000ns period=12.000ns})
  Path Group:             clk
  Path Type:              Setup (Max at Slow Process Corner)
  Requirement:            12.000ns  (clk rise@12.000ns - clk rise@0.000ns)
  Data Path Delay:        3.449ns  (logic 0.353ns (10.233%)  route 3.097ns (89.767%))
  Logic Levels:           3  (LUT2=1 LUT4=1 LUT6=1)
  Clock Path Skew:        -0.316ns (DCD - SCD + CPR)
    Destination Clock Delay (DCD):    3.436ns = ( 15.436 - 12.000 ) 
    Source Clock Delay      (SCD):    4.447ns
    Clock Pessimism Removal (CPR):    0.695ns
  Clock Uncertainty:      0.035ns  ((TSJ^2 + TIJ^2)^1/2 + DJ) / 2 + PE
    Total System Jitter     (TSJ):    0.071ns
    Total Input Jitter      (TIJ):    0.000ns
    Discrete Jitter          (DJ):    0.000ns
    Phase Error              (PE):    0.000ns
  Clock Net Delay (Source):      3.147ns (routing 1.654ns, distribution 1.493ns)
  Clock Net Delay (Destination): 2.683ns (routing 1.506ns, distribution 1.177ns)

    Location             Delay type                Incr(ns)  Path(ns)    Netlist Resource(s)
  -------------------------------------------------------------------    -------------------
                         (clock clk rise edge)        0.000     0.000 r  
    AW17                                              0.000     0.000 r  clk (IN)
                         net (fo=0)                   0.000     0.000    clk_IBUF_inst/I
    AW17                 INBUF (Prop_INBUF_HDIOB_M_PAD_O)
                                                      1.068     1.068 r  clk_IBUF_inst/INBUF_INST/O
                         net (fo=1, routed)           0.000     1.068    clk_IBUF_inst/OUT
    AW17                 IBUFCTRL (Prop_IBUFCTRL_HDIOB_M_I_O)
                                                      0.000     1.068 r  clk_IBUF_inst/IBUFCTRL_INST/O
                         net (fo=1, routed)           0.204     1.272    clk_IBUF
    BUFGCE_HDIO_X0Y2     BUFGCE (Prop_BUFCE_BUFGCE_HDIO_I_O)
                                                      0.028     1.300 r  clk_IBUF_BUFG_inst/O
    X4Y8 (CLOCK_ROOT)    net (fo=1334, routed)        3.147     4.447    clk_IBUF_BUFG
    SLICE_X416Y588       FDCE                                         r  iter_cnt_reg[0]/C
  -------------------------------------------------------------------    -------------------
    SLICE_X416Y588       FDCE (Prop_DFF2_SLICEL_C_Q)
                                                      0.081     4.528 r  iter_cnt_reg[0]/Q
                         net (fo=11, routed)          0.125     4.652    iter_count_OBUF[0]
    SLICE_X416Y587       LUT2 (Prop_C6LUT_SLICEL_I1_O)
                                                      0.123     4.775 r  iter_cnt[5]_i_2/O
                         net (fo=2, routed)           0.140     4.915    iter_cnt[5]_i_2_n_0
    SLICE_X416Y586       LUT6 (Prop_H6LUT_SLICEL_I2_O)
                                                      0.099     5.014 r  e_hat_latched[143]_i_4/O
                         net (fo=3, routed)           0.083     5.097    state_next1
    SLICE_X416Y585       LUT4 (Prop_G6LUT_SLICEL_I2_O)
                                                      0.050     5.147 r  e_hat_latched[143]_i_1/O
                         net (fo=145, routed)         2.749     7.896    e_hat_latched[143]_i_1_n_0
    SLICE_X390Y523       FDCE                                         r  e_hat_latched_reg[134]/CE
  -------------------------------------------------------------------    -------------------

                         (clock clk rise edge)       12.000    12.000 r  
    AW17                                              0.000    12.000 r  clk (IN)
                         net (fo=0)                   0.000    12.000    clk_IBUF_inst/I
    AW17                 INBUF (Prop_INBUF_HDIOB_M_PAD_O)
                                                      0.560    12.560 r  clk_IBUF_inst/INBUF_INST/O
                         net (fo=1, routed)           0.000    12.560    clk_IBUF_inst/OUT
    AW17                 IBUFCTRL (Prop_IBUFCTRL_HDIOB_M_I_O)
                                                      0.000    12.560 r  clk_IBUF_inst/IBUFCTRL_INST/O
                         net (fo=1, routed)           0.169    12.729    clk_IBUF
    BUFGCE_HDIO_X0Y2     BUFGCE (Prop_BUFCE_BUFGCE_HDIO_I_O)
                                                      0.024    12.753 r  clk_IBUF_BUFG_inst/O
    X4Y8 (CLOCK_ROOT)    net (fo=1334, routed)        2.683    15.436    clk_IBUF_BUFG
    SLICE_X390Y523       FDCE                                         r  e_hat_latched_reg[134]/C
                         clock pessimism              0.695    16.131    
                         clock uncertainty           -0.035    16.095    
    SLICE_X390Y523       FDCE (Setup_DFF_SLICEL_C_CE)
                                                     -0.060    16.035    e_hat_latched_reg[134]
  -------------------------------------------------------------------
                         required time                         16.035    
                         arrival time                          -7.896    
  -------------------------------------------------------------------
                         slack                                  8.139    

Slack (MET) :             8.178ns  (required time - arrival time)
  Source:                 iter_cnt_reg[0]/C
                            (rising edge-triggered cell FDCE clocked by clk  {rise@0.000ns fall@6.000ns period=12.000ns})
  Destination:            e_hat_latched_reg[143]/CE
                            (rising edge-triggered cell FDCE clocked by clk  {rise@0.000ns fall@6.000ns period=12.000ns})
  Path Group:             clk
  Path Type:              Setup (Max at Slow Process Corner)
  Requirement:            12.000ns  (clk rise@12.000ns - clk rise@0.000ns)
  Data Path Delay:        3.424ns  (logic 0.353ns (10.310%)  route 3.071ns (89.690%))
  Logic Levels:           3  (LUT2=1 LUT4=1 LUT6=1)
  Clock Path Skew:        -0.303ns (DCD - SCD + CPR)
    Destination Clock Delay (DCD):    3.449ns = ( 15.449 - 12.000 ) 
    Source Clock Delay      (SCD):    4.447ns
    Clock Pessimism Removal (CPR):    0.695ns
  Clock Uncertainty:      0.035ns  ((TSJ^2 + TIJ^2)^1/2 + DJ) / 2 + PE
    Total System Jitter     (TSJ):    0.071ns
    Total Input Jitter      (TIJ):    0.000ns
    Discrete Jitter          (DJ):    0.000ns
    Phase Error              (PE):    0.000ns
  Clock Net Delay (Source):      3.147ns (routing 1.654ns, distribution 1.493ns)
  Clock Net Delay (Destination): 2.696ns (routing 1.506ns, distribution 1.190ns)

    Location             Delay type                Incr(ns)  Path(ns)    Netlist Resource(s)
  -------------------------------------------------------------------    -------------------
                         (clock clk rise edge)        0.000     0.000 r  
    AW17                                              0.000     0.000 r  clk (IN)
                         net (fo=0)                   0.000     0.000    clk_IBUF_inst/I
    AW17                 INBUF (Prop_INBUF_HDIOB_M_PAD_O)
                                                      1.068     1.068 r  clk_IBUF_inst/INBUF_INST/O
                         net (fo=1, routed)           0.000     1.068    clk_IBUF_inst/OUT
    AW17                 IBUFCTRL (Prop_IBUFCTRL_HDIOB_M_I_O)
                                                      0.000     1.068 r  clk_IBUF_inst/IBUFCTRL_INST/O
                         net (fo=1, routed)           0.204     1.272    clk_IBUF
    BUFGCE_HDIO_X0Y2     BUFGCE (Prop_BUFCE_BUFGCE_HDIO_I_O)
                                                      0.028     1.300 r  clk_IBUF_BUFG_inst/O
    X4Y8 (CLOCK_ROOT)    net (fo=1334, routed)        3.147     4.447    clk_IBUF_BUFG
    SLICE_X416Y588       FDCE                                         r  iter_cnt_reg[0]/C
  -------------------------------------------------------------------    -------------------
    SLICE_X416Y588       FDCE (Prop_DFF2_SLICEL_C_Q)
                                                      0.081     4.528 r  iter_cnt_reg[0]/Q
                         net (fo=11, routed)          0.125     4.652    iter_count_OBUF[0]
    SLICE_X416Y587       LUT2 (Prop_C6LUT_SLICEL_I1_O)
                                                      0.123     4.775 r  iter_cnt[5]_i_2/O
                         net (fo=2, routed)           0.140     4.915    iter_cnt[5]_i_2_n_0
    SLICE_X416Y586       LUT6 (Prop_H6LUT_SLICEL_I2_O)
                                                      0.099     5.014 r  e_hat_latched[143]_i_4/O
                         net (fo=3, routed)           0.083     5.097    state_next1
    SLICE_X416Y585       LUT4 (Prop_G6LUT_SLICEL_I2_O)
                                                      0.050     5.147 r  e_hat_latched[143]_i_1/O
                         net (fo=145, routed)         2.723     7.870    e_hat_latched[143]_i_1_n_0
    SLICE_X394Y529       FDCE                                         r  e_hat_latched_reg[143]/CE
  -------------------------------------------------------------------    -------------------

                         (clock clk rise edge)       12.000    12.000 r  
    AW17                                              0.000    12.000 r  clk (IN)
                         net (fo=0)                   0.000    12.000    clk_IBUF_inst/I
    AW17                 INBUF (Prop_INBUF_HDIOB_M_PAD_O)
                                                      0.560    12.560 r  clk_IBUF_inst/INBUF_INST/O
                         net (fo=1, routed)           0.000    12.560    clk_IBUF_inst/OUT
    AW17                 IBUFCTRL (Prop_IBUFCTRL_HDIOB_M_I_O)
                                                      0.000    12.560 r  clk_IBUF_inst/IBUFCTRL_INST/O
                         net (fo=1, routed)           0.169    12.729    clk_IBUF
    BUFGCE_HDIO_X0Y2     BUFGCE (Prop_BUFCE_BUFGCE_HDIO_I_O)
                                                      0.024    12.753 r  clk_IBUF_BUFG_inst/O
    X4Y8 (CLOCK_ROOT)    net (fo=1334, routed)        2.696    15.449    clk_IBUF_BUFG
    SLICE_X394Y529       FDCE                                         r  e_hat_latched_reg[143]/C
                         clock pessimism              0.695    16.143    
                         clock uncertainty           -0.035    16.108    
    SLICE_X394Y529       FDCE (Setup_HFF_SLICEL_C_CE)
                                                     -0.060    16.048    e_hat_latched_reg[143]
  -------------------------------------------------------------------
                         required time                         16.048    
                         arrival time                          -7.870    
  -------------------------------------------------------------------
                         slack                                  8.178    

Slack (MET) :             8.238ns  (required time - arrival time)
  Source:                 iter_cnt_reg[0]/C
                            (rising edge-triggered cell FDCE clocked by clk  {rise@0.000ns fall@6.000ns period=12.000ns})
  Destination:            e_hat_latched_reg[98]/CE
                            (rising edge-triggered cell FDCE clocked by clk  {rise@0.000ns fall@6.000ns period=12.000ns})
  Path Group:             clk
  Path Type:              Setup (Max at Slow Process Corner)
  Requirement:            12.000ns  (clk rise@12.000ns - clk rise@0.000ns)
  Data Path Delay:        3.413ns  (logic 0.353ns (10.342%)  route 3.060ns (89.658%))
  Logic Levels:           3  (LUT2=1 LUT4=1 LUT6=1)
  Clock Path Skew:        -0.253ns (DCD - SCD + CPR)
    Destination Clock Delay (DCD):    3.499ns = ( 15.499 - 12.000 ) 
    Source Clock Delay      (SCD):    4.447ns
    Clock Pessimism Removal (CPR):    0.695ns
  Clock Uncertainty:      0.035ns  ((TSJ^2 + TIJ^2)^1/2 + DJ) / 2 + PE
    Total System Jitter     (TSJ):    0.071ns
    Total Input Jitter      (TIJ):    0.000ns
    Discrete Jitter          (DJ):    0.000ns
    Phase Error              (PE):    0.000ns
  Clock Net Delay (Source):      3.147ns (routing 1.654ns, distribution 1.493ns)
  Clock Net Delay (Destination): 2.746ns (routing 1.506ns, distribution 1.240ns)

    Location             Delay type                Incr(ns)  Path(ns)    Netlist Resource(s)
  -------------------------------------------------------------------    -------------------
                         (clock clk rise edge)        0.000     0.000 r  
    AW17                                              0.000     0.000 r  clk (IN)
                         net (fo=0)                   0.000     0.000    clk_IBUF_inst/I
    AW17                 INBUF (Prop_INBUF_HDIOB_M_PAD_O)
                                                      1.068     1.068 r  clk_IBUF_inst/INBUF_INST/O
                         net (fo=1, routed)           0.000     1.068    clk_IBUF_inst/OUT
    AW17                 IBUFCTRL (Prop_IBUFCTRL_HDIOB_M_I_O)
                                                      0.000     1.068 r  clk_IBUF_inst/IBUFCTRL_INST/O
                         net (fo=1, routed)           0.204     1.272    clk_IBUF
    BUFGCE_HDIO_X0Y2     BUFGCE (Prop_BUFCE_BUFGCE_HDIO_I_O)
                                                      0.028     1.300 r  clk_IBUF_BUFG_inst/O
    X4Y8 (CLOCK_ROOT)    net (fo=1334, routed)        3.147     4.447    clk_IBUF_BUFG
    SLICE_X416Y588       FDCE                                         r  iter_cnt_reg[0]/C
  -------------------------------------------------------------------    -------------------
    SLICE_X416Y588       FDCE (Prop_DFF2_SLICEL_C_Q)
                                                      0.081     4.528 r  iter_cnt_reg[0]/Q
                         net (fo=11, routed)          0.125     4.652    iter_count_OBUF[0]
    SLICE_X416Y587       LUT2 (Prop_C6LUT_SLICEL_I1_O)
                                                      0.123     4.775 r  iter_cnt[5]_i_2/O
                         net (fo=2, routed)           0.140     4.915    iter_cnt[5]_i_2_n_0
    SLICE_X416Y586       LUT6 (Prop_H6LUT_SLICEL_I2_O)
                                                      0.099     5.014 r  e_hat_latched[143]_i_4/O
                         net (fo=3, routed)           0.083     5.097    state_next1
    SLICE_X416Y585       LUT4 (Prop_G6LUT_SLICEL_I2_O)
                                                      0.050     5.147 r  e_hat_latched[143]_i_1/O
                         net (fo=145, routed)         2.713     7.860    e_hat_latched[143]_i_1_n_0
    SLICE_X399Y525       FDCE                                         r  e_hat_latched_reg[98]/CE
  -------------------------------------------------------------------    -------------------

                         (clock clk rise edge)       12.000    12.000 r  
    AW17                                              0.000    12.000 r  clk (IN)
                         net (fo=0)                   0.000    12.000    clk_IBUF_inst/I
    AW17                 INBUF (Prop_INBUF_HDIOB_M_PAD_O)
                                                      0.560    12.560 r  clk_IBUF_inst/INBUF_INST/O
                         net (fo=1, routed)           0.000    12.560    clk_IBUF_inst/OUT
    AW17                 IBUFCTRL (Prop_IBUFCTRL_HDIOB_M_I_O)
                                                      0.000    12.560 r  clk_IBUF_inst/IBUFCTRL_INST/O
                         net (fo=1, routed)           0.169    12.729    clk_IBUF
    BUFGCE_HDIO_X0Y2     BUFGCE (Prop_BUFCE_BUFGCE_HDIO_I_O)
                                                      0.024    12.753 r  clk_IBUF_BUFG_inst/O
    X4Y8 (CLOCK_ROOT)    net (fo=1334, routed)        2.746    15.499    clk_IBUF_BUFG
    SLICE_X399Y525       FDCE                                         r  e_hat_latched_reg[98]/C
                         clock pessimism              0.695    16.193    
                         clock uncertainty           -0.035    16.158    
    SLICE_X399Y525       FDCE (Setup_DFF_SLICEL_C_CE)
                                                     -0.060    16.098    e_hat_latched_reg[98]
  -------------------------------------------------------------------
                         required time                         16.098    
                         arrival time                          -7.860    
  -------------------------------------------------------------------
                         slack                                  8.238    





Min Delay Paths
--------------------------------------------------------------------------------------
Slack (MET) :             0.018ns  (arrival time - required time)
  Source:                 FSM_onehot_state_reg[3]_rep__12/C
                            (rising edge-triggered cell FDPE clocked by clk  {rise@0.000ns fall@6.000ns period=12.000ns})
  Destination:            gen_vnu[79].u_vnu/M_j_reg[1]/D
                            (rising edge-triggered cell FDCE clocked by clk  {rise@0.000ns fall@6.000ns period=12.000ns})
  Path Group:             clk
  Path Type:              Hold (Min at Slow Process Corner)
  Requirement:            0.000ns  (clk rise@0.000ns - clk rise@0.000ns)
  Data Path Delay:        0.191ns  (logic 0.080ns (41.969%)  route 0.111ns (58.031%))
  Logic Levels:           1  (LUT6=1)
  Clock Path Skew:        0.113ns (DCD - SCD - CPR)
    Destination Clock Delay (DCD):    4.396ns
    Source Clock Delay      (SCD):    3.502ns
    Clock Pessimism Removal (CPR):    0.781ns
  Clock Net Delay (Source):      2.749ns (routing 1.506ns, distribution 1.243ns)
  Clock Net Delay (Destination): 3.096ns (routing 1.654ns, distribution 1.442ns)

    Location             Delay type                Incr(ns)  Path(ns)    Netlist Resource(s)
  -------------------------------------------------------------------    -------------------
                         (clock clk rise edge)        0.000     0.000 r  
    AW17                                              0.000     0.000 r  clk (IN)
                         net (fo=0)                   0.000     0.000    clk_IBUF_inst/I
    AW17                 INBUF (Prop_INBUF_HDIOB_M_PAD_O)
                                                      0.560     0.560 r  clk_IBUF_inst/INBUF_INST/O
                         net (fo=1, routed)           0.000     0.560    clk_IBUF_inst/OUT
    AW17                 IBUFCTRL (Prop_IBUFCTRL_HDIOB_M_I_O)
                                                      0.000     0.560 r  clk_IBUF_inst/IBUFCTRL_INST/O
                         net (fo=1, routed)           0.169     0.729    clk_IBUF
    BUFGCE_HDIO_X0Y2     BUFGCE (Prop_BUFCE_BUFGCE_HDIO_I_O)
                                                      0.024     0.753 r  clk_IBUF_BUFG_inst/O
    X4Y8 (CLOCK_ROOT)    net (fo=1334, routed)        2.749     3.502    clk_IBUF_BUFG
    SLICE_X398Y536       FDPE                                         r  FSM_onehot_state_reg[3]_rep__12/C
  -------------------------------------------------------------------    -------------------
    SLICE_X398Y536       FDPE (Prop_EFF_SLICEM_C_Q)
                                                      0.058     3.560 r  FSM_onehot_state_reg[3]_rep__12/Q
                         net (fo=68, routed)          0.089     3.649    gen_vnu[79].u_vnu/M_j_reg[5]_0
    SLICE_X400Y536       LUT6 (Prop_G6LUT_SLICEL_I1_O)
                                                      0.022     3.671 r  gen_vnu[79].u_vnu/M_j[1]_i_1__18/O
                         net (fo=1, routed)           0.022     3.693    gen_vnu[79].u_vnu/M_j[1]_i_1__18_n_0
    SLICE_X400Y536       FDCE                                         r  gen_vnu[79].u_vnu/M_j_reg[1]/D
  -------------------------------------------------------------------    -------------------

                         (clock clk rise edge)        0.000     0.000 r  
    AW17                                              0.000     0.000 r  clk (IN)
                         net (fo=0)                   0.000     0.000    clk_IBUF_inst/I
    AW17                 INBUF (Prop_INBUF_HDIOB_M_PAD_O)
                                                      1.068     1.068 r  clk_IBUF_inst/INBUF_INST/O
                         net (fo=1, routed)           0.000     1.068    clk_IBUF_inst/OUT
    AW17                 IBUFCTRL (Prop_IBUFCTRL_HDIOB_M_I_O)
                                                      0.000     1.068 r  clk_IBUF_inst/IBUFCTRL_INST/O
                         net (fo=1, routed)           0.204     1.272    clk_IBUF
    BUFGCE_HDIO_X0Y2     BUFGCE (Prop_BUFCE_BUFGCE_HDIO_I_O)
                                                      0.028     1.300 r  clk_IBUF_BUFG_inst/O
    X4Y8 (CLOCK_ROOT)    net (fo=1334, routed)        3.096     4.396    gen_vnu[79].u_vnu/clk
    SLICE_X400Y536       FDCE                                         r  gen_vnu[79].u_vnu/M_j_reg[1]/C
                         clock pessimism             -0.781     3.615    
    SLICE_X400Y536       FDCE (Hold_GFF_SLICEL_C_D)
                                                      0.060     3.675    gen_vnu[79].u_vnu/M_j_reg[1]
  -------------------------------------------------------------------
                         required time                         -3.675    
                         arrival time                           3.693    
  -------------------------------------------------------------------
                         slack                                  0.018    

Slack (MET) :             0.021ns  (arrival time - required time)
  Source:                 FSM_onehot_state_reg[3]_rep__12/C
                            (rising edge-triggered cell FDPE clocked by clk  {rise@0.000ns fall@6.000ns period=12.000ns})
  Destination:            gen_vnu[79].u_vnu/M_j_reg[0]/D
                            (rising edge-triggered cell FDCE clocked by clk  {rise@0.000ns fall@6.000ns period=12.000ns})
  Path Group:             clk
  Path Type:              Hold (Min at Slow Process Corner)
  Requirement:            0.000ns  (clk rise@0.000ns - clk rise@0.000ns)
  Data Path Delay:        0.194ns  (logic 0.081ns (41.835%)  route 0.113ns (58.165%))
  Logic Levels:           1  (LUT6=1)
  Clock Path Skew:        0.113ns (DCD - SCD - CPR)
    Destination Clock Delay (DCD):    4.396ns
    Source Clock Delay      (SCD):    3.502ns
    Clock Pessimism Removal (CPR):    0.781ns
  Clock Net Delay (Source):      2.749ns (routing 1.506ns, distribution 1.243ns)
  Clock Net Delay (Destination): 3.096ns (routing 1.654ns, distribution 1.442ns)

    Location             Delay type                Incr(ns)  Path(ns)    Netlist Resource(s)
  -------------------------------------------------------------------    -------------------
                         (clock clk rise edge)        0.000     0.000 r  
    AW17                                              0.000     0.000 r  clk (IN)
                         net (fo=0)                   0.000     0.000    clk_IBUF_inst/I
    AW17                 INBUF (Prop_INBUF_HDIOB_M_PAD_O)
                                                      0.560     0.560 r  clk_IBUF_inst/INBUF_INST/O
                         net (fo=1, routed)           0.000     0.560    clk_IBUF_inst/OUT
    AW17                 IBUFCTRL (Prop_IBUFCTRL_HDIOB_M_I_O)
                                                      0.000     0.560 r  clk_IBUF_inst/IBUFCTRL_INST/O
                         net (fo=1, routed)           0.169     0.729    clk_IBUF
    BUFGCE_HDIO_X0Y2     BUFGCE (Prop_BUFCE_BUFGCE_HDIO_I_O)
                                                      0.024     0.753 r  clk_IBUF_BUFG_inst/O
    X4Y8 (CLOCK_ROOT)    net (fo=1334, routed)        2.749     3.502    clk_IBUF_BUFG
    SLICE_X398Y536       FDPE                                         r  FSM_onehot_state_reg[3]_rep__12/C
  -------------------------------------------------------------------    -------------------
    SLICE_X398Y536       FDPE (Prop_EFF_SLICEM_C_Q)
                                                      0.058     3.560 r  FSM_onehot_state_reg[3]_rep__12/Q
                         net (fo=68, routed)          0.089     3.649    gen_vnu[79].u_vnu/M_j_reg[5]_0
    SLICE_X400Y536       LUT6 (Prop_H6LUT_SLICEL_I1_O)
                                                      0.023     3.672 r  gen_vnu[79].u_vnu/M_j[0]_i_1__18/O
                         net (fo=1, routed)           0.024     3.696    gen_vnu[79].u_vnu/M_j[0]_i_1__18_n_0
    SLICE_X400Y536       FDCE                                         r  gen_vnu[79].u_vnu/M_j_reg[0]/D
  -------------------------------------------------------------------    -------------------

                         (clock clk rise edge)        0.000     0.000 r  
    AW17                                              0.000     0.000 r  clk (IN)
                         net (fo=0)                   0.000     0.000    clk_IBUF_inst/I
    AW17                 INBUF (Prop_INBUF_HDIOB_M_PAD_O)
                                                      1.068     1.068 r  clk_IBUF_inst/INBUF_INST/O
                         net (fo=1, routed)           0.000     1.068    clk_IBUF_inst/OUT
    AW17                 IBUFCTRL (Prop_IBUFCTRL_HDIOB_M_I_O)
                                                      0.000     1.068 r  clk_IBUF_inst/IBUFCTRL_INST/O
                         net (fo=1, routed)           0.204     1.272    clk_IBUF
    BUFGCE_HDIO_X0Y2     BUFGCE (Prop_BUFCE_BUFGCE_HDIO_I_O)
                                                      0.028     1.300 r  clk_IBUF_BUFG_inst/O
    X4Y8 (CLOCK_ROOT)    net (fo=1334, routed)        3.096     4.396    gen_vnu[79].u_vnu/clk
    SLICE_X400Y536       FDCE                                         r  gen_vnu[79].u_vnu/M_j_reg[0]/C
                         clock pessimism             -0.781     3.615    
    SLICE_X400Y536       FDCE (Hold_HFF_SLICEL_C_D)
                                                      0.060     3.675    gen_vnu[79].u_vnu/M_j_reg[0]
  -------------------------------------------------------------------
                         required time                         -3.675    
                         arrival time                           3.696    
  -------------------------------------------------------------------
                         slack                                  0.021    

Slack (MET) :             0.045ns  (arrival time - required time)
  Source:                 FSM_onehot_state_reg[3]_rep__19/C
                            (rising edge-triggered cell FDPE clocked by clk  {rise@0.000ns fall@6.000ns period=12.000ns})
  Destination:            gen_vnu[60].u_vnu/M_j_reg[7]_inv/D
                            (rising edge-triggered cell FDPE clocked by clk  {rise@0.000ns fall@6.000ns period=12.000ns})
  Path Group:             clk
  Path Type:              Hold (Min at Fast Process Corner)
  Requirement:            0.000ns  (clk rise@0.000ns - clk rise@0.000ns)
  Data Path Delay:        0.142ns  (logic 0.062ns (43.801%)  route 0.080ns (56.199%))
  Logic Levels:           1  (LUT2=1)
  Clock Path Skew:        0.050ns (DCD - SCD - CPR)
    Destination Clock Delay (DCD):    2.726ns
    Source Clock Delay      (SCD):    2.207ns
    Clock Pessimism Removal (CPR):    0.469ns
  Clock Net Delay (Source):      1.698ns (routing 0.896ns, distribution 0.802ns)
  Clock Net Delay (Destination): 1.904ns (routing 0.995ns, distribution 0.909ns)

    Location             Delay type                Incr(ns)  Path(ns)    Netlist Resource(s)
  -------------------------------------------------------------------    -------------------
                         (clock clk rise edge)        0.000     0.000 r  
    AW17                                              0.000     0.000 r  clk (IN)
                         net (fo=0)                   0.000     0.000    clk_IBUF_inst/I
    AW17                 INBUF (Prop_INBUF_HDIOB_M_PAD_O)
                                                      0.401     0.401 r  clk_IBUF_inst/INBUF_INST/O
                         net (fo=1, routed)           0.000     0.401    clk_IBUF_inst/OUT
    AW17                 IBUFCTRL (Prop_IBUFCTRL_HDIOB_M_I_O)
                                                      0.000     0.401 r  clk_IBUF_inst/IBUFCTRL_INST/O
                         net (fo=1, routed)           0.091     0.492    clk_IBUF
    BUFGCE_HDIO_X0Y2     BUFGCE (Prop_BUFCE_BUFGCE_HDIO_I_O)
                                                      0.017     0.509 r  clk_IBUF_BUFG_inst/O
    X4Y8 (CLOCK_ROOT)    net (fo=1334, routed)        1.698     2.207    clk_IBUF_BUFG
    SLICE_X401Y561       FDPE                                         r  FSM_onehot_state_reg[3]_rep__19/C
  -------------------------------------------------------------------    -------------------
    SLICE_X401Y561       FDPE (Prop_EFF_SLICEL_C_Q)
                                                      0.039     2.246 r  FSM_onehot_state_reg[3]_rep__19/Q
                         net (fo=56, routed)          0.063     2.309    gen_vnu[60].u_vnu/FSM_onehot_state_reg[3]_rep__19_n_0_alias
    SLICE_X399Y561       LUT2 (Prop_H6LUT_SLICEL_I0_O)
                                                      0.023     2.332 r  gen_vnu[60].u_vnu/M_j[7]_inv_i_1__57/O
                         net (fo=1, routed)           0.017     2.349    gen_vnu[60].u_vnu/M_j[7]_inv_i_1__57_n_0
    SLICE_X399Y561       FDPE                                         r  gen_vnu[60].u_vnu/M_j_reg[7]_inv/D
  -------------------------------------------------------------------    -------------------

                         (clock clk rise edge)        0.000     0.000 r  
    AW17                                              0.000     0.000 r  clk (IN)
                         net (fo=0)                   0.000     0.000    clk_IBUF_inst/I
    AW17                 INBUF (Prop_INBUF_HDIOB_M_PAD_O)
                                                      0.690     0.690 r  clk_IBUF_inst/INBUF_INST/O
                         net (fo=1, routed)           0.000     0.690    clk_IBUF_inst/OUT
    AW17                 IBUFCTRL (Prop_IBUFCTRL_HDIOB_M_I_O)
                                                      0.000     0.690 r  clk_IBUF_inst/IBUFCTRL_INST/O
                         net (fo=1, routed)           0.113     0.803    clk_IBUF
    BUFGCE_HDIO_X0Y2     BUFGCE (Prop_BUFCE_BUFGCE_HDIO_I_O)
                                                      0.019     0.822 r  clk_IBUF_BUFG_inst/O
    X4Y8 (CLOCK_ROOT)    net (fo=1334, routed)        1.904     2.726    gen_vnu[60].u_vnu/clk
    SLICE_X399Y561       FDPE                                         r  gen_vnu[60].u_vnu/M_j_reg[7]_inv/C
                         clock pessimism             -0.469     2.257    
    SLICE_X399Y561       FDPE (Hold_HFF_SLICEL_C_D)
                                                      0.046     2.303    gen_vnu[60].u_vnu/M_j_reg[7]_inv
  -------------------------------------------------------------------
                         required time                         -2.303    
                         arrival time                           2.349    
  -------------------------------------------------------------------
                         slack                                  0.045    

Slack (MET) :             0.048ns  (arrival time - required time)
  Source:                 FSM_onehot_state_reg[3]_rep__8/C
                            (rising edge-triggered cell FDPE clocked by clk  {rise@0.000ns fall@6.000ns period=12.000ns})
  Destination:            gen_vnu[66].u_vnu/M_j_reg[7]_inv/D
                            (rising edge-triggered cell FDPE clocked by clk  {rise@0.000ns fall@6.000ns period=12.000ns})
  Path Group:             clk
  Path Type:              Hold (Min at Fast Process Corner)
  Requirement:            0.000ns  (clk rise@0.000ns - clk rise@0.000ns)
  Data Path Delay:        0.153ns  (logic 0.074ns (48.417%)  route 0.079ns (51.583%))
  Logic Levels:           1  (LUT2=1)
  Clock Path Skew:        0.059ns (DCD - SCD - CPR)
    Destination Clock Delay (DCD):    2.689ns
    Source Clock Delay      (SCD):    2.171ns
    Clock Pessimism Removal (CPR):    0.459ns
  Clock Net Delay (Source):      1.662ns (routing 0.896ns, distribution 0.766ns)
  Clock Net Delay (Destination): 1.867ns (routing 0.995ns, distribution 0.872ns)

    Location             Delay type                Incr(ns)  Path(ns)    Netlist Resource(s)
  -------------------------------------------------------------------    -------------------
                         (clock clk rise edge)        0.000     0.000 r  
    AW17                                              0.000     0.000 r  clk (IN)
                         net (fo=0)                   0.000     0.000    clk_IBUF_inst/I
    AW17                 INBUF (Prop_INBUF_HDIOB_M_PAD_O)
                                                      0.401     0.401 r  clk_IBUF_inst/INBUF_INST/O
                         net (fo=1, routed)           0.000     0.401    clk_IBUF_inst/OUT
    AW17                 IBUFCTRL (Prop_IBUFCTRL_HDIOB_M_I_O)
                                                      0.000     0.401 r  clk_IBUF_inst/IBUFCTRL_INST/O
                         net (fo=1, routed)           0.091     0.492    clk_IBUF
    BUFGCE_HDIO_X0Y2     BUFGCE (Prop_BUFCE_BUFGCE_HDIO_I_O)
                                                      0.017     0.509 r  clk_IBUF_BUFG_inst/O
    X4Y8 (CLOCK_ROOT)    net (fo=1334, routed)        1.662     2.171    clk_IBUF_BUFG
    SLICE_X388Y588       FDPE                                         r  FSM_onehot_state_reg[3]_rep__8/C
  -------------------------------------------------------------------    -------------------
    SLICE_X388Y588       FDPE (Prop_EFF_SLICEL_C_Q)
                                                      0.039     2.210 r  FSM_onehot_state_reg[3]_rep__8/Q
                         net (fo=175, routed)         0.064     2.274    gen_vnu[66].u_vnu/FSM_onehot_state_reg[3]_rep__8_n_0_alias
    SLICE_X390Y588       LUT2 (Prop_E6LUT_SLICEL_I0_O)
                                                      0.035     2.309 r  gen_vnu[66].u_vnu/M_j[7]_inv_i_1__117/O
                         net (fo=1, routed)           0.015     2.324    gen_vnu[66].u_vnu/M_j[7]_inv_i_1__117_n_0
    SLICE_X390Y588       FDPE                                         r  gen_vnu[66].u_vnu/M_j_reg[7]_inv/D
  -------------------------------------------------------------------    -------------------

                         (clock clk rise edge)        0.000     0.000 r  
    AW17                                              0.000     0.000 r  clk (IN)
                         net (fo=0)                   0.000     0.000    clk_IBUF_inst/I
    AW17                 INBUF (Prop_INBUF_HDIOB_M_PAD_O)
                                                      0.690     0.690 r  clk_IBUF_inst/INBUF_INST/O
                         net (fo=1, routed)           0.000     0.690    clk_IBUF_inst/OUT
    AW17                 IBUFCTRL (Prop_IBUFCTRL_HDIOB_M_I_O)
                                                      0.000     0.690 r  clk_IBUF_inst/IBUFCTRL_INST/O
                         net (fo=1, routed)           0.113     0.803    clk_IBUF
    BUFGCE_HDIO_X0Y2     BUFGCE (Prop_BUFCE_BUFGCE_HDIO_I_O)
                                                      0.019     0.822 r  clk_IBUF_BUFG_inst/O
    X4Y8 (CLOCK_ROOT)    net (fo=1334, routed)        1.867     2.689    gen_vnu[66].u_vnu/clk
    SLICE_X390Y588       FDPE                                         r  gen_vnu[66].u_vnu/M_j_reg[7]_inv/C
                         clock pessimism             -0.459     2.230    
    SLICE_X390Y588       FDPE (Hold_EFF_SLICEL_C_D)
                                                      0.046     2.276    gen_vnu[66].u_vnu/M_j_reg[7]_inv
  -------------------------------------------------------------------
                         required time                         -2.276    
                         arrival time                           2.324    
  -------------------------------------------------------------------
                         slack                                  0.048    

Slack (MET) :             0.049ns  (arrival time - required time)
  Source:                 FSM_onehot_state_reg[3]_rep__16/C
                            (rising edge-triggered cell FDPE clocked by clk  {rise@0.000ns fall@6.000ns period=12.000ns})
  Destination:            gen_vnu[93].u_vnu/M_j_reg[5]/D
                            (rising edge-triggered cell FDCE clocked by clk  {rise@0.000ns fall@6.000ns period=12.000ns})
  Path Group:             clk
  Path Type:              Hold (Min at Fast Process Corner)
  Requirement:            0.000ns  (clk rise@0.000ns - clk rise@0.000ns)
  Data Path Delay:        0.142ns  (logic 0.054ns (38.148%)  route 0.088ns (61.852%))
  Logic Levels:           1  (LUT5=1)
  Clock Path Skew:        0.046ns (DCD - SCD - CPR)
    Destination Clock Delay (DCD):    2.725ns
    Source Clock Delay      (SCD):    2.210ns
    Clock Pessimism Removal (CPR):    0.469ns
  Clock Net Delay (Source):      1.701ns (routing 0.896ns, distribution 0.805ns)
  Clock Net Delay (Destination): 1.903ns (routing 0.995ns, distribution 0.908ns)

    Location             Delay type                Incr(ns)  Path(ns)    Netlist Resource(s)
  -------------------------------------------------------------------    -------------------
                         (clock clk rise edge)        0.000     0.000 r  
    AW17                                              0.000     0.000 r  clk (IN)
                         net (fo=0)                   0.000     0.000    clk_IBUF_inst/I
    AW17                 INBUF (Prop_INBUF_HDIOB_M_PAD_O)
                                                      0.401     0.401 r  clk_IBUF_inst/INBUF_INST/O
                         net (fo=1, routed)           0.000     0.401    clk_IBUF_inst/OUT
    AW17                 IBUFCTRL (Prop_IBUFCTRL_HDIOB_M_I_O)
                                                      0.000     0.401 r  clk_IBUF_inst/IBUFCTRL_INST/O
                         net (fo=1, routed)           0.091     0.492    clk_IBUF
    BUFGCE_HDIO_X0Y2     BUFGCE (Prop_BUFCE_BUFGCE_HDIO_I_O)
                                                      0.017     0.509 r  clk_IBUF_BUFG_inst/O
    X4Y8 (CLOCK_ROOT)    net (fo=1334, routed)        1.701     2.210    clk_IBUF_BUFG
    SLICE_X401Y591       FDPE                                         r  FSM_onehot_state_reg[3]_rep__16/C
  -------------------------------------------------------------------    -------------------
    SLICE_X401Y591       FDPE (Prop_EFF_SLICEL_C_Q)
                                                      0.039     2.249 f  FSM_onehot_state_reg[3]_rep__16/Q
                         net (fo=64, routed)          0.073     2.322    gen_vnu[93].u_vnu/M_j_reg[7]_inv_0
    SLICE_X399Y592       LUT5 (Prop_B6LUT_SLICEL_I0_O)
                                                      0.015     2.337 r  gen_vnu[93].u_vnu/M_j[5]_i_1__90/O
                         net (fo=1, routed)           0.015     2.352    gen_vnu[93].u_vnu/M_j[5]_i_1__90_n_0
    SLICE_X399Y592       FDCE                                         r  gen_vnu[93].u_vnu/M_j_reg[5]/D
  -------------------------------------------------------------------    -------------------

                         (clock clk rise edge)        0.000     0.000 r  
    AW17                                              0.000     0.000 r  clk (IN)
                         net (fo=0)                   0.000     0.000    clk_IBUF_inst/I
    AW17                 INBUF (Prop_INBUF_HDIOB_M_PAD_O)
                                                      0.690     0.690 r  clk_IBUF_inst/INBUF_INST/O
                         net (fo=1, routed)           0.000     0.690    clk_IBUF_inst/OUT
    AW17                 IBUFCTRL (Prop_IBUFCTRL_HDIOB_M_I_O)
                                                      0.000     0.690 r  clk_IBUF_inst/IBUFCTRL_INST/O
                         net (fo=1, routed)           0.113     0.803    clk_IBUF
    BUFGCE_HDIO_X0Y2     BUFGCE (Prop_BUFCE_BUFGCE_HDIO_I_O)
                                                      0.019     0.822 r  clk_IBUF_BUFG_inst/O
    X4Y8 (CLOCK_ROOT)    net (fo=1334, routed)        1.903     2.725    gen_vnu[93].u_vnu/clk
    SLICE_X399Y592       FDCE                                         r  gen_vnu[93].u_vnu/M_j_reg[5]/C
                         clock pessimism             -0.469     2.256    
    SLICE_X399Y592       FDCE (Hold_BFF_SLICEL_C_D)
                                                      0.046     2.302    gen_vnu[93].u_vnu/M_j_reg[5]
  -------------------------------------------------------------------
                         required time                         -2.302    
                         arrival time                           2.352    
  -------------------------------------------------------------------
                         slack                                  0.049    

Slack (MET) :             0.050ns  (arrival time - required time)
  Source:                 FSM_onehot_state_reg[3]_rep__16/C
                            (rising edge-triggered cell FDPE clocked by clk  {rise@0.000ns fall@6.000ns period=12.000ns})
  Destination:            gen_vnu[93].u_vnu/M_j_reg[7]_inv/D
                            (rising edge-triggered cell FDPE clocked by clk  {rise@0.000ns fall@6.000ns period=12.000ns})
  Path Group:             clk
  Path Type:              Hold (Min at Fast Process Corner)
  Requirement:            0.000ns  (clk rise@0.000ns - clk rise@0.000ns)
  Data Path Delay:        0.143ns  (logic 0.053ns (37.179%)  route 0.090ns (62.821%))
  Logic Levels:           1  (LUT2=1)
  Clock Path Skew:        0.046ns (DCD - SCD - CPR)
    Destination Clock Delay (DCD):    2.725ns
    Source Clock Delay      (SCD):    2.210ns
    Clock Pessimism Removal (CPR):    0.469ns
  Clock Net Delay (Source):      1.701ns (routing 0.896ns, distribution 0.805ns)
  Clock Net Delay (Destination): 1.903ns (routing 0.995ns, distribution 0.908ns)

    Location             Delay type                Incr(ns)  Path(ns)    Netlist Resource(s)
  -------------------------------------------------------------------    -------------------
                         (clock clk rise edge)        0.000     0.000 r  
    AW17                                              0.000     0.000 r  clk (IN)
                         net (fo=0)                   0.000     0.000    clk_IBUF_inst/I
    AW17                 INBUF (Prop_INBUF_HDIOB_M_PAD_O)
                                                      0.401     0.401 r  clk_IBUF_inst/INBUF_INST/O
                         net (fo=1, routed)           0.000     0.401    clk_IBUF_inst/OUT
    AW17                 IBUFCTRL (Prop_IBUFCTRL_HDIOB_M_I_O)
                                                      0.000     0.401 r  clk_IBUF_inst/IBUFCTRL_INST/O
                         net (fo=1, routed)           0.091     0.492    clk_IBUF
    BUFGCE_HDIO_X0Y2     BUFGCE (Prop_BUFCE_BUFGCE_HDIO_I_O)
                                                      0.017     0.509 r  clk_IBUF_BUFG_inst/O
    X4Y8 (CLOCK_ROOT)    net (fo=1334, routed)        1.701     2.210    clk_IBUF_BUFG
    SLICE_X401Y591       FDPE                                         r  FSM_onehot_state_reg[3]_rep__16/C
  -------------------------------------------------------------------    -------------------
    SLICE_X401Y591       FDPE (Prop_EFF_SLICEL_C_Q)
                                                      0.039     2.249 r  FSM_onehot_state_reg[3]_rep__16/Q
                         net (fo=64, routed)          0.074     2.323    gen_vnu[93].u_vnu/M_j_reg[7]_inv_0
    SLICE_X399Y592       LUT2 (Prop_A6LUT_SLICEL_I0_O)
                                                      0.014     2.337 r  gen_vnu[93].u_vnu/M_j[7]_inv_i_1__90/O
                         net (fo=1, routed)           0.016     2.353    gen_vnu[93].u_vnu/M_j[7]_inv_i_1__90_n_0
    SLICE_X399Y592       FDPE                                         r  gen_vnu[93].u_vnu/M_j_reg[7]_inv/D
  -------------------------------------------------------------------    -------------------

                         (clock clk rise edge)        0.000     0.000 r  
    AW17                                              0.000     0.000 r  clk (IN)
                         net (fo=0)                   0.000     0.000    clk_IBUF_inst/I
    AW17                 INBUF (Prop_INBUF_HDIOB_M_PAD_O)
                                                      0.690     0.690 r  clk_IBUF_inst/INBUF_INST/O
                         net (fo=1, routed)           0.000     0.690    clk_IBUF_inst/OUT
    AW17                 IBUFCTRL (Prop_IBUFCTRL_HDIOB_M_I_O)
                                                      0.000     0.690 r  clk_IBUF_inst/IBUFCTRL_INST/O
                         net (fo=1, routed)           0.113     0.803    clk_IBUF
    BUFGCE_HDIO_X0Y2     BUFGCE (Prop_BUFCE_BUFGCE_HDIO_I_O)
                                                      0.019     0.822 r  clk_IBUF_BUFG_inst/O
    X4Y8 (CLOCK_ROOT)    net (fo=1334, routed)        1.903     2.725    gen_vnu[93].u_vnu/clk
    SLICE_X399Y592       FDPE                                         r  gen_vnu[93].u_vnu/M_j_reg[7]_inv/C
                         clock pessimism             -0.469     2.256    
    SLICE_X399Y592       FDPE (Hold_AFF_SLICEL_C_D)
                                                      0.046     2.302    gen_vnu[93].u_vnu/M_j_reg[7]_inv
  -------------------------------------------------------------------
                         required time                         -2.302    
                         arrival time                           2.353    
  -------------------------------------------------------------------
                         slack                                  0.050    

Slack (MET) :             0.057ns  (arrival time - required time)
  Source:                 FSM_onehot_state_reg[3]_rep__16/C
                            (rising edge-triggered cell FDPE clocked by clk  {rise@0.000ns fall@6.000ns period=12.000ns})
  Destination:            gen_vnu[118].u_vnu/M_j_reg[0]/D
                            (rising edge-triggered cell FDCE clocked by clk  {rise@0.000ns fall@6.000ns period=12.000ns})
  Path Group:             clk
  Path Type:              Hold (Min at Slow Process Corner)
  Requirement:            0.000ns  (clk rise@0.000ns - clk rise@0.000ns)
  Data Path Delay:        0.230ns  (logic 0.082ns (35.719%)  route 0.148ns (64.281%))
  Logic Levels:           1  (LUT6=1)
  Clock Path Skew:        0.113ns (DCD - SCD - CPR)
    Destination Clock Delay (DCD):    4.444ns
    Source Clock Delay      (SCD):    3.546ns
    Clock Pessimism Removal (CPR):    0.785ns
  Clock Net Delay (Source):      2.793ns (routing 1.506ns, distribution 1.287ns)
  Clock Net Delay (Destination): 3.144ns (routing 1.654ns, distribution 1.490ns)

    Location             Delay type                Incr(ns)  Path(ns)    Netlist Resource(s)
  -------------------------------------------------------------------    -------------------
                         (clock clk rise edge)        0.000     0.000 r  
    AW17                                              0.000     0.000 r  clk (IN)
                         net (fo=0)                   0.000     0.000    clk_IBUF_inst/I
    AW17                 INBUF (Prop_INBUF_HDIOB_M_PAD_O)
                                                      0.560     0.560 r  clk_IBUF_inst/INBUF_INST/O
                         net (fo=1, routed)           0.000     0.560    clk_IBUF_inst/OUT
    AW17                 IBUFCTRL (Prop_IBUFCTRL_HDIOB_M_I_O)
                                                      0.000     0.560 r  clk_IBUF_inst/IBUFCTRL_INST/O
                         net (fo=1, routed)           0.169     0.729    clk_IBUF
    BUFGCE_HDIO_X0Y2     BUFGCE (Prop_BUFCE_BUFGCE_HDIO_I_O)
                                                      0.024     0.753 r  clk_IBUF_BUFG_inst/O
    X4Y8 (CLOCK_ROOT)    net (fo=1334, routed)        2.793     3.546    clk_IBUF_BUFG
    SLICE_X401Y591       FDPE                                         r  FSM_onehot_state_reg[3]_rep__16/C
  -------------------------------------------------------------------    -------------------
    SLICE_X401Y591       FDPE (Prop_EFF_SLICEL_C_Q)
                                                      0.059     3.605 r  FSM_onehot_state_reg[3]_rep__16/Q
                         net (fo=64, routed)          0.118     3.723    gen_vnu[118].u_vnu/M_j_reg[7]_inv_0
    SLICE_X402Y590       LUT6 (Prop_H6LUT_SLICEM_I1_O)
                                                      0.023     3.746 r  gen_vnu[118].u_vnu/M_j[0]_i_1__83/O
                         net (fo=1, routed)           0.030     3.776    gen_vnu[118].u_vnu/M_j[0]_i_1__83_n_0
    SLICE_X402Y590       FDCE                                         r  gen_vnu[118].u_vnu/M_j_reg[0]/D
  -------------------------------------------------------------------    -------------------

                         (clock clk rise edge)        0.000     0.000 r  
    AW17                                              0.000     0.000 r  clk (IN)
                         net (fo=0)                   0.000     0.000    clk_IBUF_inst/I
    AW17                 INBUF (Prop_INBUF_HDIOB_M_PAD_O)
                                                      1.068     1.068 r  clk_IBUF_inst/INBUF_INST/O
                         net (fo=1, routed)           0.000     1.068    clk_IBUF_inst/OUT
    AW17                 IBUFCTRL (Prop_IBUFCTRL_HDIOB_M_I_O)
                                                      0.000     1.068 r  clk_IBUF_inst/IBUFCTRL_INST/O
                         net (fo=1, routed)           0.204     1.272    clk_IBUF
    BUFGCE_HDIO_X0Y2     BUFGCE (Prop_BUFCE_BUFGCE_HDIO_I_O)
                                                      0.028     1.300 r  clk_IBUF_BUFG_inst/O
    X4Y8 (CLOCK_ROOT)    net (fo=1334, routed)        3.144     4.444    gen_vnu[118].u_vnu/clk
    SLICE_X402Y590       FDCE                                         r  gen_vnu[118].u_vnu/M_j_reg[0]/C
                         clock pessimism             -0.785     3.659    
    SLICE_X402Y590       FDCE (Hold_HFF_SLICEM_C_D)
                                                      0.060     3.719    gen_vnu[118].u_vnu/M_j_reg[0]
  -------------------------------------------------------------------
                         required time                         -3.719    
                         arrival time                           3.776    
  -------------------------------------------------------------------
                         slack                                  0.057    

Slack (MET) :             0.057ns  (arrival time - required time)
  Source:                 FSM_onehot_state_reg[3]_rep__17/C
                            (rising edge-triggered cell FDPE clocked by clk  {rise@0.000ns fall@6.000ns period=12.000ns})
  Destination:            gen_vnu[8].u_vnu/M_j_reg[4]/D
                            (rising edge-triggered cell FDCE clocked by clk  {rise@0.000ns fall@6.000ns period=12.000ns})
  Path Group:             clk
  Path Type:              Hold (Min at Slow Process Corner)
  Requirement:            0.000ns  (clk rise@0.000ns - clk rise@0.000ns)
  Data Path Delay:        0.240ns  (logic 0.094ns (39.167%)  route 0.146ns (60.833%))
  Logic Levels:           1  (LUT5=1)
  Clock Path Skew:        0.123ns (DCD - SCD - CPR)
    Destination Clock Delay (DCD):    4.357ns
    Source Clock Delay      (SCD):    3.465ns
    Clock Pessimism Removal (CPR):    0.769ns
  Clock Net Delay (Source):      2.712ns (routing 1.506ns, distribution 1.206ns)
  Clock Net Delay (Destination): 3.057ns (routing 1.654ns, distribution 1.403ns)

    Location             Delay type                Incr(ns)  Path(ns)    Netlist Resource(s)
  -------------------------------------------------------------------    -------------------
                         (clock clk rise edge)        0.000     0.000 r  
    AW17                                              0.000     0.000 r  clk (IN)
                         net (fo=0)                   0.000     0.000    clk_IBUF_inst/I
    AW17                 INBUF (Prop_INBUF_HDIOB_M_PAD_O)
                                                      0.560     0.560 r  clk_IBUF_inst/INBUF_INST/O
                         net (fo=1, routed)           0.000     0.560    clk_IBUF_inst/OUT
    AW17                 IBUFCTRL (Prop_IBUFCTRL_HDIOB_M_I_O)
                                                      0.000     0.560 r  clk_IBUF_inst/IBUFCTRL_INST/O
                         net (fo=1, routed)           0.169     0.729    clk_IBUF
    BUFGCE_HDIO_X0Y2     BUFGCE (Prop_BUFCE_BUFGCE_HDIO_I_O)
                                                      0.024     0.753 r  clk_IBUF_BUFG_inst/O
    X4Y8 (CLOCK_ROOT)    net (fo=1334, routed)        2.712     3.465    clk_IBUF_BUFG
    SLICE_X388Y571       FDPE                                         r  FSM_onehot_state_reg[3]_rep__17/C
  -------------------------------------------------------------------    -------------------
    SLICE_X388Y571       FDPE (Prop_EFF_SLICEL_C_Q)
                                                      0.059     3.524 f  FSM_onehot_state_reg[3]_rep__17/Q
                         net (fo=56, routed)          0.126     3.650    gen_vnu[8].u_vnu/M_j_reg[7]_inv_0
    SLICE_X393Y571       LUT5 (Prop_E6LUT_SLICEL_I4_O)
                                                      0.035     3.685 r  gen_vnu[8].u_vnu/M_j[4]_i_1__102/O
                         net (fo=1, routed)           0.020     3.705    gen_vnu[8].u_vnu/M_j[4]_i_1__102_n_0
    SLICE_X393Y571       FDCE                                         r  gen_vnu[8].u_vnu/M_j_reg[4]/D
  -------------------------------------------------------------------    -------------------

                         (clock clk rise edge)        0.000     0.000 r  
    AW17                                              0.000     0.000 r  clk (IN)
                         net (fo=0)                   0.000     0.000    clk_IBUF_inst/I
    AW17                 INBUF (Prop_INBUF_HDIOB_M_PAD_O)
                                                      1.068     1.068 r  clk_IBUF_inst/INBUF_INST/O
                         net (fo=1, routed)           0.000     1.068    clk_IBUF_inst/OUT
    AW17                 IBUFCTRL (Prop_IBUFCTRL_HDIOB_M_I_O)
                                                      0.000     1.068 r  clk_IBUF_inst/IBUFCTRL_INST/O
                         net (fo=1, routed)           0.204     1.272    clk_IBUF
    BUFGCE_HDIO_X0Y2     BUFGCE (Prop_BUFCE_BUFGCE_HDIO_I_O)
                                                      0.028     1.300 r  clk_IBUF_BUFG_inst/O
    X4Y8 (CLOCK_ROOT)    net (fo=1334, routed)        3.057     4.357    gen_vnu[8].u_vnu/clk
    SLICE_X393Y571       FDCE                                         r  gen_vnu[8].u_vnu/M_j_reg[4]/C
                         clock pessimism             -0.769     3.588    
    SLICE_X393Y571       FDCE (Hold_EFF_SLICEL_C_D)
                                                      0.060     3.648    gen_vnu[8].u_vnu/M_j_reg[4]
  -------------------------------------------------------------------
                         required time                         -3.648    
                         arrival time                           3.705    
  -------------------------------------------------------------------
                         slack                                  0.057    

Slack (MET) :             0.059ns  (arrival time - required time)
  Source:                 iter_cnt_reg[2]/C
                            (rising edge-triggered cell FDCE clocked by clk  {rise@0.000ns fall@6.000ns period=12.000ns})
  Destination:            iter_cnt_reg[3]/D
                            (rising edge-triggered cell FDCE clocked by clk  {rise@0.000ns fall@6.000ns period=12.000ns})
  Path Group:             clk
  Path Type:              Hold (Min at Fast Process Corner)
  Requirement:            0.000ns  (clk rise@0.000ns - clk rise@0.000ns)
  Data Path Delay:        0.112ns  (logic 0.072ns (64.258%)  route 0.040ns (35.742%))
  Logic Levels:           1  (LUT5=1)
  Clock Path Skew:        0.006ns (DCD - SCD - CPR)
    Destination Clock Delay (DCD):    2.745ns
    Source Clock Delay      (SCD):    2.227ns
    Clock Pessimism Removal (CPR):    0.512ns
  Clock Net Delay (Source):      1.718ns (routing 0.896ns, distribution 0.822ns)
  Clock Net Delay (Destination): 1.923ns (routing 0.995ns, distribution 0.928ns)

    Location             Delay type                Incr(ns)  Path(ns)    Netlist Resource(s)
  -------------------------------------------------------------------    -------------------
                         (clock clk rise edge)        0.000     0.000 r  
    AW17                                              0.000     0.000 r  clk (IN)
                         net (fo=0)                   0.000     0.000    clk_IBUF_inst/I
    AW17                 INBUF (Prop_INBUF_HDIOB_M_PAD_O)
                                                      0.401     0.401 r  clk_IBUF_inst/INBUF_INST/O
                         net (fo=1, routed)           0.000     0.401    clk_IBUF_inst/OUT
    AW17                 IBUFCTRL (Prop_IBUFCTRL_HDIOB_M_I_O)
                                                      0.000     0.401 r  clk_IBUF_inst/IBUFCTRL_INST/O
                         net (fo=1, routed)           0.091     0.492    clk_IBUF
    BUFGCE_HDIO_X0Y2     BUFGCE (Prop_BUFCE_BUFGCE_HDIO_I_O)
                                                      0.017     0.509 r  clk_IBUF_BUFG_inst/O
    X4Y8 (CLOCK_ROOT)    net (fo=1334, routed)        1.718     2.227    clk_IBUF_BUFG
    SLICE_X416Y589       FDCE                                         r  iter_cnt_reg[2]/C
  -------------------------------------------------------------------    -------------------
    SLICE_X416Y589       FDCE (Prop_DFF_SLICEL_C_Q)
                                                      0.039     2.266 r  iter_cnt_reg[2]/Q
                         net (fo=10, routed)          0.034     2.300    iter_count_OBUF[2]
    SLICE_X416Y589       LUT5 (Prop_D5LUT_SLICEL_I1_O)
                                                      0.033     2.333 r  iter_cnt[3]_i_1/O
                         net (fo=1, routed)           0.006     2.339    iter_cnt[3]_i_1_n_0
    SLICE_X416Y589       FDCE                                         r  iter_cnt_reg[3]/D
  -------------------------------------------------------------------    -------------------

                         (clock clk rise edge)        0.000     0.000 r  
    AW17                                              0.000     0.000 r  clk (IN)
                         net (fo=0)                   0.000     0.000    clk_IBUF_inst/I
    AW17                 INBUF (Prop_INBUF_HDIOB_M_PAD_O)
                                                      0.690     0.690 r  clk_IBUF_inst/INBUF_INST/O
                         net (fo=1, routed)           0.000     0.690    clk_IBUF_inst/OUT
    AW17                 IBUFCTRL (Prop_IBUFCTRL_HDIOB_M_I_O)
                                                      0.000     0.690 r  clk_IBUF_inst/IBUFCTRL_INST/O
                         net (fo=1, routed)           0.113     0.803    clk_IBUF
    BUFGCE_HDIO_X0Y2     BUFGCE (Prop_BUFCE_BUFGCE_HDIO_I_O)
                                                      0.019     0.822 r  clk_IBUF_BUFG_inst/O
    X4Y8 (CLOCK_ROOT)    net (fo=1334, routed)        1.923     2.745    clk_IBUF_BUFG
    SLICE_X416Y589       FDCE                                         r  iter_cnt_reg[3]/C
                         clock pessimism             -0.512     2.233    
    SLICE_X416Y589       FDCE (Hold_DFF2_SLICEL_C_D)
                                                      0.047     2.280    iter_cnt_reg[3]
  -------------------------------------------------------------------
                         required time                         -2.280    
                         arrival time                           2.339    
  -------------------------------------------------------------------
                         slack                                  0.059    

Slack (MET) :             0.059ns  (arrival time - required time)
  Source:                 FSM_onehot_state_reg[3]_rep__8/C
                            (rising edge-triggered cell FDPE clocked by clk  {rise@0.000ns fall@6.000ns period=12.000ns})
  Destination:            gen_vnu[41].u_vnu/M_j_reg[2]/D
                            (rising edge-triggered cell FDCE clocked by clk  {rise@0.000ns fall@6.000ns period=12.000ns})
  Path Group:             clk
  Path Type:              Hold (Min at Fast Process Corner)
  Requirement:            0.000ns  (clk rise@0.000ns - clk rise@0.000ns)
  Data Path Delay:        0.160ns  (logic 0.054ns (33.766%)  route 0.106ns (66.234%))
  Logic Levels:           1  (LUT6=1)
  Clock Path Skew:        0.055ns (DCD - SCD - CPR)
    Destination Clock Delay (DCD):    2.685ns
    Source Clock Delay      (SCD):    2.171ns
    Clock Pessimism Removal (CPR):    0.459ns
  Clock Net Delay (Source):      1.662ns (routing 0.896ns, distribution 0.766ns)
  Clock Net Delay (Destination): 1.863ns (routing 0.995ns, distribution 0.868ns)

    Location             Delay type                Incr(ns)  Path(ns)    Netlist Resource(s)
  -------------------------------------------------------------------    -------------------
                         (clock clk rise edge)        0.000     0.000 r  
    AW17                                              0.000     0.000 r  clk (IN)
                         net (fo=0)                   0.000     0.000    clk_IBUF_inst/I
    AW17                 INBUF (Prop_INBUF_HDIOB_M_PAD_O)
                                                      0.401     0.401 r  clk_IBUF_inst/INBUF_INST/O
                         net (fo=1, routed)           0.000     0.401    clk_IBUF_inst/OUT
    AW17                 IBUFCTRL (Prop_IBUFCTRL_HDIOB_M_I_O)
                                                      0.000     0.401 r  clk_IBUF_inst/IBUFCTRL_INST/O
                         net (fo=1, routed)           0.091     0.492    clk_IBUF
    BUFGCE_HDIO_X0Y2     BUFGCE (Prop_BUFCE_BUFGCE_HDIO_I_O)
                                                      0.017     0.509 r  clk_IBUF_BUFG_inst/O
    X4Y8 (CLOCK_ROOT)    net (fo=1334, routed)        1.662     2.171    clk_IBUF_BUFG
    SLICE_X388Y588       FDPE                                         r  FSM_onehot_state_reg[3]_rep__8/C
  -------------------------------------------------------------------    -------------------
    SLICE_X388Y588       FDPE (Prop_EFF_SLICEL_C_Q)
                                                      0.039     2.210 r  FSM_onehot_state_reg[3]_rep__8/Q
                         net (fo=175, routed)         0.091     2.301    gen_vnu[41].u_vnu/FSM_onehot_state_reg[3]_rep__8_n_0_alias
    SLICE_X390Y587       LUT6 (Prop_B6LUT_SLICEL_I1_O)
                                                      0.015     2.316 r  gen_vnu[41].u_vnu/M_j[2]_i_1__118/O
                         net (fo=1, routed)           0.015     2.331    gen_vnu[41].u_vnu/M_j[2]_i_1__118_n_0
    SLICE_X390Y587       FDCE                                         r  gen_vnu[41].u_vnu/M_j_reg[2]/D
  -------------------------------------------------------------------    -------------------

                         (clock clk rise edge)        0.000     0.000 r  
    AW17                                              0.000     0.000 r  clk (IN)
                         net (fo=0)                   0.000     0.000    clk_IBUF_inst/I
    AW17                 INBUF (Prop_INBUF_HDIOB_M_PAD_O)
                                                      0.690     0.690 r  clk_IBUF_inst/INBUF_INST/O
                         net (fo=1, routed)           0.000     0.690    clk_IBUF_inst/OUT
    AW17                 IBUFCTRL (Prop_IBUFCTRL_HDIOB_M_I_O)
                                                      0.000     0.690 r  clk_IBUF_inst/IBUFCTRL_INST/O
                         net (fo=1, routed)           0.113     0.803    clk_IBUF
    BUFGCE_HDIO_X0Y2     BUFGCE (Prop_BUFCE_BUFGCE_HDIO_I_O)
                                                      0.019     0.822 r  clk_IBUF_BUFG_inst/O
    X4Y8 (CLOCK_ROOT)    net (fo=1334, routed)        1.863     2.685    gen_vnu[41].u_vnu/clk
    SLICE_X390Y587       FDCE                                         r  gen_vnu[41].u_vnu/M_j_reg[2]/C
                         clock pessimism             -0.459     2.226    
    SLICE_X390Y587       FDCE (Hold_BFF_SLICEL_C_D)
                                                      0.046     2.272    gen_vnu[41].u_vnu/M_j_reg[2]
  -------------------------------------------------------------------
                         required time                         -2.272    
                         arrival time                           2.331    
  -------------------------------------------------------------------
                         slack                                  0.059    





Pulse Width Checks
--------------------------------------------------------------------------------------
Clock Name:         clk
Waveform(ns):       { 0.000 6.000 }
Period(ns):         12.000
Sources:            { clk }

Check Type        Corner  Lib Pin   Reference Pin  Required(ns)  Actual(ns)  Slack(ns)  Location          Pin
Min Period        n/a     BUFGCE/I  n/a            1.290         12.000      10.710     BUFGCE_HDIO_X0Y2  clk_IBUF_BUFG_inst/I
Min Period        n/a     FDCE/C    n/a            0.550         12.000      11.450     SLICE_X417Y585    FSM_onehot_state_reg[0]/C
Min Period        n/a     FDCE/C    n/a            0.550         12.000      11.450     SLICE_X416Y585    FSM_onehot_state_reg[1]/C
Min Period        n/a     FDCE/C    n/a            0.550         12.000      11.450     SLICE_X417Y585    FSM_onehot_state_reg[2]/C
Min Period        n/a     FDPE/C    n/a            0.550         12.000      11.450     SLICE_X404Y547    FSM_onehot_state_reg[3]/C
Min Period        n/a     FDPE/C    n/a            0.550         12.000      11.450     SLICE_X405Y538    FSM_onehot_state_reg[3]_rep/C
Min Period        n/a     FDPE/C    n/a            0.550         12.000      11.450     SLICE_X398Y531    FSM_onehot_state_reg[3]_rep__0/C
Min Period        n/a     FDPE/C    n/a            0.550         12.000      11.450     SLICE_X390Y531    FSM_onehot_state_reg[3]_rep__1/C
Min Period        n/a     FDPE/C    n/a            0.550         12.000      11.450     SLICE_X400Y552    FSM_onehot_state_reg[3]_rep__10/C
Min Period        n/a     FDPE/C    n/a            0.550         12.000      11.450     SLICE_X400Y552    FSM_onehot_state_reg[3]_rep__11/C
Low Pulse Width   Slow    FDCE/C    n/a            0.275         6.000       5.725      SLICE_X417Y585    FSM_onehot_state_reg[0]/C
Low Pulse Width   Fast    FDCE/C    n/a            0.275         6.000       5.725      SLICE_X417Y585    FSM_onehot_state_reg[0]/C
Low Pulse Width   Slow    FDCE/C    n/a            0.275         6.000       5.725      SLICE_X416Y585    FSM_onehot_state_reg[1]/C
Low Pulse Width   Fast    FDCE/C    n/a            0.275         6.000       5.725      SLICE_X416Y585    FSM_onehot_state_reg[1]/C
Low Pulse Width   Slow    FDCE/C    n/a            0.275         6.000       5.725      SLICE_X417Y585    FSM_onehot_state_reg[2]/C
Low Pulse Width   Fast    FDCE/C    n/a            0.275         6.000       5.725      SLICE_X417Y585    FSM_onehot_state_reg[2]/C
Low Pulse Width   Slow    FDPE/C    n/a            0.275         6.000       5.725      SLICE_X404Y547    FSM_onehot_state_reg[3]/C
Low Pulse Width   Fast    FDPE/C    n/a            0.275         6.000       5.725      SLICE_X404Y547    FSM_onehot_state_reg[3]/C
Low Pulse Width   Slow    FDPE/C    n/a            0.275         6.000       5.725      SLICE_X405Y538    FSM_onehot_state_reg[3]_rep/C
Low Pulse Width   Fast    FDPE/C    n/a            0.275         6.000       5.725      SLICE_X405Y538    FSM_onehot_state_reg[3]_rep/C
High Pulse Width  Slow    FDCE/C    n/a            0.275         6.000       5.725      SLICE_X417Y585    FSM_onehot_state_reg[0]/C
High Pulse Width  Fast    FDCE/C    n/a            0.275         6.000       5.725      SLICE_X417Y585    FSM_onehot_state_reg[0]/C
High Pulse Width  Slow    FDCE/C    n/a            0.275         6.000       5.725      SLICE_X416Y585    FSM_onehot_state_reg[1]/C
High Pulse Width  Fast    FDCE/C    n/a            0.275         6.000       5.725      SLICE_X416Y585    FSM_onehot_state_reg[1]/C
High Pulse Width  Slow    FDCE/C    n/a            0.275         6.000       5.725      SLICE_X417Y585    FSM_onehot_state_reg[2]/C
High Pulse Width  Fast    FDCE/C    n/a            0.275         6.000       5.725      SLICE_X417Y585    FSM_onehot_state_reg[2]/C
High Pulse Width  Slow    FDPE/C    n/a            0.275         6.000       5.725      SLICE_X404Y547    FSM_onehot_state_reg[3]/C
High Pulse Width  Fast    FDPE/C    n/a            0.275         6.000       5.725      SLICE_X404Y547    FSM_onehot_state_reg[3]/C
High Pulse Width  Slow    FDPE/C    n/a            0.275         6.000       5.725      SLICE_X405Y538    FSM_onehot_state_reg[3]_rep/C
High Pulse Width  Fast    FDPE/C    n/a            0.275         6.000       5.725      SLICE_X405Y538    FSM_onehot_state_reg[3]_rep/C



--------------------------------------------------------------------------------------
Path Group:  (none)
From Clock:  clk
  To Clock:  

Max Delay           152 Endpoints
Min Delay           152 Endpoints
--------------------------------------------------------------------------------------


Max Delay Paths
--------------------------------------------------------------------------------------
Slack:                    inf
  Source:                 converged_latched_reg/C
                            (rising edge-triggered cell FDCE clocked by clk  {rise@0.000ns fall@6.000ns period=12.000ns})
  Destination:            converged
                            (output port)
  Path Group:             (none)
  Path Type:              Max at Slow Process Corner
  Data Path Delay:        7.548ns  (logic 2.435ns (32.261%)  route 5.113ns (67.739%))
  Logic Levels:           1  (OBUF=1)
  Clock Uncertainty:      0.025ns  ((TSJ^2 + TIJ^2)^1/2 + DJ) / 2 + PE
    Total System Jitter     (TSJ):    0.050ns
    Total Input Jitter      (TIJ):    0.000ns
    Discrete Jitter          (DJ):    0.000ns
    Phase Error              (PE):    0.000ns
  Clock Net Delay (Source):      3.157ns (routing 1.654ns, distribution 1.503ns)

    Location             Delay type                Incr(ns)  Path(ns)    Netlist Resource(s)
  -------------------------------------------------------------------    -------------------
                         (clock clk rise edge)        0.000     0.000 r  
    AW17                                              0.000     0.000 r  clk (IN)
                         net (fo=0)                   0.000     0.000    clk_IBUF_inst/I
    AW17                 INBUF (Prop_INBUF_HDIOB_M_PAD_O)
                                                      1.068     1.068 r  clk_IBUF_inst/INBUF_INST/O
                         net (fo=1, routed)           0.000     1.068    clk_IBUF_inst/OUT
    AW17                 IBUFCTRL (Prop_IBUFCTRL_HDIOB_M_I_O)
                                                      0.000     1.068 r  clk_IBUF_inst/IBUFCTRL_INST/O
                         net (fo=1, routed)           0.204     1.272    clk_IBUF
    BUFGCE_HDIO_X0Y2     BUFGCE (Prop_BUFCE_BUFGCE_HDIO_I_O)
                                                      0.028     1.300 r  clk_IBUF_BUFG_inst/O
    X4Y8 (CLOCK_ROOT)    net (fo=1334, routed)        3.157     4.457    clk_IBUF_BUFG
    SLICE_X0Y560         FDCE                                         r  converged_latched_reg/C
  -------------------------------------------------------------------    -------------------
    SLICE_X0Y560         FDCE (Prop_HFF_SLICEL_C_Q)
                                                      0.079     4.536 r  converged_latched_reg/Q
                         net (fo=1, routed)           5.113     9.649    converged_OBUF
    AY14                 OBUF (Prop_OUTBUF_HDIOB_M_I_O)
                                                      2.356    12.005 r  converged_OBUF_inst/O
                         net (fo=0)                   0.000    12.005    converged
    AY14                                                              r  converged (OUT)
  -------------------------------------------------------------------    -------------------

Slack:                    inf
  Source:                 e_hat_latched_reg[106]/C
                            (rising edge-triggered cell FDCE clocked by clk  {rise@0.000ns fall@6.000ns period=12.000ns})
  Destination:            e_hat[106]
                            (output port)
  Path Group:             (none)
  Path Type:              Max at Slow Process Corner
  Data Path Delay:        4.915ns  (logic 0.984ns (20.014%)  route 3.931ns (79.986%))
  Logic Levels:           1  (OBUF=1)
  Clock Uncertainty:      0.025ns  ((TSJ^2 + TIJ^2)^1/2 + DJ) / 2 + PE
    Total System Jitter     (TSJ):    0.050ns
    Total Input Jitter      (TIJ):    0.000ns
    Discrete Jitter          (DJ):    0.000ns
    Phase Error              (PE):    0.000ns
  Clock Net Delay (Source):      3.137ns (routing 1.654ns, distribution 1.483ns)

    Location             Delay type                Incr(ns)  Path(ns)    Netlist Resource(s)
  -------------------------------------------------------------------    -------------------
                         (clock clk rise edge)        0.000     0.000 r  
    AW17                                              0.000     0.000 r  clk (IN)
                         net (fo=0)                   0.000     0.000    clk_IBUF_inst/I
    AW17                 INBUF (Prop_INBUF_HDIOB_M_PAD_O)
                                                      1.068     1.068 r  clk_IBUF_inst/INBUF_INST/O
                         net (fo=1, routed)           0.000     1.068    clk_IBUF_inst/OUT
    AW17                 IBUFCTRL (Prop_IBUFCTRL_HDIOB_M_I_O)
                                                      0.000     1.068 r  clk_IBUF_inst/IBUFCTRL_INST/O
                         net (fo=1, routed)           0.204     1.272    clk_IBUF
    BUFGCE_HDIO_X0Y2     BUFGCE (Prop_BUFCE_BUFGCE_HDIO_I_O)
                                                      0.028     1.300 r  clk_IBUF_BUFG_inst/O
    X4Y8 (CLOCK_ROOT)    net (fo=1334, routed)        3.137     4.437    clk_IBUF_BUFG
    SLICE_X408Y596       FDCE                                         r  e_hat_latched_reg[106]/C
  -------------------------------------------------------------------    -------------------
    SLICE_X408Y596       FDCE (Prop_DFF_SLICEM_C_Q)
                                                      0.078     4.515 r  e_hat_latched_reg[106]/Q
                         net (fo=1, routed)           3.931     8.446    e_hat_OBUF[106]
    BE30                 OBUF (Prop_OUTBUF_HPIOB_M_I_O)
                                                      0.906     9.351 r  e_hat_OBUF[106]_inst/O
                         net (fo=0)                   0.000     9.351    e_hat[106]
    BE30                                                              r  e_hat[106] (OUT)
  -------------------------------------------------------------------    -------------------

Slack:                    inf
  Source:                 e_hat_latched_reg[112]/C
                            (rising edge-triggered cell FDCE clocked by clk  {rise@0.000ns fall@6.000ns period=12.000ns})
  Destination:            e_hat[112]
                            (output port)
  Path Group:             (none)
  Path Type:              Max at Slow Process Corner
  Data Path Delay:        4.876ns  (logic 0.973ns (19.956%)  route 3.903ns (80.044%))
  Logic Levels:           1  (OBUF=1)
  Clock Uncertainty:      0.025ns  ((TSJ^2 + TIJ^2)^1/2 + DJ) / 2 + PE
    Total System Jitter     (TSJ):    0.050ns
    Total Input Jitter      (TIJ):    0.000ns
    Discrete Jitter          (DJ):    0.000ns
    Phase Error              (PE):    0.000ns
  Clock Net Delay (Source):      3.152ns (routing 1.654ns, distribution 1.498ns)

    Location             Delay type                Incr(ns)  Path(ns)    Netlist Resource(s)
  -------------------------------------------------------------------    -------------------
                         (clock clk rise edge)        0.000     0.000 r  
    AW17                                              0.000     0.000 r  clk (IN)
                         net (fo=0)                   0.000     0.000    clk_IBUF_inst/I
    AW17                 INBUF (Prop_INBUF_HDIOB_M_PAD_O)
                                                      1.068     1.068 r  clk_IBUF_inst/INBUF_INST/O
                         net (fo=1, routed)           0.000     1.068    clk_IBUF_inst/OUT
    AW17                 IBUFCTRL (Prop_IBUFCTRL_HDIOB_M_I_O)
                                                      0.000     1.068 r  clk_IBUF_inst/IBUFCTRL_INST/O
                         net (fo=1, routed)           0.204     1.272    clk_IBUF
    BUFGCE_HDIO_X0Y2     BUFGCE (Prop_BUFCE_BUFGCE_HDIO_I_O)
                                                      0.028     1.300 r  clk_IBUF_BUFG_inst/O
    X4Y8 (CLOCK_ROOT)    net (fo=1334, routed)        3.152     4.452    clk_IBUF_BUFG
    SLICE_X408Y558       FDCE                                         r  e_hat_latched_reg[112]/C
  -------------------------------------------------------------------    -------------------
    SLICE_X408Y558       FDCE (Prop_HFF_SLICEM_C_Q)
                                                      0.079     4.531 r  e_hat_latched_reg[112]/Q
                         net (fo=1, routed)           3.903     8.434    e_hat_OBUF[112]
    BE33                 OBUF (Prop_OUTBUF_HPIOB_M_I_O)
                                                      0.894     9.328 r  e_hat_OBUF[112]_inst/O
                         net (fo=0)                   0.000     9.328    e_hat[112]
    BE33                                                              r  e_hat[112] (OUT)
  -------------------------------------------------------------------    -------------------

Slack:                    inf
  Source:                 e_hat_latched_reg[89]/C
                            (rising edge-triggered cell FDCE clocked by clk  {rise@0.000ns fall@6.000ns period=12.000ns})
  Destination:            e_hat[89]
                            (output port)
  Path Group:             (none)
  Path Type:              Max at Slow Process Corner
  Data Path Delay:        4.890ns  (logic 1.076ns (22.008%)  route 3.814ns (77.992%))
  Logic Levels:           1  (OBUF=1)
  Clock Uncertainty:      0.025ns  ((TSJ^2 + TIJ^2)^1/2 + DJ) / 2 + PE
    Total System Jitter     (TSJ):    0.050ns
    Total Input Jitter      (TIJ):    0.000ns
    Discrete Jitter          (DJ):    0.000ns
    Phase Error              (PE):    0.000ns
  Clock Net Delay (Source):      3.039ns (routing 1.654ns, distribution 1.385ns)

    Location             Delay type                Incr(ns)  Path(ns)    Netlist Resource(s)
  -------------------------------------------------------------------    -------------------
                         (clock clk rise edge)        0.000     0.000 r  
    AW17                                              0.000     0.000 r  clk (IN)
                         net (fo=0)                   0.000     0.000    clk_IBUF_inst/I
    AW17                 INBUF (Prop_INBUF_HDIOB_M_PAD_O)
                                                      1.068     1.068 r  clk_IBUF_inst/INBUF_INST/O
                         net (fo=1, routed)           0.000     1.068    clk_IBUF_inst/OUT
    AW17                 IBUFCTRL (Prop_IBUFCTRL_HDIOB_M_I_O)
                                                      0.000     1.068 r  clk_IBUF_inst/IBUFCTRL_INST/O
                         net (fo=1, routed)           0.204     1.272    clk_IBUF
    BUFGCE_HDIO_X0Y2     BUFGCE (Prop_BUFCE_BUFGCE_HDIO_I_O)
                                                      0.028     1.300 r  clk_IBUF_BUFG_inst/O
    X4Y8 (CLOCK_ROOT)    net (fo=1334, routed)        3.039     4.339    clk_IBUF_BUFG
    SLICE_X394Y591       FDCE                                         r  e_hat_latched_reg[89]/C
  -------------------------------------------------------------------    -------------------
    SLICE_X394Y591       FDCE (Prop_DFF_SLICEL_C_Q)
                                                      0.079     4.418 r  e_hat_latched_reg[89]/Q
                         net (fo=1, routed)           3.814     8.232    e_hat_OBUF[89]
    BR38                 OBUF (Prop_OUTBUF_HPIOB_S_I_O)
                                                      0.997     9.229 r  e_hat_OBUF[89]_inst/O
                         net (fo=0)                   0.000     9.229    e_hat[89]
    BR38                                                              r  e_hat[89] (OUT)
  -------------------------------------------------------------------    -------------------

Slack:                    inf
  Source:                 e_hat_latched_reg[70]/C
                            (rising edge-triggered cell FDCE clocked by clk  {rise@0.000ns fall@6.000ns period=12.000ns})
  Destination:            e_hat[70]
                            (output port)
  Path Group:             (none)
  Path Type:              Max at Slow Process Corner
  Data Path Delay:        4.694ns  (logic 1.136ns (24.202%)  route 3.558ns (75.798%))
  Logic Levels:           1  (OBUF=1)
  Clock Uncertainty:      0.025ns  ((TSJ^2 + TIJ^2)^1/2 + DJ) / 2 + PE
    Total System Jitter     (TSJ):    0.050ns
    Total Input Jitter      (TIJ):    0.000ns
    Discrete Jitter          (DJ):    0.000ns
    Phase Error              (PE):    0.000ns
  Clock Net Delay (Source):      3.126ns (routing 1.654ns, distribution 1.472ns)

    Location             Delay type                Incr(ns)  Path(ns)    Netlist Resource(s)
  -------------------------------------------------------------------    -------------------
                         (clock clk rise edge)        0.000     0.000 r  
    AW17                                              0.000     0.000 r  clk (IN)
                         net (fo=0)                   0.000     0.000    clk_IBUF_inst/I
    AW17                 INBUF (Prop_INBUF_HDIOB_M_PAD_O)
                                                      1.068     1.068 r  clk_IBUF_inst/INBUF_INST/O
                         net (fo=1, routed)           0.000     1.068    clk_IBUF_inst/OUT
    AW17                 IBUFCTRL (Prop_IBUFCTRL_HDIOB_M_I_O)
                                                      0.000     1.068 r  clk_IBUF_inst/IBUFCTRL_INST/O
                         net (fo=1, routed)           0.204     1.272    clk_IBUF
    BUFGCE_HDIO_X0Y2     BUFGCE (Prop_BUFCE_BUFGCE_HDIO_I_O)
                                                      0.028     1.300 r  clk_IBUF_BUFG_inst/O
    X4Y8 (CLOCK_ROOT)    net (fo=1334, routed)        3.126     4.426    clk_IBUF_BUFG
    SLICE_X408Y562       FDCE                                         r  e_hat_latched_reg[70]/C
  -------------------------------------------------------------------    -------------------
    SLICE_X408Y562       FDCE (Prop_HFF_SLICEM_C_Q)
                                                      0.079     4.505 r  e_hat_latched_reg[70]/Q
                         net (fo=1, routed)           3.558     8.063    e_hat_OBUF[70]
    CB38                 OBUF (Prop_OUTBUF_HPIOB_M_I_O)
                                                      1.057     9.120 r  e_hat_OBUF[70]_inst/O
                         net (fo=0)                   0.000     9.120    e_hat[70]
    CB38                                                              r  e_hat[70] (OUT)
  -------------------------------------------------------------------    -------------------

Slack:                    inf
  Source:                 e_hat_latched_reg[142]/C
                            (rising edge-triggered cell FDCE clocked by clk  {rise@0.000ns fall@6.000ns period=12.000ns})
  Destination:            e_hat[142]
                            (output port)
  Path Group:             (none)
  Path Type:              Max at Slow Process Corner
  Data Path Delay:        4.667ns  (logic 1.029ns (22.048%)  route 3.638ns (77.952%))
  Logic Levels:           1  (OBUF=1)
  Clock Uncertainty:      0.025ns  ((TSJ^2 + TIJ^2)^1/2 + DJ) / 2 + PE
    Total System Jitter     (TSJ):    0.050ns
    Total Input Jitter      (TIJ):    0.000ns
    Discrete Jitter          (DJ):    0.000ns
    Phase Error              (PE):    0.000ns
  Clock Net Delay (Source):      3.135ns (routing 1.654ns, distribution 1.481ns)

    Location             Delay type                Incr(ns)  Path(ns)    Netlist Resource(s)
  -------------------------------------------------------------------    -------------------
                         (clock clk rise edge)        0.000     0.000 r  
    AW17                                              0.000     0.000 r  clk (IN)
                         net (fo=0)                   0.000     0.000    clk_IBUF_inst/I
    AW17                 INBUF (Prop_INBUF_HDIOB_M_PAD_O)
                                                      1.068     1.068 r  clk_IBUF_inst/INBUF_INST/O
                         net (fo=1, routed)           0.000     1.068    clk_IBUF_inst/OUT
    AW17                 IBUFCTRL (Prop_IBUFCTRL_HDIOB_M_I_O)
                                                      0.000     1.068 r  clk_IBUF_inst/IBUFCTRL_INST/O
                         net (fo=1, routed)           0.204     1.272    clk_IBUF
    BUFGCE_HDIO_X0Y2     BUFGCE (Prop_BUFCE_BUFGCE_HDIO_I_O)
                                                      0.028     1.300 r  clk_IBUF_BUFG_inst/O
    X4Y8 (CLOCK_ROOT)    net (fo=1334, routed)        3.135     4.435    clk_IBUF_BUFG
    SLICE_X412Y587       FDCE                                         r  e_hat_latched_reg[142]/C
  -------------------------------------------------------------------    -------------------
    SLICE_X412Y587       FDCE (Prop_DFF_SLICEL_C_Q)
                                                      0.079     4.514 r  e_hat_latched_reg[142]/Q
                         net (fo=1, routed)           3.638     8.152    e_hat_OBUF[142]
    BT31                 OBUF (Prop_OUTBUF_HPIOB_M_I_O)
                                                      0.950     9.102 r  e_hat_OBUF[142]_inst/O
                         net (fo=0)                   0.000     9.102    e_hat[142]
    BT31                                                              r  e_hat[142] (OUT)
  -------------------------------------------------------------------    -------------------

Slack:                    inf
  Source:                 e_hat_latched_reg[140]/C
                            (rising edge-triggered cell FDCE clocked by clk  {rise@0.000ns fall@6.000ns period=12.000ns})
  Destination:            e_hat[140]
                            (output port)
  Path Group:             (none)
  Path Type:              Max at Slow Process Corner
  Data Path Delay:        4.668ns  (logic 1.052ns (22.529%)  route 3.616ns (77.471%))
  Logic Levels:           1  (OBUF=1)
  Clock Uncertainty:      0.025ns  ((TSJ^2 + TIJ^2)^1/2 + DJ) / 2 + PE
    Total System Jitter     (TSJ):    0.050ns
    Total Input Jitter      (TIJ):    0.000ns
    Discrete Jitter          (DJ):    0.000ns
    Phase Error              (PE):    0.000ns
  Clock Net Delay (Source):      3.134ns (routing 1.654ns, distribution 1.480ns)

    Location             Delay type                Incr(ns)  Path(ns)    Netlist Resource(s)
  -------------------------------------------------------------------    -------------------
                         (clock clk rise edge)        0.000     0.000 r  
    AW17                                              0.000     0.000 r  clk (IN)
                         net (fo=0)                   0.000     0.000    clk_IBUF_inst/I
    AW17                 INBUF (Prop_INBUF_HDIOB_M_PAD_O)
                                                      1.068     1.068 r  clk_IBUF_inst/INBUF_INST/O
                         net (fo=1, routed)           0.000     1.068    clk_IBUF_inst/OUT
    AW17                 IBUFCTRL (Prop_IBUFCTRL_HDIOB_M_I_O)
                                                      0.000     1.068 r  clk_IBUF_inst/IBUFCTRL_INST/O
                         net (fo=1, routed)           0.204     1.272    clk_IBUF
    BUFGCE_HDIO_X0Y2     BUFGCE (Prop_BUFCE_BUFGCE_HDIO_I_O)
                                                      0.028     1.300 r  clk_IBUF_BUFG_inst/O
    X4Y8 (CLOCK_ROOT)    net (fo=1334, routed)        3.134     4.434    clk_IBUF_BUFG
    SLICE_X410Y585       FDCE                                         r  e_hat_latched_reg[140]/C
  -------------------------------------------------------------------    -------------------
    SLICE_X410Y585       FDCE (Prop_HFF_SLICEL_C_Q)
                                                      0.079     4.513 r  e_hat_latched_reg[140]/Q
                         net (fo=1, routed)           3.616     8.129    e_hat_OBUF[140]
    BR34                 OBUF (Prop_OUTBUF_HPIOB_M_I_O)
                                                      0.973     9.101 r  e_hat_OBUF[140]_inst/O
                         net (fo=0)                   0.000     9.101    e_hat[140]
    BR34                                                              r  e_hat[140] (OUT)
  -------------------------------------------------------------------    -------------------

Slack:                    inf
  Source:                 e_hat_latched_reg[135]/C
                            (rising edge-triggered cell FDCE clocked by clk  {rise@0.000ns fall@6.000ns period=12.000ns})
  Destination:            e_hat[135]
                            (output port)
  Path Group:             (none)
  Path Type:              Max at Slow Process Corner
  Data Path Delay:        4.757ns  (logic 1.020ns (21.441%)  route 3.737ns (78.559%))
  Logic Levels:           1  (OBUF=1)
  Clock Uncertainty:      0.025ns  ((TSJ^2 + TIJ^2)^1/2 + DJ) / 2 + PE
    Total System Jitter     (TSJ):    0.050ns
    Total Input Jitter      (TIJ):    0.000ns
    Discrete Jitter          (DJ):    0.000ns
    Phase Error              (PE):    0.000ns
  Clock Net Delay (Source):      3.006ns (routing 1.654ns, distribution 1.352ns)

    Location             Delay type                Incr(ns)  Path(ns)    Netlist Resource(s)
  -------------------------------------------------------------------    -------------------
                         (clock clk rise edge)        0.000     0.000 r  
    AW17                                              0.000     0.000 r  clk (IN)
                         net (fo=0)                   0.000     0.000    clk_IBUF_inst/I
    AW17                 INBUF (Prop_INBUF_HDIOB_M_PAD_O)
                                                      1.068     1.068 r  clk_IBUF_inst/INBUF_INST/O
                         net (fo=1, routed)           0.000     1.068    clk_IBUF_inst/OUT
    AW17                 IBUFCTRL (Prop_IBUFCTRL_HDIOB_M_I_O)
                                                      0.000     1.068 r  clk_IBUF_inst/IBUFCTRL_INST/O
                         net (fo=1, routed)           0.204     1.272    clk_IBUF
    BUFGCE_HDIO_X0Y2     BUFGCE (Prop_BUFCE_BUFGCE_HDIO_I_O)
                                                      0.028     1.300 r  clk_IBUF_BUFG_inst/O
    X4Y8 (CLOCK_ROOT)    net (fo=1334, routed)        3.006     4.306    clk_IBUF_BUFG
    SLICE_X397Y524       FDCE                                         r  e_hat_latched_reg[135]/C
  -------------------------------------------------------------------    -------------------
    SLICE_X397Y524       FDCE (Prop_HFF_SLICEM_C_Q)
                                                      0.079     4.385 r  e_hat_latched_reg[135]/Q
                         net (fo=1, routed)           3.737     8.122    e_hat_OBUF[135]
    BN30                 OBUF (Prop_OUTBUF_HPIOB_S_I_O)
                                                      0.941     9.063 r  e_hat_OBUF[135]_inst/O
                         net (fo=0)                   0.000     9.063    e_hat[135]
    BN30                                                              r  e_hat[135] (OUT)
  -------------------------------------------------------------------    -------------------

Slack:                    inf
  Source:                 e_hat_latched_reg[91]/C
                            (rising edge-triggered cell FDCE clocked by clk  {rise@0.000ns fall@6.000ns period=12.000ns})
  Destination:            e_hat[91]
                            (output port)
  Path Group:             (none)
  Path Type:              Max at Slow Process Corner
  Data Path Delay:        4.692ns  (logic 1.080ns (23.022%)  route 3.612ns (76.978%))
  Logic Levels:           1  (OBUF=1)
  Clock Uncertainty:      0.025ns  ((TSJ^2 + TIJ^2)^1/2 + DJ) / 2 + PE
    Total System Jitter     (TSJ):    0.050ns
    Total Input Jitter      (TIJ):    0.000ns
    Discrete Jitter          (DJ):    0.000ns
    Phase Error              (PE):    0.000ns
  Clock Net Delay (Source):      3.058ns (routing 1.654ns, distribution 1.404ns)

    Location             Delay type                Incr(ns)  Path(ns)    Netlist Resource(s)
  -------------------------------------------------------------------    -------------------
                         (clock clk rise edge)        0.000     0.000 r  
    AW17                                              0.000     0.000 r  clk (IN)
                         net (fo=0)                   0.000     0.000    clk_IBUF_inst/I
    AW17                 INBUF (Prop_INBUF_HDIOB_M_PAD_O)
                                                      1.068     1.068 r  clk_IBUF_inst/INBUF_INST/O
                         net (fo=1, routed)           0.000     1.068    clk_IBUF_inst/OUT
    AW17                 IBUFCTRL (Prop_IBUFCTRL_HDIOB_M_I_O)
                                                      0.000     1.068 r  clk_IBUF_inst/IBUFCTRL_INST/O
                         net (fo=1, routed)           0.204     1.272    clk_IBUF
    BUFGCE_HDIO_X0Y2     BUFGCE (Prop_BUFCE_BUFGCE_HDIO_I_O)
                                                      0.028     1.300 r  clk_IBUF_BUFG_inst/O
    X4Y8 (CLOCK_ROOT)    net (fo=1334, routed)        3.058     4.358    clk_IBUF_BUFG
    SLICE_X397Y589       FDCE                                         r  e_hat_latched_reg[91]/C
  -------------------------------------------------------------------    -------------------
    SLICE_X397Y589       FDCE (Prop_DFF_SLICEM_C_Q)
                                                      0.078     4.436 r  e_hat_latched_reg[91]/Q
                         net (fo=1, routed)           3.612     8.048    e_hat_OBUF[91]
    BV36                 OBUF (Prop_OUTBUF_HPIOB_S_I_O)
                                                      1.002     9.050 r  e_hat_OBUF[91]_inst/O
                         net (fo=0)                   0.000     9.050    e_hat[91]
    BV36                                                              r  e_hat[91] (OUT)
  -------------------------------------------------------------------    -------------------

Slack:                    inf
  Source:                 e_hat_latched_reg[138]/C
                            (rising edge-triggered cell FDCE clocked by clk  {rise@0.000ns fall@6.000ns period=12.000ns})
  Destination:            e_hat[138]
                            (output port)
  Path Group:             (none)
  Path Type:              Max at Slow Process Corner
  Data Path Delay:        4.595ns  (logic 1.034ns (22.501%)  route 3.561ns (77.499%))
  Logic Levels:           1  (OBUF=1)
  Clock Uncertainty:      0.025ns  ((TSJ^2 + TIJ^2)^1/2 + DJ) / 2 + PE
    Total System Jitter     (TSJ):    0.050ns
    Total Input Jitter      (TIJ):    0.000ns
    Discrete Jitter          (DJ):    0.000ns
    Phase Error              (PE):    0.000ns
  Clock Net Delay (Source):      3.129ns (routing 1.654ns, distribution 1.475ns)

    Location             Delay type                Incr(ns)  Path(ns)    Netlist Resource(s)
  -------------------------------------------------------------------    -------------------
                         (clock clk rise edge)        0.000     0.000 r  
    AW17                                              0.000     0.000 r  clk (IN)
                         net (fo=0)                   0.000     0.000    clk_IBUF_inst/I
    AW17                 INBUF (Prop_INBUF_HDIOB_M_PAD_O)
                                                      1.068     1.068 r  clk_IBUF_inst/INBUF_INST/O
                         net (fo=1, routed)           0.000     1.068    clk_IBUF_inst/OUT
    AW17                 IBUFCTRL (Prop_IBUFCTRL_HDIOB_M_I_O)
                                                      0.000     1.068 r  clk_IBUF_inst/IBUFCTRL_INST/O
                         net (fo=1, routed)           0.204     1.272    clk_IBUF
    BUFGCE_HDIO_X0Y2     BUFGCE (Prop_BUFCE_BUFGCE_HDIO_I_O)
                                                      0.028     1.300 r  clk_IBUF_BUFG_inst/O
    X4Y8 (CLOCK_ROOT)    net (fo=1334, routed)        3.129     4.429    clk_IBUF_BUFG
    SLICE_X415Y567       FDCE                                         r  e_hat_latched_reg[138]/C
  -------------------------------------------------------------------    -------------------
    SLICE_X415Y567       FDCE (Prop_DFF_SLICEL_C_Q)
                                                      0.079     4.508 r  e_hat_latched_reg[138]/Q
                         net (fo=1, routed)           3.561     8.069    e_hat_OBUF[138]
    BP31                 OBUF (Prop_OUTBUF_HPIOB_M_I_O)
                                                      0.955     9.023 r  e_hat_OBUF[138]_inst/O
                         net (fo=0)                   0.000     9.023    e_hat[138]
    BP31                                                              r  e_hat[138] (OUT)
  -------------------------------------------------------------------    -------------------





Min Delay Paths
--------------------------------------------------------------------------------------
Slack:                    inf
  Source:                 iter_cnt_reg[5]/C
                            (rising edge-triggered cell FDCE clocked by clk  {rise@0.000ns fall@6.000ns period=12.000ns})
  Destination:            iter_count[5]
                            (output port)
  Path Group:             (none)
  Path Type:              Min at Fast Process Corner
  Data Path Delay:        1.365ns  (logic 1.141ns (83.603%)  route 0.224ns (16.397%))
  Logic Levels:           1  (OBUF=1)
  Clock Uncertainty:      0.025ns  ((TSJ^2 + TIJ^2)^1/2 + DJ) / 2 + PE
    Total System Jitter     (TSJ):    0.050ns
    Total Input Jitter      (TIJ):    0.000ns
    Discrete Jitter          (DJ):    0.000ns
    Phase Error              (PE):    0.000ns
  Clock Net Delay (Source):      1.724ns (routing 0.896ns, distribution 0.828ns)

    Location             Delay type                Incr(ns)  Path(ns)    Netlist Resource(s)
  -------------------------------------------------------------------    -------------------
                         (clock clk rise edge)        0.000     0.000 r  
    AW17                                              0.000     0.000 r  clk (IN)
                         net (fo=0)                   0.000     0.000    clk_IBUF_inst/I
    AW17                 INBUF (Prop_INBUF_HDIOB_M_PAD_O)
                                                      0.401     0.401 r  clk_IBUF_inst/INBUF_INST/O
                         net (fo=1, routed)           0.000     0.401    clk_IBUF_inst/OUT
    AW17                 IBUFCTRL (Prop_IBUFCTRL_HDIOB_M_I_O)
                                                      0.000     0.401 r  clk_IBUF_inst/IBUFCTRL_INST/O
                         net (fo=1, routed)           0.091     0.492    clk_IBUF
    BUFGCE_HDIO_X0Y2     BUFGCE (Prop_BUFCE_BUFGCE_HDIO_I_O)
                                                      0.017     0.509 r  clk_IBUF_BUFG_inst/O
    X4Y8 (CLOCK_ROOT)    net (fo=1334, routed)        1.724     2.233    clk_IBUF_BUFG
    SLICE_X416Y587       FDCE                                         r  iter_cnt_reg[5]/C
  -------------------------------------------------------------------    -------------------
    SLICE_X416Y587       FDCE (Prop_DFF_SLICEL_C_Q)
                                                      0.039     2.272 r  iter_cnt_reg[5]/Q
                         net (fo=7, routed)           0.224     2.496    iter_count_OBUF[5]
    AV15                 OBUF (Prop_OUTBUF_HDIOB_S_I_O)
                                                      1.102     3.598 r  iter_count_OBUF[5]_inst/O
                         net (fo=0)                   0.000     3.598    iter_count[5]
    AV15                                                              r  iter_count[5] (OUT)
  -------------------------------------------------------------------    -------------------

Slack:                    inf
  Source:                 iter_cnt_reg[3]/C
                            (rising edge-triggered cell FDCE clocked by clk  {rise@0.000ns fall@6.000ns period=12.000ns})
  Destination:            iter_count[3]
                            (output port)
  Path Group:             (none)
  Path Type:              Min at Fast Process Corner
  Data Path Delay:        1.394ns  (logic 1.144ns (82.055%)  route 0.250ns (17.945%))
  Logic Levels:           1  (OBUF=1)
  Clock Uncertainty:      0.025ns  ((TSJ^2 + TIJ^2)^1/2 + DJ) / 2 + PE
    Total System Jitter     (TSJ):    0.050ns
    Total Input Jitter      (TIJ):    0.000ns
    Discrete Jitter          (DJ):    0.000ns
    Phase Error              (PE):    0.000ns
  Clock Net Delay (Source):      1.718ns (routing 0.896ns, distribution 0.822ns)

    Location             Delay type                Incr(ns)  Path(ns)    Netlist Resource(s)
  -------------------------------------------------------------------    -------------------
                         (clock clk rise edge)        0.000     0.000 r  
    AW17                                              0.000     0.000 r  clk (IN)
                         net (fo=0)                   0.000     0.000    clk_IBUF_inst/I
    AW17                 INBUF (Prop_INBUF_HDIOB_M_PAD_O)
                                                      0.401     0.401 r  clk_IBUF_inst/INBUF_INST/O
                         net (fo=1, routed)           0.000     0.401    clk_IBUF_inst/OUT
    AW17                 IBUFCTRL (Prop_IBUFCTRL_HDIOB_M_I_O)
                                                      0.000     0.401 r  clk_IBUF_inst/IBUFCTRL_INST/O
                         net (fo=1, routed)           0.091     0.492    clk_IBUF
    BUFGCE_HDIO_X0Y2     BUFGCE (Prop_BUFCE_BUFGCE_HDIO_I_O)
                                                      0.017     0.509 r  clk_IBUF_BUFG_inst/O
    X4Y8 (CLOCK_ROOT)    net (fo=1334, routed)        1.718     2.227    clk_IBUF_BUFG
    SLICE_X416Y589       FDCE                                         r  iter_cnt_reg[3]/C
  -------------------------------------------------------------------    -------------------
    SLICE_X416Y589       FDCE (Prop_DFF2_SLICEL_C_Q)
                                                      0.041     2.268 r  iter_cnt_reg[3]/Q
                         net (fo=9, routed)           0.250     2.518    iter_count_OBUF[3]
    AU16                 OBUF (Prop_OUTBUF_HDIOB_S_I_O)
                                                      1.103     3.621 r  iter_count_OBUF[3]_inst/O
                         net (fo=0)                   0.000     3.621    iter_count[3]
    AU16                                                              r  iter_count[3] (OUT)
  -------------------------------------------------------------------    -------------------

Slack:                    inf
  Source:                 FSM_onehot_state_reg[0]/C
                            (rising edge-triggered cell FDCE clocked by clk  {rise@0.000ns fall@6.000ns period=12.000ns})
  Destination:            done
                            (output port)
  Path Group:             (none)
  Path Type:              Min at Fast Process Corner
  Data Path Delay:        1.402ns  (logic 1.141ns (81.409%)  route 0.261ns (18.591%))
  Logic Levels:           1  (OBUF=1)
  Clock Uncertainty:      0.025ns  ((TSJ^2 + TIJ^2)^1/2 + DJ) / 2 + PE
    Total System Jitter     (TSJ):    0.050ns
    Total Input Jitter      (TIJ):    0.000ns
    Discrete Jitter          (DJ):    0.000ns
    Phase Error              (PE):    0.000ns
  Clock Net Delay (Source):      1.720ns (routing 0.896ns, distribution 0.824ns)

    Location             Delay type                Incr(ns)  Path(ns)    Netlist Resource(s)
  -------------------------------------------------------------------    -------------------
                         (clock clk rise edge)        0.000     0.000 r  
    AW17                                              0.000     0.000 r  clk (IN)
                         net (fo=0)                   0.000     0.000    clk_IBUF_inst/I
    AW17                 INBUF (Prop_INBUF_HDIOB_M_PAD_O)
                                                      0.401     0.401 r  clk_IBUF_inst/INBUF_INST/O
                         net (fo=1, routed)           0.000     0.401    clk_IBUF_inst/OUT
    AW17                 IBUFCTRL (Prop_IBUFCTRL_HDIOB_M_I_O)
                                                      0.000     0.401 r  clk_IBUF_inst/IBUFCTRL_INST/O
                         net (fo=1, routed)           0.091     0.492    clk_IBUF
    BUFGCE_HDIO_X0Y2     BUFGCE (Prop_BUFCE_BUFGCE_HDIO_I_O)
                                                      0.017     0.509 r  clk_IBUF_BUFG_inst/O
    X4Y8 (CLOCK_ROOT)    net (fo=1334, routed)        1.720     2.229    clk_IBUF_BUFG
    SLICE_X417Y585       FDCE                                         r  FSM_onehot_state_reg[0]/C
  -------------------------------------------------------------------    -------------------
    SLICE_X417Y585       FDCE (Prop_DFF_SLICEL_C_Q)
                                                      0.039     2.268 r  FSM_onehot_state_reg[0]/Q
                         net (fo=3, routed)           0.261     2.528    done_OBUF
    AY13                 OBUF (Prop_OUTBUF_HDIOB_S_I_O)
                                                      1.102     3.630 r  done_OBUF_inst/O
                         net (fo=0)                   0.000     3.630    done
    AY13                                                              r  done (OUT)
  -------------------------------------------------------------------    -------------------

Slack:                    inf
  Source:                 iter_cnt_reg[1]/C
                            (rising edge-triggered cell FDCE clocked by clk  {rise@0.000ns fall@6.000ns period=12.000ns})
  Destination:            iter_count[1]
                            (output port)
  Path Group:             (none)
  Path Type:              Min at Fast Process Corner
  Data Path Delay:        1.450ns  (logic 1.161ns (80.044%)  route 0.289ns (19.956%))
  Logic Levels:           1  (OBUF=1)
  Clock Uncertainty:      0.025ns  ((TSJ^2 + TIJ^2)^1/2 + DJ) / 2 + PE
    Total System Jitter     (TSJ):    0.050ns
    Total Input Jitter      (TIJ):    0.000ns
    Discrete Jitter          (DJ):    0.000ns
    Phase Error              (PE):    0.000ns
  Clock Net Delay (Source):      1.727ns (routing 0.896ns, distribution 0.831ns)

    Location             Delay type                Incr(ns)  Path(ns)    Netlist Resource(s)
  -------------------------------------------------------------------    -------------------
                         (clock clk rise edge)        0.000     0.000 r  
    AW17                                              0.000     0.000 r  clk (IN)
                         net (fo=0)                   0.000     0.000    clk_IBUF_inst/I
    AW17                 INBUF (Prop_INBUF_HDIOB_M_PAD_O)
                                                      0.401     0.401 r  clk_IBUF_inst/INBUF_INST/O
                         net (fo=1, routed)           0.000     0.401    clk_IBUF_inst/OUT
    AW17                 IBUFCTRL (Prop_IBUFCTRL_HDIOB_M_I_O)
                                                      0.000     0.401 r  clk_IBUF_inst/IBUFCTRL_INST/O
                         net (fo=1, routed)           0.091     0.492    clk_IBUF
    BUFGCE_HDIO_X0Y2     BUFGCE (Prop_BUFCE_BUFGCE_HDIO_I_O)
                                                      0.017     0.509 r  clk_IBUF_BUFG_inst/O
    X4Y8 (CLOCK_ROOT)    net (fo=1334, routed)        1.727     2.236    clk_IBUF_BUFG
    SLICE_X416Y587       FDCE                                         r  iter_cnt_reg[1]/C
  -------------------------------------------------------------------    -------------------
    SLICE_X416Y587       FDCE (Prop_EFF_SLICEL_C_Q)
                                                      0.039     2.275 r  iter_cnt_reg[1]/Q
                         net (fo=10, routed)          0.289     2.565    iter_count_OBUF[1]
    AT15                 OBUF (Prop_OUTBUF_HDIOB_S_I_O)
                                                      1.122     3.686 r  iter_count_OBUF[1]_inst/O
                         net (fo=0)                   0.000     3.686    iter_count[1]
    AT15                                                              r  iter_count[1] (OUT)
  -------------------------------------------------------------------    -------------------

Slack:                    inf
  Source:                 iter_cnt_reg[2]/C
                            (rising edge-triggered cell FDCE clocked by clk  {rise@0.000ns fall@6.000ns period=12.000ns})
  Destination:            iter_count[2]
                            (output port)
  Path Group:             (none)
  Path Type:              Min at Fast Process Corner
  Data Path Delay:        1.476ns  (logic 1.135ns (76.869%)  route 0.341ns (23.131%))
  Logic Levels:           1  (OBUF=1)
  Clock Uncertainty:      0.025ns  ((TSJ^2 + TIJ^2)^1/2 + DJ) / 2 + PE
    Total System Jitter     (TSJ):    0.050ns
    Total Input Jitter      (TIJ):    0.000ns
    Discrete Jitter          (DJ):    0.000ns
    Phase Error              (PE):    0.000ns
  Clock Net Delay (Source):      1.718ns (routing 0.896ns, distribution 0.822ns)

    Location             Delay type                Incr(ns)  Path(ns)    Netlist Resource(s)
  -------------------------------------------------------------------    -------------------
                         (clock clk rise edge)        0.000     0.000 r  
    AW17                                              0.000     0.000 r  clk (IN)
                         net (fo=0)                   0.000     0.000    clk_IBUF_inst/I
    AW17                 INBUF (Prop_INBUF_HDIOB_M_PAD_O)
                                                      0.401     0.401 r  clk_IBUF_inst/INBUF_INST/O
                         net (fo=1, routed)           0.000     0.401    clk_IBUF_inst/OUT
    AW17                 IBUFCTRL (Prop_IBUFCTRL_HDIOB_M_I_O)
                                                      0.000     0.401 r  clk_IBUF_inst/IBUFCTRL_INST/O
                         net (fo=1, routed)           0.091     0.492    clk_IBUF
    BUFGCE_HDIO_X0Y2     BUFGCE (Prop_BUFCE_BUFGCE_HDIO_I_O)
                                                      0.017     0.509 r  clk_IBUF_BUFG_inst/O
    X4Y8 (CLOCK_ROOT)    net (fo=1334, routed)        1.718     2.227    clk_IBUF_BUFG
    SLICE_X416Y589       FDCE                                         r  iter_cnt_reg[2]/C
  -------------------------------------------------------------------    -------------------
    SLICE_X416Y589       FDCE (Prop_DFF_SLICEL_C_Q)
                                                      0.039     2.266 r  iter_cnt_reg[2]/Q
                         net (fo=10, routed)          0.341     2.608    iter_count_OBUF[2]
    AU17                 OBUF (Prop_OUTBUF_HDIOB_M_I_O)
                                                      1.096     3.703 r  iter_count_OBUF[2]_inst/O
                         net (fo=0)                   0.000     3.703    iter_count[2]
    AU17                                                              r  iter_count[2] (OUT)
  -------------------------------------------------------------------    -------------------

Slack:                    inf
  Source:                 e_hat_latched_reg[10]/C
                            (rising edge-triggered cell FDCE clocked by clk  {rise@0.000ns fall@6.000ns period=12.000ns})
  Destination:            e_hat[10]
                            (output port)
  Path Group:             (none)
  Path Type:              Min at Fast Process Corner
  Data Path Delay:        1.539ns  (logic 0.513ns (33.344%)  route 1.026ns (66.656%))
  Logic Levels:           1  (OBUF=1)
  Clock Uncertainty:      0.025ns  ((TSJ^2 + TIJ^2)^1/2 + DJ) / 2 + PE
    Total System Jitter     (TSJ):    0.050ns
    Total Input Jitter      (TIJ):    0.000ns
    Discrete Jitter          (DJ):    0.000ns
    Phase Error              (PE):    0.000ns
  Clock Net Delay (Source):      1.657ns (routing 0.896ns, distribution 0.761ns)

    Location             Delay type                Incr(ns)  Path(ns)    Netlist Resource(s)
  -------------------------------------------------------------------    -------------------
                         (clock clk rise edge)        0.000     0.000 r  
    AW17                                              0.000     0.000 r  clk (IN)
                         net (fo=0)                   0.000     0.000    clk_IBUF_inst/I
    AW17                 INBUF (Prop_INBUF_HDIOB_M_PAD_O)
                                                      0.401     0.401 r  clk_IBUF_inst/INBUF_INST/O
                         net (fo=1, routed)           0.000     0.401    clk_IBUF_inst/OUT
    AW17                 IBUFCTRL (Prop_IBUFCTRL_HDIOB_M_I_O)
                                                      0.000     0.401 r  clk_IBUF_inst/IBUFCTRL_INST/O
                         net (fo=1, routed)           0.091     0.492    clk_IBUF
    BUFGCE_HDIO_X0Y2     BUFGCE (Prop_BUFCE_BUFGCE_HDIO_I_O)
                                                      0.017     0.509 r  clk_IBUF_BUFG_inst/O
    X4Y8 (CLOCK_ROOT)    net (fo=1334, routed)        1.657     2.166    clk_IBUF_BUFG
    SLICE_X388Y575       FDCE                                         r  e_hat_latched_reg[10]/C
  -------------------------------------------------------------------    -------------------
    SLICE_X388Y575       FDCE (Prop_DFF_SLICEL_C_Q)
                                                      0.039     2.205 r  e_hat_latched_reg[10]/Q
                         net (fo=1, routed)           1.026     3.231    e_hat_OBUF[10]
    BJ37                 OBUF (Prop_OUTBUF_HPIOB_M_I_O)
                                                      0.474     3.705 r  e_hat_OBUF[10]_inst/O
                         net (fo=0)                   0.000     3.705    e_hat[10]
    BJ37                                                              r  e_hat[10] (OUT)
  -------------------------------------------------------------------    -------------------

Slack:                    inf
  Source:                 e_hat_latched_reg[2]/C
                            (rising edge-triggered cell FDCE clocked by clk  {rise@0.000ns fall@6.000ns period=12.000ns})
  Destination:            e_hat[2]
                            (output port)
  Path Group:             (none)
  Path Type:              Min at Fast Process Corner
  Data Path Delay:        1.500ns  (logic 0.513ns (34.191%)  route 0.987ns (65.809%))
  Logic Levels:           1  (OBUF=1)
  Clock Uncertainty:      0.025ns  ((TSJ^2 + TIJ^2)^1/2 + DJ) / 2 + PE
    Total System Jitter     (TSJ):    0.050ns
    Total Input Jitter      (TIJ):    0.000ns
    Discrete Jitter          (DJ):    0.000ns
    Phase Error              (PE):    0.000ns
  Clock Net Delay (Source):      1.709ns (routing 0.896ns, distribution 0.813ns)

    Location             Delay type                Incr(ns)  Path(ns)    Netlist Resource(s)
  -------------------------------------------------------------------    -------------------
                         (clock clk rise edge)        0.000     0.000 r  
    AW17                                              0.000     0.000 r  clk (IN)
                         net (fo=0)                   0.000     0.000    clk_IBUF_inst/I
    AW17                 INBUF (Prop_INBUF_HDIOB_M_PAD_O)
                                                      0.401     0.401 r  clk_IBUF_inst/INBUF_INST/O
                         net (fo=1, routed)           0.000     0.401    clk_IBUF_inst/OUT
    AW17                 IBUFCTRL (Prop_IBUFCTRL_HDIOB_M_I_O)
                                                      0.000     0.401 r  clk_IBUF_inst/IBUFCTRL_INST/O
                         net (fo=1, routed)           0.091     0.492    clk_IBUF
    BUFGCE_HDIO_X0Y2     BUFGCE (Prop_BUFCE_BUFGCE_HDIO_I_O)
                                                      0.017     0.509 r  clk_IBUF_BUFG_inst/O
    X4Y8 (CLOCK_ROOT)    net (fo=1334, routed)        1.709     2.218    clk_IBUF_BUFG
    SLICE_X398Y545       FDCE                                         r  e_hat_latched_reg[2]/C
  -------------------------------------------------------------------    -------------------
    SLICE_X398Y545       FDCE (Prop_DFF_SLICEM_C_Q)
                                                      0.039     2.257 r  e_hat_latched_reg[2]/Q
                         net (fo=1, routed)           0.987     3.244    e_hat_OBUF[2]
    BF39                 OBUF (Prop_OUTBUF_HPIOB_M_I_O)
                                                      0.474     3.718 r  e_hat_OBUF[2]_inst/O
                         net (fo=0)                   0.000     3.718    e_hat[2]
    BF39                                                              r  e_hat[2] (OUT)
  -------------------------------------------------------------------    -------------------

Slack:                    inf
  Source:                 iter_cnt_reg[4]/C
                            (rising edge-triggered cell FDCE clocked by clk  {rise@0.000ns fall@6.000ns period=12.000ns})
  Destination:            iter_count[4]
                            (output port)
  Path Group:             (none)
  Path Type:              Min at Fast Process Corner
  Data Path Delay:        1.486ns  (logic 1.135ns (76.347%)  route 0.352ns (23.653%))
  Logic Levels:           1  (OBUF=1)
  Clock Uncertainty:      0.025ns  ((TSJ^2 + TIJ^2)^1/2 + DJ) / 2 + PE
    Total System Jitter     (TSJ):    0.050ns
    Total Input Jitter      (TIJ):    0.000ns
    Discrete Jitter          (DJ):    0.000ns
    Phase Error              (PE):    0.000ns
  Clock Net Delay (Source):      1.724ns (routing 0.896ns, distribution 0.828ns)

    Location             Delay type                Incr(ns)  Path(ns)    Netlist Resource(s)
  -------------------------------------------------------------------    -------------------
                         (clock clk rise edge)        0.000     0.000 r  
    AW17                                              0.000     0.000 r  clk (IN)
                         net (fo=0)                   0.000     0.000    clk_IBUF_inst/I
    AW17                 INBUF (Prop_INBUF_HDIOB_M_PAD_O)
                                                      0.401     0.401 r  clk_IBUF_inst/INBUF_INST/O
                         net (fo=1, routed)           0.000     0.401    clk_IBUF_inst/OUT
    AW17                 IBUFCTRL (Prop_IBUFCTRL_HDIOB_M_I_O)
                                                      0.000     0.401 r  clk_IBUF_inst/IBUFCTRL_INST/O
                         net (fo=1, routed)           0.091     0.492    clk_IBUF
    BUFGCE_HDIO_X0Y2     BUFGCE (Prop_BUFCE_BUFGCE_HDIO_I_O)
                                                      0.017     0.509 r  clk_IBUF_BUFG_inst/O
    X4Y8 (CLOCK_ROOT)    net (fo=1334, routed)        1.724     2.233    clk_IBUF_BUFG
    SLICE_X417Y587       FDCE                                         r  iter_cnt_reg[4]/C
  -------------------------------------------------------------------    -------------------
    SLICE_X417Y587       FDCE (Prop_DFF_SLICEL_C_Q)
                                                      0.039     2.272 r  iter_cnt_reg[4]/Q
                         net (fo=8, routed)           0.352     2.624    iter_count_OBUF[4]
    AV16                 OBUF (Prop_OUTBUF_HDIOB_M_I_O)
                                                      1.096     3.719 r  iter_count_OBUF[4]_inst/O
                         net (fo=0)                   0.000     3.719    iter_count[4]
    AV16                                                              r  iter_count[4] (OUT)
  -------------------------------------------------------------------    -------------------

Slack:                    inf
  Source:                 e_hat_latched_reg[43]/C
                            (rising edge-triggered cell FDCE clocked by clk  {rise@0.000ns fall@6.000ns period=12.000ns})
  Destination:            e_hat[43]
                            (output port)
  Path Group:             (none)
  Path Type:              Min at Fast Process Corner
  Data Path Delay:        1.594ns  (logic 0.471ns (29.532%)  route 1.123ns (70.468%))
  Logic Levels:           1  (OBUF=1)
  Clock Uncertainty:      0.025ns  ((TSJ^2 + TIJ^2)^1/2 + DJ) / 2 + PE
    Total System Jitter     (TSJ):    0.050ns
    Total Input Jitter      (TIJ):    0.000ns
    Discrete Jitter          (DJ):    0.000ns
    Phase Error              (PE):    0.000ns
  Clock Net Delay (Source):      1.657ns (routing 0.896ns, distribution 0.761ns)

    Location             Delay type                Incr(ns)  Path(ns)    Netlist Resource(s)
  -------------------------------------------------------------------    -------------------
                         (clock clk rise edge)        0.000     0.000 r  
    AW17                                              0.000     0.000 r  clk (IN)
                         net (fo=0)                   0.000     0.000    clk_IBUF_inst/I
    AW17                 INBUF (Prop_INBUF_HDIOB_M_PAD_O)
                                                      0.401     0.401 r  clk_IBUF_inst/INBUF_INST/O
                         net (fo=1, routed)           0.000     0.401    clk_IBUF_inst/OUT
    AW17                 IBUFCTRL (Prop_IBUFCTRL_HDIOB_M_I_O)
                                                      0.000     0.401 r  clk_IBUF_inst/IBUFCTRL_INST/O
                         net (fo=1, routed)           0.091     0.492    clk_IBUF
    BUFGCE_HDIO_X0Y2     BUFGCE (Prop_BUFCE_BUFGCE_HDIO_I_O)
                                                      0.017     0.509 r  clk_IBUF_BUFG_inst/O
    X4Y8 (CLOCK_ROOT)    net (fo=1334, routed)        1.657     2.166    clk_IBUF_BUFG
    SLICE_X388Y561       FDCE                                         r  e_hat_latched_reg[43]/C
  -------------------------------------------------------------------    -------------------
    SLICE_X388Y561       FDCE (Prop_DFF_SLICEL_C_Q)
                                                      0.039     2.205 r  e_hat_latched_reg[43]/Q
                         net (fo=1, routed)           1.123     3.328    e_hat_OBUF[43]
    BF37                 OBUF (Prop_OUTBUF_HPIOB_S_I_O)
                                                      0.432     3.760 r  e_hat_OBUF[43]_inst/O
                         net (fo=0)                   0.000     3.760    e_hat[43]
    BF37                                                              r  e_hat[43] (OUT)
  -------------------------------------------------------------------    -------------------

Slack:                    inf
  Source:                 e_hat_latched_reg[19]/C
                            (rising edge-triggered cell FDCE clocked by clk  {rise@0.000ns fall@6.000ns period=12.000ns})
  Destination:            e_hat[19]
                            (output port)
  Path Group:             (none)
  Path Type:              Min at Fast Process Corner
  Data Path Delay:        1.570ns  (logic 0.535ns (34.063%)  route 1.035ns (65.937%))
  Logic Levels:           1  (OBUF=1)
  Clock Uncertainty:      0.025ns  ((TSJ^2 + TIJ^2)^1/2 + DJ) / 2 + PE
    Total System Jitter     (TSJ):    0.050ns
    Total Input Jitter      (TIJ):    0.000ns
    Discrete Jitter          (DJ):    0.000ns
    Phase Error              (PE):    0.000ns
  Clock Net Delay (Source):      1.682ns (routing 0.896ns, distribution 0.786ns)

    Location             Delay type                Incr(ns)  Path(ns)    Netlist Resource(s)
  -------------------------------------------------------------------    -------------------
                         (clock clk rise edge)        0.000     0.000 r  
    AW17                                              0.000     0.000 r  clk (IN)
                         net (fo=0)                   0.000     0.000    clk_IBUF_inst/I
    AW17                 INBUF (Prop_INBUF_HDIOB_M_PAD_O)
                                                      0.401     0.401 r  clk_IBUF_inst/INBUF_INST/O
                         net (fo=1, routed)           0.000     0.401    clk_IBUF_inst/OUT
    AW17                 IBUFCTRL (Prop_IBUFCTRL_HDIOB_M_I_O)
                                                      0.000     0.401 r  clk_IBUF_inst/IBUFCTRL_INST/O
                         net (fo=1, routed)           0.091     0.492    clk_IBUF
    BUFGCE_HDIO_X0Y2     BUFGCE (Prop_BUFCE_BUFGCE_HDIO_I_O)
                                                      0.017     0.509 r  clk_IBUF_BUFG_inst/O
    X4Y8 (CLOCK_ROOT)    net (fo=1334, routed)        1.682     2.191    clk_IBUF_BUFG
    SLICE_X404Y539       FDCE                                         r  e_hat_latched_reg[19]/C
  -------------------------------------------------------------------    -------------------
    SLICE_X404Y539       FDCE (Prop_DFF_SLICEL_C_Q)
                                                      0.039     2.230 r  e_hat_latched_reg[19]/Q
                         net (fo=1, routed)           1.035     3.265    e_hat_OBUF[19]
    BN39                 OBUF (Prop_OUTBUF_HPIOB_S_I_O)
                                                      0.496     3.760 r  e_hat_OBUF[19]_inst/O
                         net (fo=0)                   0.000     3.760    e_hat[19]
    BN39                                                              r  e_hat[19] (OUT)
  -------------------------------------------------------------------    -------------------





--------------------------------------------------------------------------------------
Path Group:  (none)
From Clock:  
  To Clock:  clk

Max Delay          2783 Endpoints
Min Delay          2783 Endpoints
--------------------------------------------------------------------------------------


Max Delay Paths
--------------------------------------------------------------------------------------
Slack:                    inf
  Source:                 syndrome[4]
                            (input port)
  Destination:            converged_latched_reg/CE
                            (rising edge-triggered cell FDCE clocked by clk  {rise@0.000ns fall@6.000ns period=12.000ns})
  Path Group:             (none)
  Path Type:              Setup (Max at Slow Process Corner)
  Data Path Delay:        12.067ns  (logic 1.108ns (9.178%)  route 10.960ns (90.822%))
  Logic Levels:           8  (CARRY8=3 IBUFCTRL=1 INBUF=1 LUT3=1 LUT4=1 LUT6=1)
  Clock Path Skew:        3.591ns (DCD - SCD + CPR)
    Destination Clock Delay (DCD):    3.591ns
    Source Clock Delay      (SCD):    0.000ns
    Clock Pessimism Removal (CPR):    0.000ns
  Clock Uncertainty:      0.025ns  ((TSJ^2 + TIJ^2)^1/2 + DJ) / 2 + PE
    Total System Jitter     (TSJ):    0.050ns
    Total Input Jitter      (TIJ):    0.000ns
    Discrete Jitter          (DJ):    0.000ns
    Phase Error              (PE):    0.000ns
  Clock Net Delay (Destination): 2.838ns (routing 1.506ns, distribution 1.332ns)

    Location             Delay type                Incr(ns)  Path(ns)    Netlist Resource(s)
  -------------------------------------------------------------------    -------------------
    AK59                                              0.000     0.000 f  syndrome[4] (IN)
                         net (fo=0)                   0.000     0.000    syndrome_IBUF[4]_inst/I
    AK59                 INBUF (Prop_INBUF_HPIOB_M_PAD_O)
                                                      0.554     0.554 f  syndrome_IBUF[4]_inst/INBUF_INST/O
                         net (fo=1, routed)           0.000     0.554    syndrome_IBUF[4]_inst/OUT
    AK59                 IBUFCTRL (Prop_IBUFCTRL_HPIOB_M_I_O)
                                                      0.000     0.554 f  syndrome_IBUF[4]_inst/IBUFCTRL_INST/O
                         net (fo=1, routed)           1.202     1.756    syndrome_IBUF[4]
    SLICE_X0Y558         LUT3 (Prop_B6LUT_SLICEL_I1_O)
                                                      0.124     1.880 r  converged_latched_i_26/O
                         net (fo=1, routed)           0.009     1.889    converged_latched_i_26_n_0
    SLICE_X0Y558         CARRY8 (Prop_CARRY8_SLICEL_S[1]_CO[7])
                                                      0.186     2.075 r  converged_latched_reg_i_11/CO[7]
                         net (fo=1, routed)           0.026     2.101    converged_latched_reg_i_11_n_0
    SLICE_X0Y559         CARRY8 (Prop_CARRY8_SLICEL_CI_CO[7])
                                                      0.015     2.116 r  converged_latched_reg_i_2/CO[7]
                         net (fo=1, routed)           0.026     2.142    converged_latched_reg_i_2_n_0
    SLICE_X0Y560         CARRY8 (Prop_CARRY8_SLICEL_CI_CO[7])
                                                      0.029     2.171 r  converged_latched_reg_i_1/CO[7]
                         net (fo=2, routed)           4.441     6.612    converged_comb
    SLICE_X416Y586       LUT6 (Prop_H6LUT_SLICEL_I0_O)
                                                      0.150     6.762 r  e_hat_latched[143]_i_4/O
                         net (fo=3, routed)           0.083     6.845    state_next1
    SLICE_X416Y585       LUT4 (Prop_G6LUT_SLICEL_I2_O)
                                                      0.050     6.895 r  e_hat_latched[143]_i_1/O
                         net (fo=145, routed)         5.173    12.067    e_hat_latched[143]_i_1_n_0
    SLICE_X0Y560         FDCE                                         r  converged_latched_reg/CE
  -------------------------------------------------------------------    -------------------

                         (clock clk rise edge)        0.000     0.000 r  
    AW17                                              0.000     0.000 r  clk (IN)
                         net (fo=0)                   0.000     0.000    clk_IBUF_inst/I
    AW17                 INBUF (Prop_INBUF_HDIOB_M_PAD_O)
                                                      0.560     0.560 r  clk_IBUF_inst/INBUF_INST/O
                         net (fo=1, routed)           0.000     0.560    clk_IBUF_inst/OUT
    AW17                 IBUFCTRL (Prop_IBUFCTRL_HDIOB_M_I_O)
                                                      0.000     0.560 r  clk_IBUF_inst/IBUFCTRL_INST/O
                         net (fo=1, routed)           0.169     0.729    clk_IBUF
    BUFGCE_HDIO_X0Y2     BUFGCE (Prop_BUFCE_BUFGCE_HDIO_I_O)
                                                      0.024     0.753 r  clk_IBUF_BUFG_inst/O
    X4Y8 (CLOCK_ROOT)    net (fo=1334, routed)        2.838     3.591    clk_IBUF_BUFG
    SLICE_X0Y560         FDCE                                         r  converged_latched_reg/C

Slack:                    inf
  Source:                 syndrome[4]
                            (input port)
  Destination:            e_hat_latched_reg[122]/CE
                            (rising edge-triggered cell FDCE clocked by clk  {rise@0.000ns fall@6.000ns period=12.000ns})
  Path Group:             (none)
  Path Type:              Setup (Max at Slow Process Corner)
  Data Path Delay:        9.669ns  (logic 1.108ns (11.454%)  route 8.562ns (88.546%))
  Logic Levels:           8  (CARRY8=3 IBUFCTRL=1 INBUF=1 LUT3=1 LUT4=1 LUT6=1)
  Clock Path Skew:        3.450ns (DCD - SCD + CPR)
    Destination Clock Delay (DCD):    3.450ns
    Source Clock Delay      (SCD):    0.000ns
    Clock Pessimism Removal (CPR):    0.000ns
  Clock Uncertainty:      0.025ns  ((TSJ^2 + TIJ^2)^1/2 + DJ) / 2 + PE
    Total System Jitter     (TSJ):    0.050ns
    Total Input Jitter      (TIJ):    0.000ns
    Discrete Jitter          (DJ):    0.000ns
    Phase Error              (PE):    0.000ns
  Clock Net Delay (Destination): 2.697ns (routing 1.506ns, distribution 1.191ns)

    Location             Delay type                Incr(ns)  Path(ns)    Netlist Resource(s)
  -------------------------------------------------------------------    -------------------
    AK59                                              0.000     0.000 f  syndrome[4] (IN)
                         net (fo=0)                   0.000     0.000    syndrome_IBUF[4]_inst/I
    AK59                 INBUF (Prop_INBUF_HPIOB_M_PAD_O)
                                                      0.554     0.554 f  syndrome_IBUF[4]_inst/INBUF_INST/O
                         net (fo=1, routed)           0.000     0.554    syndrome_IBUF[4]_inst/OUT
    AK59                 IBUFCTRL (Prop_IBUFCTRL_HPIOB_M_I_O)
                                                      0.000     0.554 f  syndrome_IBUF[4]_inst/IBUFCTRL_INST/O
                         net (fo=1, routed)           1.202     1.756    syndrome_IBUF[4]
    SLICE_X0Y558         LUT3 (Prop_B6LUT_SLICEL_I1_O)
                                                      0.124     1.880 r  converged_latched_i_26/O
                         net (fo=1, routed)           0.009     1.889    converged_latched_i_26_n_0
    SLICE_X0Y558         CARRY8 (Prop_CARRY8_SLICEL_S[1]_CO[7])
                                                      0.186     2.075 r  converged_latched_reg_i_11/CO[7]
                         net (fo=1, routed)           0.026     2.101    converged_latched_reg_i_11_n_0
    SLICE_X0Y559         CARRY8 (Prop_CARRY8_SLICEL_CI_CO[7])
                                                      0.015     2.116 r  converged_latched_reg_i_2/CO[7]
                         net (fo=1, routed)           0.026     2.142    converged_latched_reg_i_2_n_0
    SLICE_X0Y560         CARRY8 (Prop_CARRY8_SLICEL_CI_CO[7])
                                                      0.029     2.171 r  converged_latched_reg_i_1/CO[7]
                         net (fo=2, routed)           4.441     6.612    converged_comb
    SLICE_X416Y586       LUT6 (Prop_H6LUT_SLICEL_I0_O)
                                                      0.150     6.762 r  e_hat_latched[143]_i_4/O
                         net (fo=3, routed)           0.083     6.845    state_next1
    SLICE_X416Y585       LUT4 (Prop_G6LUT_SLICEL_I2_O)
                                                      0.050     6.895 r  e_hat_latched[143]_i_1/O
                         net (fo=145, routed)         2.775     9.669    e_hat_latched[143]_i_1_n_0
    SLICE_X393Y531       FDCE                                         r  e_hat_latched_reg[122]/CE
  -------------------------------------------------------------------    -------------------

                         (clock clk rise edge)        0.000     0.000 r  
    AW17                                              0.000     0.000 r  clk (IN)
                         net (fo=0)                   0.000     0.000    clk_IBUF_inst/I
    AW17                 INBUF (Prop_INBUF_HDIOB_M_PAD_O)
                                                      0.560     0.560 r  clk_IBUF_inst/INBUF_INST/O
                         net (fo=1, routed)           0.000     0.560    clk_IBUF_inst/OUT
    AW17                 IBUFCTRL (Prop_IBUFCTRL_HDIOB_M_I_O)
                                                      0.000     0.560 r  clk_IBUF_inst/IBUFCTRL_INST/O
                         net (fo=1, routed)           0.169     0.729    clk_IBUF
    BUFGCE_HDIO_X0Y2     BUFGCE (Prop_BUFCE_BUFGCE_HDIO_I_O)
                                                      0.024     0.753 r  clk_IBUF_BUFG_inst/O
    X4Y8 (CLOCK_ROOT)    net (fo=1334, routed)        2.697     3.450    clk_IBUF_BUFG
    SLICE_X393Y531       FDCE                                         r  e_hat_latched_reg[122]/C

Slack:                    inf
  Source:                 syndrome[4]
                            (input port)
  Destination:            e_hat_latched_reg[134]/CE
                            (rising edge-triggered cell FDCE clocked by clk  {rise@0.000ns fall@6.000ns period=12.000ns})
  Path Group:             (none)
  Path Type:              Setup (Max at Slow Process Corner)
  Data Path Delay:        9.643ns  (logic 1.108ns (11.485%)  route 8.536ns (88.515%))
  Logic Levels:           8  (CARRY8=3 IBUFCTRL=1 INBUF=1 LUT3=1 LUT4=1 LUT6=1)
  Clock Path Skew:        3.436ns (DCD - SCD + CPR)
    Destination Clock Delay (DCD):    3.436ns
    Source Clock Delay      (SCD):    0.000ns
    Clock Pessimism Removal (CPR):    0.000ns
  Clock Uncertainty:      0.025ns  ((TSJ^2 + TIJ^2)^1/2 + DJ) / 2 + PE
    Total System Jitter     (TSJ):    0.050ns
    Total Input Jitter      (TIJ):    0.000ns
    Discrete Jitter          (DJ):    0.000ns
    Phase Error              (PE):    0.000ns
  Clock Net Delay (Destination): 2.683ns (routing 1.506ns, distribution 1.177ns)

    Location             Delay type                Incr(ns)  Path(ns)    Netlist Resource(s)
  -------------------------------------------------------------------    -------------------
    AK59                                              0.000     0.000 f  syndrome[4] (IN)
                         net (fo=0)                   0.000     0.000    syndrome_IBUF[4]_inst/I
    AK59                 INBUF (Prop_INBUF_HPIOB_M_PAD_O)
                                                      0.554     0.554 f  syndrome_IBUF[4]_inst/INBUF_INST/O
                         net (fo=1, routed)           0.000     0.554    syndrome_IBUF[4]_inst/OUT
    AK59                 IBUFCTRL (Prop_IBUFCTRL_HPIOB_M_I_O)
                                                      0.000     0.554 f  syndrome_IBUF[4]_inst/IBUFCTRL_INST/O
                         net (fo=1, routed)           1.202     1.756    syndrome_IBUF[4]
    SLICE_X0Y558         LUT3 (Prop_B6LUT_SLICEL_I1_O)
                                                      0.124     1.880 r  converged_latched_i_26/O
                         net (fo=1, routed)           0.009     1.889    converged_latched_i_26_n_0
    SLICE_X0Y558         CARRY8 (Prop_CARRY8_SLICEL_S[1]_CO[7])
                                                      0.186     2.075 r  converged_latched_reg_i_11/CO[7]
                         net (fo=1, routed)           0.026     2.101    converged_latched_reg_i_11_n_0
    SLICE_X0Y559         CARRY8 (Prop_CARRY8_SLICEL_CI_CO[7])
                                                      0.015     2.116 r  converged_latched_reg_i_2/CO[7]
                         net (fo=1, routed)           0.026     2.142    converged_latched_reg_i_2_n_0
    SLICE_X0Y560         CARRY8 (Prop_CARRY8_SLICEL_CI_CO[7])
                                                      0.029     2.171 r  converged_latched_reg_i_1/CO[7]
                         net (fo=2, routed)           4.441     6.612    converged_comb
    SLICE_X416Y586       LUT6 (Prop_H6LUT_SLICEL_I0_O)
                                                      0.150     6.762 r  e_hat_latched[143]_i_4/O
                         net (fo=3, routed)           0.083     6.845    state_next1
    SLICE_X416Y585       LUT4 (Prop_G6LUT_SLICEL_I2_O)
                                                      0.050     6.895 r  e_hat_latched[143]_i_1/O
                         net (fo=145, routed)         2.749     9.643    e_hat_latched[143]_i_1_n_0
    SLICE_X390Y523       FDCE                                         r  e_hat_latched_reg[134]/CE
  -------------------------------------------------------------------    -------------------

                         (clock clk rise edge)        0.000     0.000 r  
    AW17                                              0.000     0.000 r  clk (IN)
                         net (fo=0)                   0.000     0.000    clk_IBUF_inst/I
    AW17                 INBUF (Prop_INBUF_HDIOB_M_PAD_O)
                                                      0.560     0.560 r  clk_IBUF_inst/INBUF_INST/O
                         net (fo=1, routed)           0.000     0.560    clk_IBUF_inst/OUT
    AW17                 IBUFCTRL (Prop_IBUFCTRL_HDIOB_M_I_O)
                                                      0.000     0.560 r  clk_IBUF_inst/IBUFCTRL_INST/O
                         net (fo=1, routed)           0.169     0.729    clk_IBUF
    BUFGCE_HDIO_X0Y2     BUFGCE (Prop_BUFCE_BUFGCE_HDIO_I_O)
                                                      0.024     0.753 r  clk_IBUF_BUFG_inst/O
    X4Y8 (CLOCK_ROOT)    net (fo=1334, routed)        2.683     3.436    clk_IBUF_BUFG
    SLICE_X390Y523       FDCE                                         r  e_hat_latched_reg[134]/C

Slack:                    inf
  Source:                 syndrome[4]
                            (input port)
  Destination:            e_hat_latched_reg[143]/CE
                            (rising edge-triggered cell FDCE clocked by clk  {rise@0.000ns fall@6.000ns period=12.000ns})
  Path Group:             (none)
  Path Type:              Setup (Max at Slow Process Corner)
  Data Path Delay:        9.617ns  (logic 1.108ns (11.516%)  route 8.510ns (88.484%))
  Logic Levels:           8  (CARRY8=3 IBUFCTRL=1 INBUF=1 LUT3=1 LUT4=1 LUT6=1)
  Clock Path Skew:        3.449ns (DCD - SCD + CPR)
    Destination Clock Delay (DCD):    3.449ns
    Source Clock Delay      (SCD):    0.000ns
    Clock Pessimism Removal (CPR):    0.000ns
  Clock Uncertainty:      0.025ns  ((TSJ^2 + TIJ^2)^1/2 + DJ) / 2 + PE
    Total System Jitter     (TSJ):    0.050ns
    Total Input Jitter      (TIJ):    0.000ns
    Discrete Jitter          (DJ):    0.000ns
    Phase Error              (PE):    0.000ns
  Clock Net Delay (Destination): 2.696ns (routing 1.506ns, distribution 1.190ns)

    Location             Delay type                Incr(ns)  Path(ns)    Netlist Resource(s)
  -------------------------------------------------------------------    -------------------
    AK59                                              0.000     0.000 f  syndrome[4] (IN)
                         net (fo=0)                   0.000     0.000    syndrome_IBUF[4]_inst/I
    AK59                 INBUF (Prop_INBUF_HPIOB_M_PAD_O)
                                                      0.554     0.554 f  syndrome_IBUF[4]_inst/INBUF_INST/O
                         net (fo=1, routed)           0.000     0.554    syndrome_IBUF[4]_inst/OUT
    AK59                 IBUFCTRL (Prop_IBUFCTRL_HPIOB_M_I_O)
                                                      0.000     0.554 f  syndrome_IBUF[4]_inst/IBUFCTRL_INST/O
                         net (fo=1, routed)           1.202     1.756    syndrome_IBUF[4]
    SLICE_X0Y558         LUT3 (Prop_B6LUT_SLICEL_I1_O)
                                                      0.124     1.880 r  converged_latched_i_26/O
                         net (fo=1, routed)           0.009     1.889    converged_latched_i_26_n_0
    SLICE_X0Y558         CARRY8 (Prop_CARRY8_SLICEL_S[1]_CO[7])
                                                      0.186     2.075 r  converged_latched_reg_i_11/CO[7]
                         net (fo=1, routed)           0.026     2.101    converged_latched_reg_i_11_n_0
    SLICE_X0Y559         CARRY8 (Prop_CARRY8_SLICEL_CI_CO[7])
                                                      0.015     2.116 r  converged_latched_reg_i_2/CO[7]
                         net (fo=1, routed)           0.026     2.142    converged_latched_reg_i_2_n_0
    SLICE_X0Y560         CARRY8 (Prop_CARRY8_SLICEL_CI_CO[7])
                                                      0.029     2.171 r  converged_latched_reg_i_1/CO[7]
                         net (fo=2, routed)           4.441     6.612    converged_comb
    SLICE_X416Y586       LUT6 (Prop_H6LUT_SLICEL_I0_O)
                                                      0.150     6.762 r  e_hat_latched[143]_i_4/O
                         net (fo=3, routed)           0.083     6.845    state_next1
    SLICE_X416Y585       LUT4 (Prop_G6LUT_SLICEL_I2_O)
                                                      0.050     6.895 r  e_hat_latched[143]_i_1/O
                         net (fo=145, routed)         2.723     9.617    e_hat_latched[143]_i_1_n_0
    SLICE_X394Y529       FDCE                                         r  e_hat_latched_reg[143]/CE
  -------------------------------------------------------------------    -------------------

                         (clock clk rise edge)        0.000     0.000 r  
    AW17                                              0.000     0.000 r  clk (IN)
                         net (fo=0)                   0.000     0.000    clk_IBUF_inst/I
    AW17                 INBUF (Prop_INBUF_HDIOB_M_PAD_O)
                                                      0.560     0.560 r  clk_IBUF_inst/INBUF_INST/O
                         net (fo=1, routed)           0.000     0.560    clk_IBUF_inst/OUT
    AW17                 IBUFCTRL (Prop_IBUFCTRL_HDIOB_M_I_O)
                                                      0.000     0.560 r  clk_IBUF_inst/IBUFCTRL_INST/O
                         net (fo=1, routed)           0.169     0.729    clk_IBUF
    BUFGCE_HDIO_X0Y2     BUFGCE (Prop_BUFCE_BUFGCE_HDIO_I_O)
                                                      0.024     0.753 r  clk_IBUF_BUFG_inst/O
    X4Y8 (CLOCK_ROOT)    net (fo=1334, routed)        2.696     3.449    clk_IBUF_BUFG
    SLICE_X394Y529       FDCE                                         r  e_hat_latched_reg[143]/C

Slack:                    inf
  Source:                 syndrome[4]
                            (input port)
  Destination:            e_hat_latched_reg[98]/CE
                            (rising edge-triggered cell FDCE clocked by clk  {rise@0.000ns fall@6.000ns period=12.000ns})
  Path Group:             (none)
  Path Type:              Setup (Max at Slow Process Corner)
  Data Path Delay:        9.607ns  (logic 1.108ns (11.528%)  route 8.500ns (88.472%))
  Logic Levels:           8  (CARRY8=3 IBUFCTRL=1 INBUF=1 LUT3=1 LUT4=1 LUT6=1)
  Clock Path Skew:        3.499ns (DCD - SCD + CPR)
    Destination Clock Delay (DCD):    3.499ns
    Source Clock Delay      (SCD):    0.000ns
    Clock Pessimism Removal (CPR):    0.000ns
  Clock Uncertainty:      0.025ns  ((TSJ^2 + TIJ^2)^1/2 + DJ) / 2 + PE
    Total System Jitter     (TSJ):    0.050ns
    Total Input Jitter      (TIJ):    0.000ns
    Discrete Jitter          (DJ):    0.000ns
    Phase Error              (PE):    0.000ns
  Clock Net Delay (Destination): 2.746ns (routing 1.506ns, distribution 1.240ns)

    Location             Delay type                Incr(ns)  Path(ns)    Netlist Resource(s)
  -------------------------------------------------------------------    -------------------
    AK59                                              0.000     0.000 f  syndrome[4] (IN)
                         net (fo=0)                   0.000     0.000    syndrome_IBUF[4]_inst/I
    AK59                 INBUF (Prop_INBUF_HPIOB_M_PAD_O)
                                                      0.554     0.554 f  syndrome_IBUF[4]_inst/INBUF_INST/O
                         net (fo=1, routed)           0.000     0.554    syndrome_IBUF[4]_inst/OUT
    AK59                 IBUFCTRL (Prop_IBUFCTRL_HPIOB_M_I_O)
                                                      0.000     0.554 f  syndrome_IBUF[4]_inst/IBUFCTRL_INST/O
                         net (fo=1, routed)           1.202     1.756    syndrome_IBUF[4]
    SLICE_X0Y558         LUT3 (Prop_B6LUT_SLICEL_I1_O)
                                                      0.124     1.880 r  converged_latched_i_26/O
                         net (fo=1, routed)           0.009     1.889    converged_latched_i_26_n_0
    SLICE_X0Y558         CARRY8 (Prop_CARRY8_SLICEL_S[1]_CO[7])
                                                      0.186     2.075 r  converged_latched_reg_i_11/CO[7]
                         net (fo=1, routed)           0.026     2.101    converged_latched_reg_i_11_n_0
    SLICE_X0Y559         CARRY8 (Prop_CARRY8_SLICEL_CI_CO[7])
                                                      0.015     2.116 r  converged_latched_reg_i_2/CO[7]
                         net (fo=1, routed)           0.026     2.142    converged_latched_reg_i_2_n_0
    SLICE_X0Y560         CARRY8 (Prop_CARRY8_SLICEL_CI_CO[7])
                                                      0.029     2.171 r  converged_latched_reg_i_1/CO[7]
                         net (fo=2, routed)           4.441     6.612    converged_comb
    SLICE_X416Y586       LUT6 (Prop_H6LUT_SLICEL_I0_O)
                                                      0.150     6.762 r  e_hat_latched[143]_i_4/O
                         net (fo=3, routed)           0.083     6.845    state_next1
    SLICE_X416Y585       LUT4 (Prop_G6LUT_SLICEL_I2_O)
                                                      0.050     6.895 r  e_hat_latched[143]_i_1/O
                         net (fo=145, routed)         2.713     9.607    e_hat_latched[143]_i_1_n_0
    SLICE_X399Y525       FDCE                                         r  e_hat_latched_reg[98]/CE
  -------------------------------------------------------------------    -------------------

                         (clock clk rise edge)        0.000     0.000 r  
    AW17                                              0.000     0.000 r  clk (IN)
                         net (fo=0)                   0.000     0.000    clk_IBUF_inst/I
    AW17                 INBUF (Prop_INBUF_HDIOB_M_PAD_O)
                                                      0.560     0.560 r  clk_IBUF_inst/INBUF_INST/O
                         net (fo=1, routed)           0.000     0.560    clk_IBUF_inst/OUT
    AW17                 IBUFCTRL (Prop_IBUFCTRL_HDIOB_M_I_O)
                                                      0.000     0.560 r  clk_IBUF_inst/IBUFCTRL_INST/O
                         net (fo=1, routed)           0.169     0.729    clk_IBUF
    BUFGCE_HDIO_X0Y2     BUFGCE (Prop_BUFCE_BUFGCE_HDIO_I_O)
                                                      0.024     0.753 r  clk_IBUF_BUFG_inst/O
    X4Y8 (CLOCK_ROOT)    net (fo=1334, routed)        2.746     3.499    clk_IBUF_BUFG
    SLICE_X399Y525       FDCE                                         r  e_hat_latched_reg[98]/C

Slack:                    inf
  Source:                 syndrome[4]
                            (input port)
  Destination:            e_hat_latched_reg[139]/CE
                            (rising edge-triggered cell FDCE clocked by clk  {rise@0.000ns fall@6.000ns period=12.000ns})
  Path Group:             (none)
  Path Type:              Setup (Max at Slow Process Corner)
  Data Path Delay:        9.528ns  (logic 1.108ns (11.624%)  route 8.420ns (88.376%))
  Logic Levels:           8  (CARRY8=3 IBUFCTRL=1 INBUF=1 LUT3=1 LUT4=1 LUT6=1)
  Clock Path Skew:        3.449ns (DCD - SCD + CPR)
    Destination Clock Delay (DCD):    3.449ns
    Source Clock Delay      (SCD):    0.000ns
    Clock Pessimism Removal (CPR):    0.000ns
  Clock Uncertainty:      0.025ns  ((TSJ^2 + TIJ^2)^1/2 + DJ) / 2 + PE
    Total System Jitter     (TSJ):    0.050ns
    Total Input Jitter      (TIJ):    0.000ns
    Discrete Jitter          (DJ):    0.000ns
    Phase Error              (PE):    0.000ns
  Clock Net Delay (Destination): 2.696ns (routing 1.506ns, distribution 1.190ns)

    Location             Delay type                Incr(ns)  Path(ns)    Netlist Resource(s)
  -------------------------------------------------------------------    -------------------
    AK59                                              0.000     0.000 f  syndrome[4] (IN)
                         net (fo=0)                   0.000     0.000    syndrome_IBUF[4]_inst/I
    AK59                 INBUF (Prop_INBUF_HPIOB_M_PAD_O)
                                                      0.554     0.554 f  syndrome_IBUF[4]_inst/INBUF_INST/O
                         net (fo=1, routed)           0.000     0.554    syndrome_IBUF[4]_inst/OUT
    AK59                 IBUFCTRL (Prop_IBUFCTRL_HPIOB_M_I_O)
                                                      0.000     0.554 f  syndrome_IBUF[4]_inst/IBUFCTRL_INST/O
                         net (fo=1, routed)           1.202     1.756    syndrome_IBUF[4]
    SLICE_X0Y558         LUT3 (Prop_B6LUT_SLICEL_I1_O)
                                                      0.124     1.880 r  converged_latched_i_26/O
                         net (fo=1, routed)           0.009     1.889    converged_latched_i_26_n_0
    SLICE_X0Y558         CARRY8 (Prop_CARRY8_SLICEL_S[1]_CO[7])
                                                      0.186     2.075 r  converged_latched_reg_i_11/CO[7]
                         net (fo=1, routed)           0.026     2.101    converged_latched_reg_i_11_n_0
    SLICE_X0Y559         CARRY8 (Prop_CARRY8_SLICEL_CI_CO[7])
                                                      0.015     2.116 r  converged_latched_reg_i_2/CO[7]
                         net (fo=1, routed)           0.026     2.142    converged_latched_reg_i_2_n_0
    SLICE_X0Y560         CARRY8 (Prop_CARRY8_SLICEL_CI_CO[7])
                                                      0.029     2.171 r  converged_latched_reg_i_1/CO[7]
                         net (fo=2, routed)           4.441     6.612    converged_comb
    SLICE_X416Y586       LUT6 (Prop_H6LUT_SLICEL_I0_O)
                                                      0.150     6.762 r  e_hat_latched[143]_i_4/O
                         net (fo=3, routed)           0.083     6.845    state_next1
    SLICE_X416Y585       LUT4 (Prop_G6LUT_SLICEL_I2_O)
                                                      0.050     6.895 r  e_hat_latched[143]_i_1/O
                         net (fo=145, routed)         2.633     9.528    e_hat_latched[143]_i_1_n_0
    SLICE_X397Y525       FDCE                                         r  e_hat_latched_reg[139]/CE
  -------------------------------------------------------------------    -------------------

                         (clock clk rise edge)        0.000     0.000 r  
    AW17                                              0.000     0.000 r  clk (IN)
                         net (fo=0)                   0.000     0.000    clk_IBUF_inst/I
    AW17                 INBUF (Prop_INBUF_HDIOB_M_PAD_O)
                                                      0.560     0.560 r  clk_IBUF_inst/INBUF_INST/O
                         net (fo=1, routed)           0.000     0.560    clk_IBUF_inst/OUT
    AW17                 IBUFCTRL (Prop_IBUFCTRL_HDIOB_M_I_O)
                                                      0.000     0.560 r  clk_IBUF_inst/IBUFCTRL_INST/O
                         net (fo=1, routed)           0.169     0.729    clk_IBUF
    BUFGCE_HDIO_X0Y2     BUFGCE (Prop_BUFCE_BUFGCE_HDIO_I_O)
                                                      0.024     0.753 r  clk_IBUF_BUFG_inst/O
    X4Y8 (CLOCK_ROOT)    net (fo=1334, routed)        2.696     3.449    clk_IBUF_BUFG
    SLICE_X397Y525       FDCE                                         r  e_hat_latched_reg[139]/C

Slack:                    inf
  Source:                 syndrome[4]
                            (input port)
  Destination:            e_hat_latched_reg[135]/CE
                            (rising edge-triggered cell FDCE clocked by clk  {rise@0.000ns fall@6.000ns period=12.000ns})
  Path Group:             (none)
  Path Type:              Setup (Max at Slow Process Corner)
  Data Path Delay:        9.430ns  (logic 1.108ns (11.744%)  route 8.323ns (88.256%))
  Logic Levels:           8  (CARRY8=3 IBUFCTRL=1 INBUF=1 LUT3=1 LUT4=1 LUT6=1)
  Clock Path Skew:        3.447ns (DCD - SCD + CPR)
    Destination Clock Delay (DCD):    3.447ns
    Source Clock Delay      (SCD):    0.000ns
    Clock Pessimism Removal (CPR):    0.000ns
  Clock Uncertainty:      0.025ns  ((TSJ^2 + TIJ^2)^1/2 + DJ) / 2 + PE
    Total System Jitter     (TSJ):    0.050ns
    Total Input Jitter      (TIJ):    0.000ns
    Discrete Jitter          (DJ):    0.000ns
    Phase Error              (PE):    0.000ns
  Clock Net Delay (Destination): 2.694ns (routing 1.506ns, distribution 1.188ns)

    Location             Delay type                Incr(ns)  Path(ns)    Netlist Resource(s)
  -------------------------------------------------------------------    -------------------
    AK59                                              0.000     0.000 f  syndrome[4] (IN)
                         net (fo=0)                   0.000     0.000    syndrome_IBUF[4]_inst/I
    AK59                 INBUF (Prop_INBUF_HPIOB_M_PAD_O)
                                                      0.554     0.554 f  syndrome_IBUF[4]_inst/INBUF_INST/O
                         net (fo=1, routed)           0.000     0.554    syndrome_IBUF[4]_inst/OUT
    AK59                 IBUFCTRL (Prop_IBUFCTRL_HPIOB_M_I_O)
                                                      0.000     0.554 f  syndrome_IBUF[4]_inst/IBUFCTRL_INST/O
                         net (fo=1, routed)           1.202     1.756    syndrome_IBUF[4]
    SLICE_X0Y558         LUT3 (Prop_B6LUT_SLICEL_I1_O)
                                                      0.124     1.880 r  converged_latched_i_26/O
                         net (fo=1, routed)           0.009     1.889    converged_latched_i_26_n_0
    SLICE_X0Y558         CARRY8 (Prop_CARRY8_SLICEL_S[1]_CO[7])
                                                      0.186     2.075 r  converged_latched_reg_i_11/CO[7]
                         net (fo=1, routed)           0.026     2.101    converged_latched_reg_i_11_n_0
    SLICE_X0Y559         CARRY8 (Prop_CARRY8_SLICEL_CI_CO[7])
                                                      0.015     2.116 r  converged_latched_reg_i_2/CO[7]
                         net (fo=1, routed)           0.026     2.142    converged_latched_reg_i_2_n_0
    SLICE_X0Y560         CARRY8 (Prop_CARRY8_SLICEL_CI_CO[7])
                                                      0.029     2.171 r  converged_latched_reg_i_1/CO[7]
                         net (fo=2, routed)           4.441     6.612    converged_comb
    SLICE_X416Y586       LUT6 (Prop_H6LUT_SLICEL_I0_O)
                                                      0.150     6.762 r  e_hat_latched[143]_i_4/O
                         net (fo=3, routed)           0.083     6.845    state_next1
    SLICE_X416Y585       LUT4 (Prop_G6LUT_SLICEL_I2_O)
                                                      0.050     6.895 r  e_hat_latched[143]_i_1/O
                         net (fo=145, routed)         2.536     9.430    e_hat_latched[143]_i_1_n_0
    SLICE_X397Y524       FDCE                                         r  e_hat_latched_reg[135]/CE
  -------------------------------------------------------------------    -------------------

                         (clock clk rise edge)        0.000     0.000 r  
    AW17                                              0.000     0.000 r  clk (IN)
                         net (fo=0)                   0.000     0.000    clk_IBUF_inst/I
    AW17                 INBUF (Prop_INBUF_HDIOB_M_PAD_O)
                                                      0.560     0.560 r  clk_IBUF_inst/INBUF_INST/O
                         net (fo=1, routed)           0.000     0.560    clk_IBUF_inst/OUT
    AW17                 IBUFCTRL (Prop_IBUFCTRL_HDIOB_M_I_O)
                                                      0.000     0.560 r  clk_IBUF_inst/IBUFCTRL_INST/O
                         net (fo=1, routed)           0.169     0.729    clk_IBUF
    BUFGCE_HDIO_X0Y2     BUFGCE (Prop_BUFCE_BUFGCE_HDIO_I_O)
                                                      0.024     0.753 r  clk_IBUF_BUFG_inst/O
    X4Y8 (CLOCK_ROOT)    net (fo=1334, routed)        2.694     3.447    clk_IBUF_BUFG
    SLICE_X397Y524       FDCE                                         r  e_hat_latched_reg[135]/C

Slack:                    inf
  Source:                 syndrome[4]
                            (input port)
  Destination:            e_hat_latched_reg[127]/CE
                            (rising edge-triggered cell FDCE clocked by clk  {rise@0.000ns fall@6.000ns period=12.000ns})
  Path Group:             (none)
  Path Type:              Setup (Max at Slow Process Corner)
  Data Path Delay:        9.428ns  (logic 1.108ns (11.747%)  route 8.320ns (88.253%))
  Logic Levels:           8  (CARRY8=3 IBUFCTRL=1 INBUF=1 LUT3=1 LUT4=1 LUT6=1)
  Clock Path Skew:        3.444ns (DCD - SCD + CPR)
    Destination Clock Delay (DCD):    3.444ns
    Source Clock Delay      (SCD):    0.000ns
    Clock Pessimism Removal (CPR):    0.000ns
  Clock Uncertainty:      0.025ns  ((TSJ^2 + TIJ^2)^1/2 + DJ) / 2 + PE
    Total System Jitter     (TSJ):    0.050ns
    Total Input Jitter      (TIJ):    0.000ns
    Discrete Jitter          (DJ):    0.000ns
    Phase Error              (PE):    0.000ns
  Clock Net Delay (Destination): 2.691ns (routing 1.506ns, distribution 1.185ns)

    Location             Delay type                Incr(ns)  Path(ns)    Netlist Resource(s)
  -------------------------------------------------------------------    -------------------
    AK59                                              0.000     0.000 f  syndrome[4] (IN)
                         net (fo=0)                   0.000     0.000    syndrome_IBUF[4]_inst/I
    AK59                 INBUF (Prop_INBUF_HPIOB_M_PAD_O)
                                                      0.554     0.554 f  syndrome_IBUF[4]_inst/INBUF_INST/O
                         net (fo=1, routed)           0.000     0.554    syndrome_IBUF[4]_inst/OUT
    AK59                 IBUFCTRL (Prop_IBUFCTRL_HPIOB_M_I_O)
                                                      0.000     0.554 f  syndrome_IBUF[4]_inst/IBUFCTRL_INST/O
                         net (fo=1, routed)           1.202     1.756    syndrome_IBUF[4]
    SLICE_X0Y558         LUT3 (Prop_B6LUT_SLICEL_I1_O)
                                                      0.124     1.880 r  converged_latched_i_26/O
                         net (fo=1, routed)           0.009     1.889    converged_latched_i_26_n_0
    SLICE_X0Y558         CARRY8 (Prop_CARRY8_SLICEL_S[1]_CO[7])
                                                      0.186     2.075 r  converged_latched_reg_i_11/CO[7]
                         net (fo=1, routed)           0.026     2.101    converged_latched_reg_i_11_n_0
    SLICE_X0Y559         CARRY8 (Prop_CARRY8_SLICEL_CI_CO[7])
                                                      0.015     2.116 r  converged_latched_reg_i_2/CO[7]
                         net (fo=1, routed)           0.026     2.142    converged_latched_reg_i_2_n_0
    SLICE_X0Y560         CARRY8 (Prop_CARRY8_SLICEL_CI_CO[7])
                                                      0.029     2.171 r  converged_latched_reg_i_1/CO[7]
                         net (fo=2, routed)           4.441     6.612    converged_comb
    SLICE_X416Y586       LUT6 (Prop_H6LUT_SLICEL_I0_O)
                                                      0.150     6.762 r  e_hat_latched[143]_i_4/O
                         net (fo=3, routed)           0.083     6.845    state_next1
    SLICE_X416Y585       LUT4 (Prop_G6LUT_SLICEL_I2_O)
                                                      0.050     6.895 r  e_hat_latched[143]_i_1/O
                         net (fo=145, routed)         2.533     9.428    e_hat_latched[143]_i_1_n_0
    SLICE_X390Y528       FDCE                                         r  e_hat_latched_reg[127]/CE
  -------------------------------------------------------------------    -------------------

                         (clock clk rise edge)        0.000     0.000 r  
    AW17                                              0.000     0.000 r  clk (IN)
                         net (fo=0)                   0.000     0.000    clk_IBUF_inst/I
    AW17                 INBUF (Prop_INBUF_HDIOB_M_PAD_O)
                                                      0.560     0.560 r  clk_IBUF_inst/INBUF_INST/O
                         net (fo=1, routed)           0.000     0.560    clk_IBUF_inst/OUT
    AW17                 IBUFCTRL (Prop_IBUFCTRL_HDIOB_M_I_O)
                                                      0.000     0.560 r  clk_IBUF_inst/IBUFCTRL_INST/O
                         net (fo=1, routed)           0.169     0.729    clk_IBUF
    BUFGCE_HDIO_X0Y2     BUFGCE (Prop_BUFCE_BUFGCE_HDIO_I_O)
                                                      0.024     0.753 r  clk_IBUF_BUFG_inst/O
    X4Y8 (CLOCK_ROOT)    net (fo=1334, routed)        2.691     3.444    clk_IBUF_BUFG
    SLICE_X390Y528       FDCE                                         r  e_hat_latched_reg[127]/C

Slack:                    inf
  Source:                 syndrome[71]
                            (input port)
  Destination:            nu_wire_reg_reg[0][0][2]/D
                            (rising edge-triggered cell FDCE clocked by clk  {rise@0.000ns fall@6.000ns period=12.000ns})
  Path Group:             (none)
  Path Type:              Setup (Max at Slow Process Corner)
  Data Path Delay:        9.426ns  (logic 1.770ns (18.779%)  route 7.656ns (81.221%))
  Logic Levels:           13  (CARRY8=2 IBUFCTRL=1 INBUF=1 LUT3=1 LUT4=2 LUT5=2 LUT6=4)
  Clock Path Skew:        3.570ns (DCD - SCD + CPR)
    Destination Clock Delay (DCD):    3.570ns
    Source Clock Delay      (SCD):    0.000ns
    Clock Pessimism Removal (CPR):    0.000ns
  Clock Uncertainty:      0.025ns  ((TSJ^2 + TIJ^2)^1/2 + DJ) / 2 + PE
    Total System Jitter     (TSJ):    0.050ns
    Total Input Jitter      (TIJ):    0.000ns
    Discrete Jitter          (DJ):    0.000ns
    Phase Error              (PE):    0.000ns
  Clock Net Delay (Destination): 2.817ns (routing 1.506ns, distribution 1.311ns)

    Location             Delay type                Incr(ns)  Path(ns)    Netlist Resource(s)
  -------------------------------------------------------------------    -------------------
    AV51                                              0.000     0.000 r  syndrome[71] (IN)
                         net (fo=0)                   0.000     0.000    syndrome_IBUF[71]_inst/I
    AV51                 INBUF (Prop_INBUF_HPIOB_S_PAD_O)
                                                      0.496     0.496 r  syndrome_IBUF[71]_inst/INBUF_INST/O
                         net (fo=1, routed)           0.000     0.496    syndrome_IBUF[71]_inst/OUT
    AV51                 IBUFCTRL (Prop_IBUFCTRL_HPIOB_S_I_O)
                                                      0.000     0.496 r  syndrome_IBUF[71]_inst/IBUFCTRL_INST/O
                         net (fo=8, routed)           5.992     6.488    syndrome_IBUF[71]
    SLICE_X415Y589       LUT4 (Prop_H6LUT_SLICEL_I2_O)
                                                      0.150     6.638 r  nu_wire_reg[0][0][3]_i_12/O
                         net (fo=8, routed)           0.216     6.854    nu_wire_reg[0][0][3]_i_12_n_0
    SLICE_X415Y584       LUT4 (Prop_A5LUT_SLICEL_I3_O)
                                                      0.161     7.015 r  e_hat_latched[0]_i_12/O
                         net (fo=2, routed)           0.222     7.237    e_hat_latched[0]_i_12_n_0
    SLICE_X415Y585       LUT5 (Prop_C6LUT_SLICEL_I0_O)
                                                      0.088     7.325 r  e_hat_latched[0]_i_19/O
                         net (fo=1, routed)           0.010     7.335    e_hat_latched[0]_i_19_n_0
    SLICE_X415Y585       CARRY8 (Prop_CARRY8_SLICEL_S[2]_CO[7])
                                                      0.155     7.490 r  e_hat_latched_reg[0]_i_3/CO[7]
                         net (fo=1, routed)           0.026     7.516    e_hat_latched_reg[0]_i_3_n_0
    SLICE_X415Y586       CARRY8 (Prop_CARRY8_SLICEL_CI_O[0])
                                                      0.056     7.572 r  e_hat_latched_reg[0]_i_4/O[0]
                         net (fo=23, routed)          0.273     7.845    e_hat_latched_reg[0]_i_4_n_15
    SLICE_X415Y588       LUT3 (Prop_D6LUT_SLICEL_I1_O)
                                                      0.146     7.991 f  nu_wire_reg[0][0][3]_i_15/O
                         net (fo=4, routed)           0.092     8.084    nu_wire_reg[0][0][3]_i_15_n_0
    SLICE_X415Y589       LUT6 (Prop_C6LUT_SLICEL_I0_O)
                                                      0.088     8.172 r  nu_wire_reg[0][0][2]_i_8/O
                         net (fo=5, routed)           0.192     8.364    nu_wire_reg[0][0][2]_i_8_n_0
    SLICE_X414Y588       LUT5 (Prop_C5LUT_SLICEM_I2_O)
                                                      0.068     8.432 r  nu_wire_reg[0][0][4]_i_5/O
                         net (fo=8, routed)           0.219     8.651    nu_wire_reg[0][0][4]_i_5_n_0
    SLICE_X414Y586       LUT6 (Prop_C6LUT_SLICEM_I1_O)
                                                      0.123     8.774 r  nu_wire_reg[0][0][3]_i_11/O
                         net (fo=3, routed)           0.266     9.040    nu_wire_reg[0][0][3]_i_11_n_0
    SLICE_X413Y588       LUT6 (Prop_G6LUT_SLICEL_I4_O)
                                                      0.149     9.189 r  nu_wire_reg[0][0][2]_i_3/O
                         net (fo=1, routed)           0.096     9.285    nu_wire_reg[0][0][2]_i_3_n_0
    SLICE_X415Y588       LUT6 (Prop_H6LUT_SLICEL_I3_O)
                                                      0.090     9.375 r  nu_wire_reg[0][0][2]_i_1/O
                         net (fo=1, routed)           0.051     9.426    nu_wire[0][0][2]
    SLICE_X415Y588       FDCE                                         r  nu_wire_reg_reg[0][0][2]/D
  -------------------------------------------------------------------    -------------------

                         (clock clk rise edge)        0.000     0.000 r  
    AW17                                              0.000     0.000 r  clk (IN)
                         net (fo=0)                   0.000     0.000    clk_IBUF_inst/I
    AW17                 INBUF (Prop_INBUF_HDIOB_M_PAD_O)
                                                      0.560     0.560 r  clk_IBUF_inst/INBUF_INST/O
                         net (fo=1, routed)           0.000     0.560    clk_IBUF_inst/OUT
    AW17                 IBUFCTRL (Prop_IBUFCTRL_HDIOB_M_I_O)
                                                      0.000     0.560 r  clk_IBUF_inst/IBUFCTRL_INST/O
                         net (fo=1, routed)           0.169     0.729    clk_IBUF
    BUFGCE_HDIO_X0Y2     BUFGCE (Prop_BUFCE_BUFGCE_HDIO_I_O)
                                                      0.024     0.753 r  clk_IBUF_BUFG_inst/O
    X4Y8 (CLOCK_ROOT)    net (fo=1334, routed)        2.817     3.570    clk_IBUF_BUFG
    SLICE_X415Y588       FDCE                                         r  nu_wire_reg_reg[0][0][2]/C

Slack:                    inf
  Source:                 syndrome[71]
                            (input port)
  Destination:            nu_wire_reg_reg[0][0][1]/D
                            (rising edge-triggered cell FDCE clocked by clk  {rise@0.000ns fall@6.000ns period=12.000ns})
  Path Group:             (none)
  Path Type:              Setup (Max at Slow Process Corner)
  Data Path Delay:        9.393ns  (logic 1.845ns (19.644%)  route 7.548ns (80.356%))
  Logic Levels:           13  (CARRY8=2 IBUFCTRL=1 INBUF=1 LUT3=1 LUT4=3 LUT5=3 LUT6=2)
  Clock Path Skew:        3.572ns (DCD - SCD + CPR)
    Destination Clock Delay (DCD):    3.572ns
    Source Clock Delay      (SCD):    0.000ns
    Clock Pessimism Removal (CPR):    0.000ns
  Clock Uncertainty:      0.025ns  ((TSJ^2 + TIJ^2)^1/2 + DJ) / 2 + PE
    Total System Jitter     (TSJ):    0.050ns
    Total Input Jitter      (TIJ):    0.000ns
    Discrete Jitter          (DJ):    0.000ns
    Phase Error              (PE):    0.000ns
  Clock Net Delay (Destination): 2.819ns (routing 1.506ns, distribution 1.313ns)

    Location             Delay type                Incr(ns)  Path(ns)    Netlist Resource(s)
  -------------------------------------------------------------------    -------------------
    AV51                                              0.000     0.000 r  syndrome[71] (IN)
                         net (fo=0)                   0.000     0.000    syndrome_IBUF[71]_inst/I
    AV51                 INBUF (Prop_INBUF_HPIOB_S_PAD_O)
                                                      0.496     0.496 r  syndrome_IBUF[71]_inst/INBUF_INST/O
                         net (fo=1, routed)           0.000     0.496    syndrome_IBUF[71]_inst/OUT
    AV51                 IBUFCTRL (Prop_IBUFCTRL_HPIOB_S_I_O)
                                                      0.000     0.496 r  syndrome_IBUF[71]_inst/IBUFCTRL_INST/O
                         net (fo=8, routed)           5.992     6.488    syndrome_IBUF[71]
    SLICE_X415Y589       LUT4 (Prop_H6LUT_SLICEL_I2_O)
                                                      0.150     6.638 r  nu_wire_reg[0][0][3]_i_12/O
                         net (fo=8, routed)           0.216     6.854    nu_wire_reg[0][0][3]_i_12_n_0
    SLICE_X415Y584       LUT4 (Prop_A5LUT_SLICEL_I3_O)
                                                      0.161     7.015 r  e_hat_latched[0]_i_12/O
                         net (fo=2, routed)           0.222     7.237    e_hat_latched[0]_i_12_n_0
    SLICE_X415Y585       LUT5 (Prop_C6LUT_SLICEL_I0_O)
                                                      0.088     7.325 r  e_hat_latched[0]_i_19/O
                         net (fo=1, routed)           0.010     7.335    e_hat_latched[0]_i_19_n_0
    SLICE_X415Y585       CARRY8 (Prop_CARRY8_SLICEL_S[2]_CO[7])
                                                      0.155     7.490 r  e_hat_latched_reg[0]_i_3/CO[7]
                         net (fo=1, routed)           0.026     7.516    e_hat_latched_reg[0]_i_3_n_0
    SLICE_X415Y586       CARRY8 (Prop_CARRY8_SLICEL_CI_O[0])
                                                      0.056     7.572 r  e_hat_latched_reg[0]_i_4/O[0]
                         net (fo=23, routed)          0.273     7.845    e_hat_latched_reg[0]_i_4_n_15
    SLICE_X415Y588       LUT3 (Prop_D6LUT_SLICEL_I1_O)
                                                      0.146     7.991 f  nu_wire_reg[0][0][3]_i_15/O
                         net (fo=4, routed)           0.092     8.084    nu_wire_reg[0][0][3]_i_15_n_0
    SLICE_X415Y589       LUT6 (Prop_C6LUT_SLICEL_I0_O)
                                                      0.088     8.172 r  nu_wire_reg[0][0][2]_i_8/O
                         net (fo=5, routed)           0.192     8.364    nu_wire_reg[0][0][2]_i_8_n_0
    SLICE_X414Y588       LUT5 (Prop_C5LUT_SLICEM_I2_O)
                                                      0.068     8.432 r  nu_wire_reg[0][0][4]_i_5/O
                         net (fo=8, routed)           0.200     8.632    nu_wire_reg[0][0][4]_i_5_n_0
    SLICE_X414Y588       LUT5 (Prop_D5LUT_SLICEM_I3_O)
                                                      0.135     8.767 r  nu_wire_reg[0][0][3]_i_7/O
                         net (fo=2, routed)           0.150     8.917    nu_wire_reg[0][0][3]_i_7_n_0
    SLICE_X413Y588       LUT6 (Prop_H6LUT_SLICEL_I2_O)
                                                      0.150     9.067 r  nu_wire_reg[0][0][1]_i_2/O
                         net (fo=1, routed)           0.116     9.183    nu_wire_reg[0][0][1]_i_2_n_0
    SLICE_X414Y589       LUT4 (Prop_H6LUT_SLICEM_I1_O)
                                                      0.152     9.335 r  nu_wire_reg[0][0][1]_i_1/O
                         net (fo=1, routed)           0.058     9.393    nu_wire[0][0][1]
    SLICE_X414Y589       FDCE                                         r  nu_wire_reg_reg[0][0][1]/D
  -------------------------------------------------------------------    -------------------

                         (clock clk rise edge)        0.000     0.000 r  
    AW17                                              0.000     0.000 r  clk (IN)
                         net (fo=0)                   0.000     0.000    clk_IBUF_inst/I
    AW17                 INBUF (Prop_INBUF_HDIOB_M_PAD_O)
                                                      0.560     0.560 r  clk_IBUF_inst/INBUF_INST/O
                         net (fo=1, routed)           0.000     0.560    clk_IBUF_inst/OUT
    AW17                 IBUFCTRL (Prop_IBUFCTRL_HDIOB_M_I_O)
                                                      0.000     0.560 r  clk_IBUF_inst/IBUFCTRL_INST/O
                         net (fo=1, routed)           0.169     0.729    clk_IBUF
    BUFGCE_HDIO_X0Y2     BUFGCE (Prop_BUFCE_BUFGCE_HDIO_I_O)
                                                      0.024     0.753 r  clk_IBUF_BUFG_inst/O
    X4Y8 (CLOCK_ROOT)    net (fo=1334, routed)        2.819     3.572    clk_IBUF_BUFG
    SLICE_X414Y589       FDCE                                         r  nu_wire_reg_reg[0][0][1]/C





Min Delay Paths
--------------------------------------------------------------------------------------
Slack:                    inf
  Source:                 syndrome[33]
                            (input port)
  Destination:            converged_latched_reg/D
                            (rising edge-triggered cell FDCE clocked by clk  {rise@0.000ns fall@6.000ns period=12.000ns})
  Path Group:             (none)
  Path Type:              Hold (Min at Fast Process Corner)
  Data Path Delay:        0.636ns  (logic 0.318ns (49.968%)  route 0.318ns (50.032%))
  Logic Levels:           5  (CARRY8=2 IBUFCTRL=1 INBUF=1 LUT3=1)
  Clock Path Skew:        2.758ns (DCD - SCD - CPR)
    Destination Clock Delay (DCD):    2.758ns
    Source Clock Delay      (SCD):    0.000ns
    Clock Pessimism Removal (CPR):    -0.000ns
  Clock Net Delay (Destination): 1.936ns (routing 0.995ns, distribution 0.941ns)

    Location             Delay type                Incr(ns)  Path(ns)    Netlist Resource(s)
  -------------------------------------------------------------------    -------------------
    AT62                                              0.000     0.000 f  syndrome[33] (IN)
                         net (fo=0)                   0.000     0.000    syndrome_IBUF[33]_inst/I
    AT62                 INBUF (Prop_INBUF_HPIOB_S_PAD_O)
                                                      0.212     0.212 f  syndrome_IBUF[33]_inst/INBUF_INST/O
                         net (fo=1, routed)           0.000     0.212    syndrome_IBUF[33]_inst/OUT
    AT62                 IBUFCTRL (Prop_IBUFCTRL_HPIOB_S_I_O)
                                                      0.000     0.212 f  syndrome_IBUF[33]_inst/IBUFCTRL_INST/O
                         net (fo=1, routed)           0.299     0.511    syndrome_IBUF[33]
    SLICE_X0Y559         LUT3 (Prop_D6LUT_SLICEL_I2_O)
                                                      0.041     0.552 r  converged_latched_i_16/O
                         net (fo=1, routed)           0.007     0.559    converged_latched_i_16_n_0
    SLICE_X0Y559         CARRY8 (Prop_CARRY8_SLICEL_S[3]_CO[7])
                                                      0.048     0.607 r  converged_latched_reg_i_2/CO[7]
                         net (fo=1, routed)           0.003     0.610    converged_latched_reg_i_2_n_0
    SLICE_X0Y560         CARRY8 (Prop_CARRY8_SLICEL_CI_CO[7])
                                                      0.017     0.627 r  converged_latched_reg_i_1/CO[7]
                         net (fo=2, routed)           0.009     0.636    converged_comb
    SLICE_X0Y560         FDCE                                         r  converged_latched_reg/D
  -------------------------------------------------------------------    -------------------

                         (clock clk rise edge)        0.000     0.000 r  
    AW17                                              0.000     0.000 r  clk (IN)
                         net (fo=0)                   0.000     0.000    clk_IBUF_inst/I
    AW17                 INBUF (Prop_INBUF_HDIOB_M_PAD_O)
                                                      0.690     0.690 r  clk_IBUF_inst/INBUF_INST/O
                         net (fo=1, routed)           0.000     0.690    clk_IBUF_inst/OUT
    AW17                 IBUFCTRL (Prop_IBUFCTRL_HDIOB_M_I_O)
                                                      0.000     0.690 r  clk_IBUF_inst/IBUFCTRL_INST/O
                         net (fo=1, routed)           0.113     0.803    clk_IBUF
    BUFGCE_HDIO_X0Y2     BUFGCE (Prop_BUFCE_BUFGCE_HDIO_I_O)
                                                      0.019     0.822 r  clk_IBUF_BUFG_inst/O
    X4Y8 (CLOCK_ROOT)    net (fo=1334, routed)        1.936     2.758    clk_IBUF_BUFG
    SLICE_X0Y560         FDCE                                         r  converged_latched_reg/C

Slack:                    inf
  Source:                 lambda_0[3]
                            (input port)
  Destination:            gen_vnu[62].u_vnu/M_j_reg[3]/D
                            (rising edge-triggered cell FDCE clocked by clk  {rise@0.000ns fall@6.000ns period=12.000ns})
  Path Group:             (none)
  Path Type:              Hold (Min at Fast Process Corner)
  Data Path Delay:        0.834ns  (logic 0.431ns (51.654%)  route 0.403ns (48.346%))
  Logic Levels:           3  (IBUFCTRL=1 INBUF=1 LUT6=1)
  Clock Path Skew:        2.737ns (DCD - SCD - CPR)
    Destination Clock Delay (DCD):    2.737ns
    Source Clock Delay      (SCD):    0.000ns
    Clock Pessimism Removal (CPR):    -0.000ns
  Clock Net Delay (Destination): 1.915ns (routing 0.995ns, distribution 0.920ns)

    Location             Delay type                Incr(ns)  Path(ns)    Netlist Resource(s)
  -------------------------------------------------------------------    -------------------
    BA17                                              0.000     0.000 r  lambda_0[3] (IN)
                         net (fo=0)                   0.000     0.000    lambda_0_IBUF[3]_inst/I
    BA17                 INBUF (Prop_INBUF_HDIOB_M_PAD_O)
                                                      0.381     0.381 r  lambda_0_IBUF[3]_inst/INBUF_INST/O
                         net (fo=1, routed)           0.000     0.381    lambda_0_IBUF[3]_inst/OUT
    BA17                 IBUFCTRL (Prop_IBUFCTRL_HDIOB_M_I_O)
                                                      0.000     0.381 r  lambda_0_IBUF[3]_inst/IBUFCTRL_INST/O
                         net (fo=587, routed)         0.387     0.768    gen_vnu[62].u_vnu/lambda_0_IBUF[3]
    SLICE_X413Y564       LUT6 (Prop_D6LUT_SLICEL_I0_O)
                                                      0.050     0.818 r  gen_vnu[62].u_vnu/M_j[3]_i_1__130/O
                         net (fo=1, routed)           0.016     0.834    gen_vnu[62].u_vnu/M_j[3]_i_1__130_n_0
    SLICE_X413Y564       FDCE                                         r  gen_vnu[62].u_vnu/M_j_reg[3]/D
  -------------------------------------------------------------------    -------------------

                         (clock clk rise edge)        0.000     0.000 r  
    AW17                                              0.000     0.000 r  clk (IN)
                         net (fo=0)                   0.000     0.000    clk_IBUF_inst/I
    AW17                 INBUF (Prop_INBUF_HDIOB_M_PAD_O)
                                                      0.690     0.690 r  clk_IBUF_inst/INBUF_INST/O
                         net (fo=1, routed)           0.000     0.690    clk_IBUF_inst/OUT
    AW17                 IBUFCTRL (Prop_IBUFCTRL_HDIOB_M_I_O)
                                                      0.000     0.690 r  clk_IBUF_inst/IBUFCTRL_INST/O
                         net (fo=1, routed)           0.113     0.803    clk_IBUF
    BUFGCE_HDIO_X0Y2     BUFGCE (Prop_BUFCE_BUFGCE_HDIO_I_O)
                                                      0.019     0.822 r  clk_IBUF_BUFG_inst/O
    X4Y8 (CLOCK_ROOT)    net (fo=1334, routed)        1.915     2.737    gen_vnu[62].u_vnu/clk
    SLICE_X413Y564       FDCE                                         r  gen_vnu[62].u_vnu/M_j_reg[3]/C

Slack:                    inf
  Source:                 lambda_0[3]
                            (input port)
  Destination:            gen_vnu[87].u_vnu/M_j_reg[3]/D
                            (rising edge-triggered cell FDCE clocked by clk  {rise@0.000ns fall@6.000ns period=12.000ns})
  Path Group:             (none)
  Path Type:              Hold (Min at Fast Process Corner)
  Data Path Delay:        0.841ns  (logic 0.404ns (48.033%)  route 0.437ns (51.967%))
  Logic Levels:           3  (IBUFCTRL=1 INBUF=1 LUT6=1)
  Clock Path Skew:        2.734ns (DCD - SCD - CPR)
    Destination Clock Delay (DCD):    2.734ns
    Source Clock Delay      (SCD):    0.000ns
    Clock Pessimism Removal (CPR):    -0.000ns
  Clock Net Delay (Destination): 1.912ns (routing 0.995ns, distribution 0.917ns)

    Location             Delay type                Incr(ns)  Path(ns)    Netlist Resource(s)
  -------------------------------------------------------------------    -------------------
    BA17                                              0.000     0.000 r  lambda_0[3] (IN)
                         net (fo=0)                   0.000     0.000    lambda_0_IBUF[3]_inst/I
    BA17                 INBUF (Prop_INBUF_HDIOB_M_PAD_O)
                                                      0.381     0.381 r  lambda_0_IBUF[3]_inst/INBUF_INST/O
                         net (fo=1, routed)           0.000     0.381    lambda_0_IBUF[3]_inst/OUT
    BA17                 IBUFCTRL (Prop_IBUFCTRL_HDIOB_M_I_O)
                                                      0.000     0.381 r  lambda_0_IBUF[3]_inst/IBUFCTRL_INST/O
                         net (fo=587, routed)         0.420     0.801    gen_vnu[87].u_vnu/lambda_0_IBUF[3]
    SLICE_X404Y564       LUT6 (Prop_H6LUT_SLICEL_I0_O)
                                                      0.023     0.824 r  gen_vnu[87].u_vnu/M_j[3]_i_1__132/O
                         net (fo=1, routed)           0.017     0.841    gen_vnu[87].u_vnu/M_j[3]_i_1__132_n_0
    SLICE_X404Y564       FDCE                                         r  gen_vnu[87].u_vnu/M_j_reg[3]/D
  -------------------------------------------------------------------    -------------------

                         (clock clk rise edge)        0.000     0.000 r  
    AW17                                              0.000     0.000 r  clk (IN)
                         net (fo=0)                   0.000     0.000    clk_IBUF_inst/I
    AW17                 INBUF (Prop_INBUF_HDIOB_M_PAD_O)
                                                      0.690     0.690 r  clk_IBUF_inst/INBUF_INST/O
                         net (fo=1, routed)           0.000     0.690    clk_IBUF_inst/OUT
    AW17                 IBUFCTRL (Prop_IBUFCTRL_HDIOB_M_I_O)
                                                      0.000     0.690 r  clk_IBUF_inst/IBUFCTRL_INST/O
                         net (fo=1, routed)           0.113     0.803    clk_IBUF
    BUFGCE_HDIO_X0Y2     BUFGCE (Prop_BUFCE_BUFGCE_HDIO_I_O)
                                                      0.019     0.822 r  clk_IBUF_BUFG_inst/O
    X4Y8 (CLOCK_ROOT)    net (fo=1334, routed)        1.912     2.734    gen_vnu[87].u_vnu/clk
    SLICE_X404Y564       FDCE                                         r  gen_vnu[87].u_vnu/M_j_reg[3]/C

Slack:                    inf
  Source:                 lambda_0[1]
                            (input port)
  Destination:            gen_vnu[22].u_vnu/M_j_reg[1]/D
                            (rising edge-triggered cell FDCE clocked by clk  {rise@0.000ns fall@6.000ns period=12.000ns})
  Path Group:             (none)
  Path Type:              Hold (Min at Fast Process Corner)
  Data Path Delay:        0.844ns  (logic 0.453ns (53.644%)  route 0.391ns (46.356%))
  Logic Levels:           3  (IBUFCTRL=1 INBUF=1 LUT6=1)
  Clock Path Skew:        2.737ns (DCD - SCD - CPR)
    Destination Clock Delay (DCD):    2.737ns
    Source Clock Delay      (SCD):    0.000ns
    Clock Pessimism Removal (CPR):    -0.000ns
  Clock Net Delay (Destination): 1.915ns (routing 0.995ns, distribution 0.920ns)

    Location             Delay type                Incr(ns)  Path(ns)    Netlist Resource(s)
  -------------------------------------------------------------------    -------------------
    AW15                                              0.000     0.000 r  lambda_0[1] (IN)
                         net (fo=0)                   0.000     0.000    lambda_0_IBUF[1]_inst/I
    AW15                 INBUF (Prop_INBUF_HDIOB_S_PAD_O)
                                                      0.403     0.403 r  lambda_0_IBUF[1]_inst/INBUF_INST/O
                         net (fo=1, routed)           0.000     0.403    lambda_0_IBUF[1]_inst/OUT
    AW15                 IBUFCTRL (Prop_IBUFCTRL_HDIOB_S_I_O)
                                                      0.000     0.403 r  lambda_0_IBUF[1]_inst/IBUFCTRL_INST/O
                         net (fo=1021, routed)        0.375     0.778    gen_vnu[22].u_vnu/lambda_0_IBUF[1]
    SLICE_X415Y573       LUT6 (Prop_G6LUT_SLICEL_I0_O)
                                                      0.050     0.828 r  gen_vnu[22].u_vnu/M_j[1]_i_1__69/O
                         net (fo=1, routed)           0.016     0.844    gen_vnu[22].u_vnu/M_j[1]_i_1__69_n_0
    SLICE_X415Y573       FDCE                                         r  gen_vnu[22].u_vnu/M_j_reg[1]/D
  -------------------------------------------------------------------    -------------------

                         (clock clk rise edge)        0.000     0.000 r  
    AW17                                              0.000     0.000 r  clk (IN)
                         net (fo=0)                   0.000     0.000    clk_IBUF_inst/I
    AW17                 INBUF (Prop_INBUF_HDIOB_M_PAD_O)
                                                      0.690     0.690 r  clk_IBUF_inst/INBUF_INST/O
                         net (fo=1, routed)           0.000     0.690    clk_IBUF_inst/OUT
    AW17                 IBUFCTRL (Prop_IBUFCTRL_HDIOB_M_I_O)
                                                      0.000     0.690 r  clk_IBUF_inst/IBUFCTRL_INST/O
                         net (fo=1, routed)           0.113     0.803    clk_IBUF
    BUFGCE_HDIO_X0Y2     BUFGCE (Prop_BUFCE_BUFGCE_HDIO_I_O)
                                                      0.019     0.822 r  clk_IBUF_BUFG_inst/O
    X4Y8 (CLOCK_ROOT)    net (fo=1334, routed)        1.915     2.737    gen_vnu[22].u_vnu/clk
    SLICE_X415Y573       FDCE                                         r  gen_vnu[22].u_vnu/M_j_reg[1]/C

Slack:                    inf
  Source:                 lambda_0[3]
                            (input port)
  Destination:            gen_vnu[36].u_vnu/M_j_reg[3]/D
                            (rising edge-triggered cell FDCE clocked by clk  {rise@0.000ns fall@6.000ns period=12.000ns})
  Path Group:             (none)
  Path Type:              Hold (Min at Fast Process Corner)
  Data Path Delay:        0.857ns  (logic 0.431ns (50.267%)  route 0.426ns (49.733%))
  Logic Levels:           3  (IBUFCTRL=1 INBUF=1 LUT6=1)
  Clock Path Skew:        2.729ns (DCD - SCD - CPR)
    Destination Clock Delay (DCD):    2.729ns
    Source Clock Delay      (SCD):    0.000ns
    Clock Pessimism Removal (CPR):    -0.000ns
  Clock Net Delay (Destination): 1.907ns (routing 0.995ns, distribution 0.912ns)

    Location             Delay type                Incr(ns)  Path(ns)    Netlist Resource(s)
  -------------------------------------------------------------------    -------------------
    BA17                                              0.000     0.000 r  lambda_0[3] (IN)
                         net (fo=0)                   0.000     0.000    lambda_0_IBUF[3]_inst/I
    BA17                 INBUF (Prop_INBUF_HDIOB_M_PAD_O)
                                                      0.381     0.381 r  lambda_0_IBUF[3]_inst/INBUF_INST/O
                         net (fo=1, routed)           0.000     0.381    lambda_0_IBUF[3]_inst/OUT
    BA17                 IBUFCTRL (Prop_IBUFCTRL_HDIOB_M_I_O)
                                                      0.000     0.381 r  lambda_0_IBUF[3]_inst/IBUFCTRL_INST/O
                         net (fo=587, routed)         0.400     0.781    gen_vnu[36].u_vnu/lambda_0_IBUF[3]
    SLICE_X402Y564       LUT6 (Prop_D6LUT_SLICEM_I0_O)
                                                      0.050     0.831 r  gen_vnu[36].u_vnu/M_j[3]_i_1__65/O
                         net (fo=1, routed)           0.026     0.857    gen_vnu[36].u_vnu/M_j[3]_i_1__65_n_0
    SLICE_X402Y564       FDCE                                         r  gen_vnu[36].u_vnu/M_j_reg[3]/D
  -------------------------------------------------------------------    -------------------

                         (clock clk rise edge)        0.000     0.000 r  
    AW17                                              0.000     0.000 r  clk (IN)
                         net (fo=0)                   0.000     0.000    clk_IBUF_inst/I
    AW17                 INBUF (Prop_INBUF_HDIOB_M_PAD_O)
                                                      0.690     0.690 r  clk_IBUF_inst/INBUF_INST/O
                         net (fo=1, routed)           0.000     0.690    clk_IBUF_inst/OUT
    AW17                 IBUFCTRL (Prop_IBUFCTRL_HDIOB_M_I_O)
                                                      0.000     0.690 r  clk_IBUF_inst/IBUFCTRL_INST/O
                         net (fo=1, routed)           0.113     0.803    clk_IBUF
    BUFGCE_HDIO_X0Y2     BUFGCE (Prop_BUFCE_BUFGCE_HDIO_I_O)
                                                      0.019     0.822 r  clk_IBUF_BUFG_inst/O
    X4Y8 (CLOCK_ROOT)    net (fo=1334, routed)        1.907     2.729    gen_vnu[36].u_vnu/clk
    SLICE_X402Y564       FDCE                                         r  gen_vnu[36].u_vnu/M_j_reg[3]/C

Slack:                    inf
  Source:                 lambda_0[3]
                            (input port)
  Destination:            gen_vnu[90].u_vnu/M_j_reg[3]/D
                            (rising edge-triggered cell FDCE clocked by clk  {rise@0.000ns fall@6.000ns period=12.000ns})
  Path Group:             (none)
  Path Type:              Hold (Min at Fast Process Corner)
  Data Path Delay:        0.874ns  (logic 0.440ns (50.336%)  route 0.434ns (49.664%))
  Logic Levels:           3  (IBUFCTRL=1 INBUF=1 LUT6=1)
  Clock Path Skew:        2.748ns (DCD - SCD - CPR)
    Destination Clock Delay (DCD):    2.748ns
    Source Clock Delay      (SCD):    0.000ns
    Clock Pessimism Removal (CPR):    -0.000ns
  Clock Net Delay (Destination): 1.926ns (routing 0.995ns, distribution 0.931ns)

    Location             Delay type                Incr(ns)  Path(ns)    Netlist Resource(s)
  -------------------------------------------------------------------    -------------------
    BA17                                              0.000     0.000 r  lambda_0[3] (IN)
                         net (fo=0)                   0.000     0.000    lambda_0_IBUF[3]_inst/I
    BA17                 INBUF (Prop_INBUF_HDIOB_M_PAD_O)
                                                      0.381     0.381 r  lambda_0_IBUF[3]_inst/INBUF_INST/O
                         net (fo=1, routed)           0.000     0.381    lambda_0_IBUF[3]_inst/OUT
    BA17                 IBUFCTRL (Prop_IBUFCTRL_HDIOB_M_I_O)
                                                      0.000     0.381 r  lambda_0_IBUF[3]_inst/IBUFCTRL_INST/O
                         net (fo=587, routed)         0.418     0.799    gen_vnu[90].u_vnu/lambda_0_IBUF[3]
    SLICE_X417Y558       LUT6 (Prop_D6LUT_SLICEL_I0_O)
                                                      0.059     0.858 r  gen_vnu[90].u_vnu/M_j[3]_i_1__133/O
                         net (fo=1, routed)           0.016     0.874    gen_vnu[90].u_vnu/M_j[3]_i_1__133_n_0
    SLICE_X417Y558       FDCE                                         r  gen_vnu[90].u_vnu/M_j_reg[3]/D
  -------------------------------------------------------------------    -------------------

                         (clock clk rise edge)        0.000     0.000 r  
    AW17                                              0.000     0.000 r  clk (IN)
                         net (fo=0)                   0.000     0.000    clk_IBUF_inst/I
    AW17                 INBUF (Prop_INBUF_HDIOB_M_PAD_O)
                                                      0.690     0.690 r  clk_IBUF_inst/INBUF_INST/O
                         net (fo=1, routed)           0.000     0.690    clk_IBUF_inst/OUT
    AW17                 IBUFCTRL (Prop_IBUFCTRL_HDIOB_M_I_O)
                                                      0.000     0.690 r  clk_IBUF_inst/IBUFCTRL_INST/O
                         net (fo=1, routed)           0.113     0.803    clk_IBUF
    BUFGCE_HDIO_X0Y2     BUFGCE (Prop_BUFCE_BUFGCE_HDIO_I_O)
                                                      0.019     0.822 r  clk_IBUF_BUFG_inst/O
    X4Y8 (CLOCK_ROOT)    net (fo=1334, routed)        1.926     2.748    gen_vnu[90].u_vnu/clk
    SLICE_X417Y558       FDCE                                         r  gen_vnu[90].u_vnu/M_j_reg[3]/C

Slack:                    inf
  Source:                 lambda_0[3]
                            (input port)
  Destination:            gen_vnu[9].u_vnu/M_j_reg[3]/D
                            (rising edge-triggered cell FDCE clocked by clk  {rise@0.000ns fall@6.000ns period=12.000ns})
  Path Group:             (none)
  Path Type:              Hold (Min at Fast Process Corner)
  Data Path Delay:        0.876ns  (logic 0.421ns (48.043%)  route 0.455ns (51.957%))
  Logic Levels:           3  (IBUFCTRL=1 INBUF=1 LUT6=1)
  Clock Path Skew:        2.726ns (DCD - SCD - CPR)
    Destination Clock Delay (DCD):    2.726ns
    Source Clock Delay      (SCD):    0.000ns
    Clock Pessimism Removal (CPR):    -0.000ns
  Clock Net Delay (Destination): 1.904ns (routing 0.995ns, distribution 0.909ns)

    Location             Delay type                Incr(ns)  Path(ns)    Netlist Resource(s)
  -------------------------------------------------------------------    -------------------
    BA17                                              0.000     0.000 r  lambda_0[3] (IN)
                         net (fo=0)                   0.000     0.000    lambda_0_IBUF[3]_inst/I
    BA17                 INBUF (Prop_INBUF_HDIOB_M_PAD_O)
                                                      0.381     0.381 r  lambda_0_IBUF[3]_inst/INBUF_INST/O
                         net (fo=1, routed)           0.000     0.381    lambda_0_IBUF[3]_inst/OUT
    BA17                 IBUFCTRL (Prop_IBUFCTRL_HDIOB_M_I_O)
                                                      0.000     0.381 r  lambda_0_IBUF[3]_inst/IBUFCTRL_INST/O
                         net (fo=587, routed)         0.437     0.818    gen_vnu[9].u_vnu/lambda_0_IBUF[3]
    SLICE_X404Y569       LUT6 (Prop_F6LUT_SLICEL_I0_O)
                                                      0.040     0.858 r  gen_vnu[9].u_vnu/M_j[3]_i_1__125/O
                         net (fo=1, routed)           0.018     0.876    gen_vnu[9].u_vnu/M_j[3]_i_1__125_n_0
    SLICE_X404Y569       FDCE                                         r  gen_vnu[9].u_vnu/M_j_reg[3]/D
  -------------------------------------------------------------------    -------------------

                         (clock clk rise edge)        0.000     0.000 r  
    AW17                                              0.000     0.000 r  clk (IN)
                         net (fo=0)                   0.000     0.000    clk_IBUF_inst/I
    AW17                 INBUF (Prop_INBUF_HDIOB_M_PAD_O)
                                                      0.690     0.690 r  clk_IBUF_inst/INBUF_INST/O
                         net (fo=1, routed)           0.000     0.690    clk_IBUF_inst/OUT
    AW17                 IBUFCTRL (Prop_IBUFCTRL_HDIOB_M_I_O)
                                                      0.000     0.690 r  clk_IBUF_inst/IBUFCTRL_INST/O
                         net (fo=1, routed)           0.113     0.803    clk_IBUF
    BUFGCE_HDIO_X0Y2     BUFGCE (Prop_BUFCE_BUFGCE_HDIO_I_O)
                                                      0.019     0.822 r  clk_IBUF_BUFG_inst/O
    X4Y8 (CLOCK_ROOT)    net (fo=1334, routed)        1.904     2.726    gen_vnu[9].u_vnu/clk
    SLICE_X404Y569       FDCE                                         r  gen_vnu[9].u_vnu/M_j_reg[3]/C

Slack:                    inf
  Source:                 lambda_0[0]
                            (input port)
  Destination:            gen_vnu[125].u_vnu/M_j_reg[0]/D
                            (rising edge-triggered cell FDCE clocked by clk  {rise@0.000ns fall@6.000ns period=12.000ns})
  Path Group:             (none)
  Path Type:              Hold (Min at Fast Process Corner)
  Data Path Delay:        0.881ns  (logic 0.419ns (47.533%)  route 0.462ns (52.467%))
  Logic Levels:           3  (IBUFCTRL=1 INBUF=1 LUT6=1)
  Clock Path Skew:        2.748ns (DCD - SCD - CPR)
    Destination Clock Delay (DCD):    2.748ns
    Source Clock Delay      (SCD):    0.000ns
    Clock Pessimism Removal (CPR):    -0.000ns
  Clock Net Delay (Destination): 1.927ns (routing 0.995ns, distribution 0.932ns)

    Location             Delay type                Incr(ns)  Path(ns)    Netlist Resource(s)
  -------------------------------------------------------------------    -------------------
    AW16                                              0.000     0.000 r  lambda_0[0] (IN)
                         net (fo=0)                   0.000     0.000    lambda_0_IBUF[0]_inst/I
    AW16                 INBUF (Prop_INBUF_HDIOB_M_PAD_O)
                                                      0.404     0.404 r  lambda_0_IBUF[0]_inst/INBUF_INST/O
                         net (fo=1, routed)           0.000     0.404    lambda_0_IBUF[0]_inst/OUT
    AW16                 IBUFCTRL (Prop_IBUFCTRL_HDIOB_M_I_O)
                                                      0.000     0.404 r  lambda_0_IBUF[0]_inst/IBUFCTRL_INST/O
                         net (fo=733, routed)         0.445     0.849    gen_vnu[125].u_vnu/lambda_0_IBUF[0]
    SLICE_X409Y558       LUT6 (Prop_H6LUT_SLICEL_I0_O)
                                                      0.015     0.864 r  gen_vnu[125].u_vnu/M_j[0]_i_1__139/O
                         net (fo=1, routed)           0.017     0.881    gen_vnu[125].u_vnu/M_j[0]_i_1__139_n_0
    SLICE_X409Y558       FDCE                                         r  gen_vnu[125].u_vnu/M_j_reg[0]/D
  -------------------------------------------------------------------    -------------------

                         (clock clk rise edge)        0.000     0.000 r  
    AW17                                              0.000     0.000 r  clk (IN)
                         net (fo=0)                   0.000     0.000    clk_IBUF_inst/I
    AW17                 INBUF (Prop_INBUF_HDIOB_M_PAD_O)
                                                      0.690     0.690 r  clk_IBUF_inst/INBUF_INST/O
                         net (fo=1, routed)           0.000     0.690    clk_IBUF_inst/OUT
    AW17                 IBUFCTRL (Prop_IBUFCTRL_HDIOB_M_I_O)
                                                      0.000     0.690 r  clk_IBUF_inst/IBUFCTRL_INST/O
                         net (fo=1, routed)           0.113     0.803    clk_IBUF
    BUFGCE_HDIO_X0Y2     BUFGCE (Prop_BUFCE_BUFGCE_HDIO_I_O)
                                                      0.019     0.822 r  clk_IBUF_BUFG_inst/O
    X4Y8 (CLOCK_ROOT)    net (fo=1334, routed)        1.927     2.748    gen_vnu[125].u_vnu/clk
    SLICE_X409Y558       FDCE                                         r  gen_vnu[125].u_vnu/M_j_reg[0]/C

Slack:                    inf
  Source:                 lambda_0[3]
                            (input port)
  Destination:            gen_vnu[100].u_vnu/M_j_reg[3]/D
                            (rising edge-triggered cell FDCE clocked by clk  {rise@0.000ns fall@6.000ns period=12.000ns})
  Path Group:             (none)
  Path Type:              Hold (Min at Fast Process Corner)
  Data Path Delay:        0.884ns  (logic 0.403ns (45.601%)  route 0.481ns (54.399%))
  Logic Levels:           3  (IBUFCTRL=1 INBUF=1 LUT6=1)
  Clock Path Skew:        2.740ns (DCD - SCD - CPR)
    Destination Clock Delay (DCD):    2.740ns
    Source Clock Delay      (SCD):    0.000ns
    Clock Pessimism Removal (CPR):    -0.000ns
  Clock Net Delay (Destination): 1.918ns (routing 0.995ns, distribution 0.923ns)

    Location             Delay type                Incr(ns)  Path(ns)    Netlist Resource(s)
  -------------------------------------------------------------------    -------------------
    BA17                                              0.000     0.000 r  lambda_0[3] (IN)
                         net (fo=0)                   0.000     0.000    lambda_0_IBUF[3]_inst/I
    BA17                 INBUF (Prop_INBUF_HDIOB_M_PAD_O)
                                                      0.381     0.381 r  lambda_0_IBUF[3]_inst/INBUF_INST/O
                         net (fo=1, routed)           0.000     0.381    lambda_0_IBUF[3]_inst/OUT
    BA17                 IBUFCTRL (Prop_IBUFCTRL_HDIOB_M_I_O)
                                                      0.000     0.381 r  lambda_0_IBUF[3]_inst/IBUFCTRL_INST/O
                         net (fo=587, routed)         0.465     0.846    gen_vnu[100].u_vnu/lambda_0_IBUF[3]
    SLICE_X410Y562       LUT6 (Prop_G6LUT_SLICEL_I0_O)
                                                      0.022     0.868 r  gen_vnu[100].u_vnu/M_j[3]_i_1__134/O
                         net (fo=1, routed)           0.016     0.884    gen_vnu[100].u_vnu/M_j[3]_i_1__134_n_0
    SLICE_X410Y562       FDCE                                         r  gen_vnu[100].u_vnu/M_j_reg[3]/D
  -------------------------------------------------------------------    -------------------

                         (clock clk rise edge)        0.000     0.000 r  
    AW17                                              0.000     0.000 r  clk (IN)
                         net (fo=0)                   0.000     0.000    clk_IBUF_inst/I
    AW17                 INBUF (Prop_INBUF_HDIOB_M_PAD_O)
                                                      0.690     0.690 r  clk_IBUF_inst/INBUF_INST/O
                         net (fo=1, routed)           0.000     0.690    clk_IBUF_inst/OUT
    AW17                 IBUFCTRL (Prop_IBUFCTRL_HDIOB_M_I_O)
                                                      0.000     0.690 r  clk_IBUF_inst/IBUFCTRL_INST/O
                         net (fo=1, routed)           0.113     0.803    clk_IBUF
    BUFGCE_HDIO_X0Y2     BUFGCE (Prop_BUFCE_BUFGCE_HDIO_I_O)
                                                      0.019     0.822 r  clk_IBUF_BUFG_inst/O
    X4Y8 (CLOCK_ROOT)    net (fo=1334, routed)        1.918     2.740    gen_vnu[100].u_vnu/clk
    SLICE_X410Y562       FDCE                                         r  gen_vnu[100].u_vnu/M_j_reg[3]/C

Slack:                    inf
  Source:                 lambda_0[3]
                            (input port)
  Destination:            gen_vnu[104].u_vnu/M_j_reg[3]/D
                            (rising edge-triggered cell FDCE clocked by clk  {rise@0.000ns fall@6.000ns period=12.000ns})
  Path Group:             (none)
  Path Type:              Hold (Min at Fast Process Corner)
  Data Path Delay:        0.890ns  (logic 0.422ns (47.425%)  route 0.468ns (52.575%))
  Logic Levels:           3  (IBUFCTRL=1 INBUF=1 LUT6=1)
  Clock Path Skew:        2.729ns (DCD - SCD - CPR)
    Destination Clock Delay (DCD):    2.729ns
    Source Clock Delay      (SCD):    0.000ns
    Clock Pessimism Removal (CPR):    -0.000ns
  Clock Net Delay (Destination): 1.907ns (routing 0.995ns, distribution 0.912ns)

    Location             Delay type                Incr(ns)  Path(ns)    Netlist Resource(s)
  -------------------------------------------------------------------    -------------------
    BA17                                              0.000     0.000 r  lambda_0[3] (IN)
                         net (fo=0)                   0.000     0.000    lambda_0_IBUF[3]_inst/I
    BA17                 INBUF (Prop_INBUF_HDIOB_M_PAD_O)
                                                      0.381     0.381 r  lambda_0_IBUF[3]_inst/INBUF_INST/O
                         net (fo=1, routed)           0.000     0.381    lambda_0_IBUF[3]_inst/OUT
    BA17                 IBUFCTRL (Prop_IBUFCTRL_HDIOB_M_I_O)
                                                      0.000     0.381 r  lambda_0_IBUF[3]_inst/IBUFCTRL_INST/O
                         net (fo=587, routed)         0.447     0.828    gen_vnu[104].u_vnu/lambda_0_IBUF[3]
    SLICE_X402Y561       LUT6 (Prop_H6LUT_SLICEM_I0_O)
                                                      0.041     0.869 r  gen_vnu[104].u_vnu/M_j[3]_i_1__136/O
                         net (fo=1, routed)           0.021     0.890    gen_vnu[104].u_vnu/M_j[3]_i_1__136_n_0
    SLICE_X402Y561       FDCE                                         r  gen_vnu[104].u_vnu/M_j_reg[3]/D
  -------------------------------------------------------------------    -------------------

                         (clock clk rise edge)        0.000     0.000 r  
    AW17                                              0.000     0.000 r  clk (IN)
                         net (fo=0)                   0.000     0.000    clk_IBUF_inst/I
    AW17                 INBUF (Prop_INBUF_HDIOB_M_PAD_O)
                                                      0.690     0.690 r  clk_IBUF_inst/INBUF_INST/O
                         net (fo=1, routed)           0.000     0.690    clk_IBUF_inst/OUT
    AW17                 IBUFCTRL (Prop_IBUFCTRL_HDIOB_M_I_O)
                                                      0.000     0.690 r  clk_IBUF_inst/IBUFCTRL_INST/O
                         net (fo=1, routed)           0.113     0.803    clk_IBUF
    BUFGCE_HDIO_X0Y2     BUFGCE (Prop_BUFCE_BUFGCE_HDIO_I_O)
                                                      0.019     0.822 r  clk_IBUF_BUFG_inst/O
    X4Y8 (CLOCK_ROOT)    net (fo=1334, routed)        1.907     2.729    gen_vnu[104].u_vnu/clk
    SLICE_X402Y561       FDCE                                         r  gen_vnu[104].u_vnu/M_j_reg[3]/C





