0
1
2
3
4
5
6
7
8
9
a
b
c
d
e
f
10
11
12
13
14
15
16
17
18
21c0
21c0
21c0
21c0
21c0
21c0
21c0
21c0
21c0
21c0
0
19
1a
1b
1c
1d
1e
1f
20
21
22
23
24
25
26
27
28
29
2a
2b
2c
2d
2e
2f
30
21c0
21c0
21c0
21c0
21c0
21c0
21c0
21c0
21c0
21c0
19
31
32
33
34
35
36
37
38
39
3a
3b
3c
3d
3e
3f
40
41
42
43
44
45
46
47
48
21c0
21c0
21c0
21c0
21c0
21c0
21c0
21c0
21c0
21c0
31
49
4a
4b
4c
4d
4e
4f
50
51
52
53
54
55
56
57
58
59
5a
5b
5c
5d
5e
5f
60
21c0
21c0
21c0
21c0
21c0
21c0
21c0
21c0
21c0
21c0
49
61
62
63
64
65
66
67
68
69
6a
6b
6c
6d
6e
6f
70
71
72
73
74
75
76
77
78
21c0
21c0
21c0
21c0
21c0
21c0
21c0
21c0
21c0
21c0
1
61
79
7a
7b
7c
7d
7e
7f
80
81
82
83
84
85
86
87
88
89
8a
8b
8c
8d
8e
8f
21c0
21c0
21c0
21c0
21c0
21c0
21c0
21c0
21c0
21c0
2
3
4
5
6
4a
4b
4c
79
90
91
92
93
94
95
96
97
98
99
9a
9b
9c
9d
9e
9f
21c0
21c0
21c0
21c0
21c0
21c0
21c0
21c0
21c0
21c0
7
1a
1b
1c
1d
1e
62
63
64
90
a0
a1
a2
a3
a4
a5
a6
a7
a8
a9
aa
ab
ac
ad
ae
21c0
21c0
21c0
21c0
21c0
21c0
21c0
21c0
21c0
21c0
1f
32
33
34
35
36
7a
7b
7c
a0
af
b0
b1
b2
b3
b4
b5
b6
b7
b8
b9
ba
bb
bc
bd
21c0
21c0
21c0
21c0
21c0
21c0
21c0
21c0
21c0
21c0
8
9
a
37
4d
4e
4f
50
51
af
be
bf
c0
c1
c2
c3
c4
c5
c6
c7
c8
c9
ca
cb
cc
21c0
21c0
21c0
21c0
21c0
21c0
21c0
21c0
21c0
21c0
20
21
22
52
65
66
67
68
69
be
cd
ce
cf
d0
d1
d2
d3
d4
d5
d6
d7
d8
d9
da
db
21c0
21c0
21c0
21c0
21c0
21c0
21c0
21c0
21c0
21c0
38
39
3a
6a
7d
7e
7f
80
81
91
cd
dc
dd
de
df
e0
e1
e2
e3
e4
e5
e6
e7
e8
e9
21c0
21c0
21c0
21c0
21c0
21c0
21c0
21c0
21c0
21c0
38
3b
4d
4e
4f
53
79
92
93
94
95
ea
eb
ec
ed
ee
ef
f0
f1
f2
f3
f4
f5
f6
f7
21c0
21c0
21c0
21c0
21c0
21c0
21c0
21c0
21c0
21c0
7
4a
54
65
66
67
6b
a1
a2
a3
a4
ea
f8
f9
fa
fb
fc
fd
fe
ff
100
101
102
103
104
21c0
21c0
21c0
21c0
21c0
21c0
21c0
21c0
21c0
21c0
1f
62
6c
7d
7e
7f
82
b0
b1
b2
b3
f8
105
106
107
108
109
10a
10b
10c
10d
10e
10f
110
111
21c0
21c0
21c0
21c0
21c0
21c0
21c0
21c0
21c0
21c0
2
3
4
b
37
7a
83
bf
c0
c1
c2
105
112
113
114
115
116
117
118
119
11a
11b
11c
11d
11e
21c0
21c0
21c0
21c0
21c0
21c0
21c0
21c0
21c0
21c0
8
c
1a
1b
1c
23
52
ce
cf
d0
d1
112
11f
120
121
122
123
124
125
126
127
128
129
12a
12b
21c0
21c0
21c0
21c0
21c0
21c0
21c0
21c0
21c0
21c0
20
24
32
33
34
3c
6a
dc
dd
de
df
eb
11f
12c
12d
12e
12f
130
131
132
133
134
135
136
137
21c0
21c0
21c0
21c0
21c0
21c0
21c0
21c0
21c0
21c0
25
33
35
37
38
3b
3d
3e
3f
bf
c0
c3
ec
ed
ee
138
139
13a
13b
13c
13d
13e
13f
140
141
21c0
21c0
21c0
21c0
21c0
21c0
21c0
21c0
21c0
21c0
3d
4a
4e
50
52
54
55
56
57
ce
cf
d2
f9
fa
fb
142
143
144
145
146
147
148
149
14a
14b
21c0
21c0
21c0
21c0
21c0
21c0
21c0
21c0
21c0
21c0
55
62
66
68
6a
6c
6d
6e
6f
dc
dd
e0
106
107
108
14c
14d
14e
14f
150
151
152
153
154
155
21c0
21c0
21c0
21c0
21c0
21c0
21c0
21c0
21c0
21c0
6d
79
7a
7e
80
83
84
85
86
92
93
96
113
114
115
156
157
158
159
15a
15b
15c
15d
15e
15f
21c0
21c0
21c0
21c0
21c0
21c0
21c0
21c0
21c0
21c0
3
5
7
8
c
d
e
f
84
a1
a2
a5
120
121
122
160
161
162
163
164
165
166
167
168
169
21c0
21c0
21c0
21c0
21c0
21c0
21c0
21c0
21c0
21c0
d
1b
1d
1f
20
24
25
26
27
b0
b1
b4
12c
12d
12e
16a
16b
16c
16d
16e
16f
170
171
172
173
21c0
21c0
21c0
21c0
21c0
21c0
21c0
21c0
21c0
21c0
33
35
7a
a6
b1
b2
b5
b6
b7
113
114
116
138
139
13a
174
175
176
177
178
179
17a
17b
17c
17d
21c0
21c0
21c0
21c0
21c0
21c0
21c0
21c0
21c0
21c0
8
4e
50
b5
c0
c1
c4
c5
c6
120
121
123
142
143
144
17e
17f
180
181
182
183
184
185
186
187
21c0
21c0
21c0
21c0
21c0
21c0
21c0
21c0
21c0
21c0
20
66
68
c4
cf
d0
d3
d4
d5
12c
12d
12f
14c
14d
14e
188
189
18a
18b
18c
18d
18e
18f
190
191
21c0
21c0
21c0
21c0
21c0
21c0
21c0
21c0
21c0
21c0
38
7e
80
d3
dd
de
e1
e2
e3
ec
ed
ef
156
157
158
192
193
194
195
196
197
198
199
19a
19b
21c0
21c0
21c0
21c0
21c0
21c0
21c0
21c0
21c0
21c0
3
5
4a
93
94
97
98
99
e1
f9
fa
fc
160
161
162
19c
19d
19e
19f
1a0
1a1
1a2
1a3
1a4
1a5
21c0
21c0
21c0
21c0
21c0
21c0
21c0
21c0
21c0
21c0
1b
1d
62
97
a2
a3
a6
a7
a8
106
107
109
16a
16b
16c
1a6
1a7
1a8
1a9
1aa
1ab
1ac
1ad
1ae
1af
21c0
21c0
21c0
21c0
21c0
21c0
21c0
21c0
21c0
21c0
7e
b1
b2
fd
107
108
10a
10b
10c
156
157
159
174
175
176
1b0
1b1
1b2
1b3
1b4
1b5
1b6
1b7
1b8
1b9
21c0
21c0
21c0
21c0
21c0
21c0
21c0
21c0
21c0
21c0
3
c0
c1
10a
114
115
117
118
119
160
161
163
17e
17f
180
1ba
1bb
1bc
1bd
1be
1bf
1c0
1c1
1c2
1c3
21c0
21c0
21c0
21c0
21c0
21c0
21c0
21c0
21c0
21c0
1b
cf
d0
117
121
122
124
125
126
16a
16b
16d
188
189
18a
1c4
1c5
1c6
1c7
1c8
1c9
1ca
1cb
1cc
1cd
21c0
21c0
21c0
21c0
21c0
21c0
21c0
21c0
21c0
21c0
33
dd
de
124
12d
12e
130
131
132
138
139
13b
192
193
194
1ce
1cf
1d0
1d1
1d2
1d3
1d4
1d5
1d6
1d7
21c0
21c0
21c0
21c0
21c0
21c0
21c0
21c0
21c0
21c0
4e
93
94
ed
ee
f0
f1
f2
130
142
143
145
19c
19d
19e
1d8
1d9
1da
1db
1dc
1dd
1de
1df
1e0
1e1
21c0
21c0
21c0
21c0
21c0
21c0
21c0
21c0
21c0
21c0
66
a2
a3
f0
fa
fb
fd
fe
ff
14c
14d
14f
1a6
1a7
1a8
1e2
1e3
1e4
1e5
1e6
1e7
1e8
1e9
1ea
1eb
21c0
21c0
21c0
21c0
21c0
21c0
21c0
21c0
21c0
21c0
dd
107
108
146
14d
14e
150
151
152
192
193
195
1b0
1b1
1b2
1ec
1ed
1ee
1ef
1f0
1f1
1f2
1f3
1f4
1f5
21c0
21c0
21c0
21c0
21c0
21c0
21c0
21c0
21c0
21c0
93
114
115
150
157
158
15a
15b
15c
19c
19d
19f
1ba
1bb
1bc
1f6
1f7
1f8
1f9
1fa
1fb
1fc
1fd
1fe
1ff
21c0
21c0
21c0
21c0
21c0
21c0
21c0
21c0
21c0
21c0
a2
121
122
15a
161
162
164
165
166
1a6
1a7
1a9
1c4
1c5
1c6
200
201
202
203
204
205
206
207
208
209
21c0
21c0
21c0
21c0
21c0
21c0
21c0
21c0
21c0
21c0
b1
12d
12e
164
16b
16c
16e
16f
170
174
175
177
1ce
1cf
1d0
20a
20b
20c
20d
20e
20f
210
211
212
213
21c0
21c0
21c0
21c0
21c0
21c0
21c0
21c0
21c0
21c0
c0
ed
ee
139
13a
13c
13d
13e
16e
17e
17f
181
1d8
1d9
1da
214
215
216
217
218
219
21a
21b
21c
21d
21c0
21c0
21c0
21c0
21c0
21c0
21c0
21c0
21c0
21c0
cf
fa
fb
13c
143
144
146
147
148
188
189
18b
1e2
1e3
1e4
21e
21f
220
221
222
223
224
225
226
227
21c0
21c0
21c0
21c0
21c0
21c0
21c0
21c0
21c0
21c0
28
12d
14d
14e
182
189
18a
18c
18d
18e
1ce
1cf
1d1
1ec
1ed
1ee
228
229
22a
22b
22c
22d
22e
22f
230
21c0
21c0
21c0
21c0
21c0
21c0
21c0
21c0
21c0
21c0
40
ed
157
158
18c
193
194
196
197
198
1d8
1d9
1db
1f6
1f7
1f8
231
232
233
234
235
236
237
238
239
21c0
21c0
21c0
21c0
21c0
21c0
21c0
21c0
21c0
21c0
58
fa
161
162
196
19d
19e
1a0
1a1
1a2
1e2
1e3
1e5
200
201
202
23a
23b
23c
23d
23e
23f
240
241
242
21c0
21c0
21c0
21c0
21c0
21c0
21c0
21c0
21c0
21c0
70
107
16b
16c
1a0
1a7
1a8
1aa
1ab
1ac
1b0
1b1
1b3
20a
20b
20c
243
244
245
246
247
248
249
24a
24b
21c0
21c0
21c0
21c0
21c0
21c0
21c0
21c0
21c0
21c0
87
114
139
13a
175
176
178
179
17a
1aa
1ba
1bb
1bd
214
215
216
24c
24d
24e
24f
250
251
252
253
254
21c0
21c0
21c0
21c0
21c0
21c0
21c0
21c0
21c0
21c0
10
121
143
144
178
17f
180
182
183
184
1c4
1c5
1c7
21e
21f
220
255
256
257
258
259
25a
25b
25c
25d
21c0
21c0
21c0
21c0
21c0
21c0
21c0
21c0
21c0
21c0
28
63
71
16b
189
18a
1be
1c5
1c6
1c8
1c9
1ca
20a
20b
20d
228
229
25e
25f
260
261
262
263
264
265
21c0
21c0
21c0
21c0
21c0
21c0
21c0
21c0
21c0
21c0
40
7b
88
139
193
194
1c8
1cf
1d0
1d2
1d3
1d4
214
215
217
231
232
266
267
268
269
26a
26b
26c
26d
21c0
21c0
21c0
21c0
21c0
21c0
21c0
21c0
21c0
21c0
9
11
58
143
19d
19e
1d2
1d9
1da
1dc
1dd
1de
21e
21f
221
23a
23b
26e
26f
270
271
272
273
274
275
21c0
21c0
21c0
21c0
21c0
21c0
21c0
21c0
21c0
21c0
21
29
70
14d
1a7
1a8
1dc
1e3
1e4
1e6
1e7
1e8
1ec
1ed
1ef
243
244
276
277
278
279
27a
27b
27c
27d
21c0
21c0
21c0
21c0
21c0
21c0
21c0
21c0
21c0
21c0
39
41
87
157
175
176
1b1
1b2
1b4
1b5
1b6
1e6
1f6
1f7
1f9
24c
24d
27e
27f
280
281
282
283
284
285
21c0
21c0
21c0
21c0
21c0
21c0
21c0
21c0
21c0
21c0
10
4b
59
161
17f
180
1b4
1bb
1bc
1be
1bf
1c0
200
201
203
255
256
286
287
288
289
28a
28b
28c
28d
21c0
21c0
21c0
21c0
21c0
21c0
21c0
21c0
21c0
21c0
61
63
67
69
70
71
72
73
1a7
1c5
1c6
1fa
201
202
204
205
206
243
245
25e
28e
28f
290
291
292
21c0
21c0
21c0
21c0
21c0
21c0
21c0
21c0
21c0
21c0
1
7b
7f
81
87
88
89
8a
175
1cf
1d0
204
20b
20c
20e
20f
210
24c
24e
266
293
294
295
296
297
21c0
21c0
21c0
21c0
21c0
21c0
21c0
21c0
21c0
21c0
0
4
6
9
10
11
12
13
17f
1d9
1da
20e
215
216
218
219
21a
255
257
26e
298
299
29a
29b
29c
21c0
21c0
21c0
21c0
21c0
21c0
21c0
21c0
21c0
21c0
19
1c
1e
21
28
29
2a
2b
189
1e3
1e4
218
21f
220
222
223
224
228
22a
276
29d
29e
29f
2a0
2a1
21c0
21c0
21c0
21c0
21c0
21c0
21c0
21c0
21c0
21c0
31
34
36
39
40
41
42
43
193
1b1
1b2
1ed
1ee
1f0
1f1
1f2
222
231
233
27e
2a2
2a3
2a4
2a5
2a6
21c0
21c0
21c0
21c0
21c0
21c0
21c0
21c0
21c0
21c0
49
4b
4f
51
58
59
5a
5b
19d
1bb
1bc
1f0
1f7
1f8
1fa
1fb
1fc
23a
23c
286
2a7
2a8
2a9
2aa
2ab
21c0
21c0
21c0
21c0
21c0
21c0
21c0
21c0
21c0
21c0
21
52
58
5c
5d
67
69
cd
d1
d6
d7
1e3
201
202
234
23b
23d
23e
23f
276
277
28e
2ac
2ad
2ae
21c0
21c0
21c0
21c0
21c0
21c0
21c0
21c0
21c0
21c0
39
6a
70
74
75
7f
81
91
df
e4
e5
1b1
20b
20c
23d
244
246
247
248
27e
27f
293
2af
2b0
2b1
21c0
21c0
21c0
21c0
21c0
21c0
21c0
21c0
21c0
21c0
4
6
4b
79
87
8b
8c
90
95
9a
9b
1bb
215
216
246
24d
24f
250
251
286
287
298
2b2
2b3
2b4
21c0
21c0
21c0
21c0
21c0
21c0
21c0
21c0
21c0
21c0
7
10
14
15
1c
1e
63
a0
a4
a9
aa
1c5
21f
220
24f
256
258
259
25a
25e
25f
29d
2b5
2b6
2b7
21c0
21c0
21c0
21c0
21c0
21c0
21c0
21c0
21c0
21c0
1f
28
2c
2d
34
36
7b
af
b3
b8
b9
1cf
1ed
1ee
229
22b
22c
22d
258
266
267
2a2
2b8
2b9
2ba
21c0
21c0
21c0
21c0
21c0
21c0
21c0
21c0
21c0
21c0
9
37
40
44
45
4f
51
be
c2
c7
c8
1d9
1f7
1f8
22b
232
234
235
236
26e
26f
2a7
2bb
2bc
2bd
21c0
21c0
21c0
21c0
21c0
21c0
21c0
21c0
21c0
21c0
8
9
a
c
11
1c
52
58
5c
c9
d1
11f
127
128
21f
23b
268
270
271
272
29d
29e
2be
2bf
2c0
21c0
21c0
21c0
21c0
21c0
21c0
21c0
21c0
21c0
21c0
20
21
22
24
29
34
6a
70
74
d8
df
eb
133
134
1ed
244
270
278
279
27a
2a2
2a3
2c1
2c2
2c3
21c0
21c0
21c0
21c0
21c0
21c0
21c0
21c0
21c0
21c0
38
39
3a
3b
41
4f
79
87
8b
95
e6
ea
f3
f4
1f7
24d
278
280
281
282
2a7
2a8
2c4
2c5
2c6
21c0
21c0
21c0
21c0
21c0
21c0
21c0
21c0
21c0
21c0
7
10
14
4a
4b
4c
54
59
67
9c
a4
f8
100
101
201
256
280
288
289
28a
28e
28f
2c7
2c8
2c9
21c0
21c0
21c0
21c0
21c0
21c0
21c0
21c0
21c0
21c0
1f
28
2c
62
63
64
6c
71
7f
ab
b3
105
10d
10e
20b
229
260
261
262
288
293
294
2ca
2cb
2cc
21c0
21c0
21c0
21c0
21c0
21c0
21c0
21c0
21c0
21c0
4
37
40
44
7a
7b
7c
83
88
ba
c2
112
11a
11b
215
232
260
268
269
26a
298
299
2cd
2ce
2cf
21c0
21c0
21c0
21c0
21c0
21c0
21c0
21c0
21c0
21c0
16
89
8d
c9
167
24d
250
269
2b5
2be
2d0
2d1
2d2
2d3
2d4
2d5
2d6
2d7
2d8
2d9
2da
2db
2dc
2dd
2de
2df
2e0
2e1
2e2
2e3
2e4
2e5
2e6
2e7
2e8
12
17
2e
d8
171
256
259
271
2b8
2c1
2d0
2e9
2ea
2eb
2ec
2ed
2ee
2ef
2f0
2f1
2f2
2f3
2f4
2f5
2f6
2f7
2f8
2f9
2fa
2fb
2fc
2fd
2fe
2ff
300
2a
2f
46
e6
13f
229
22c
279
2bb
2c4
2e9
301
302
303
304
305
306
307
308
309
30a
30b
30c
30d
30e
30f
310
311
312
313
314
315
316
317
318
42
47
5e
9c
149
232
235
281
2ac
2c7
301
319
31a
31b
31c
31d
31e
31f
320
321
322
323
324
325
326
327
328
329
32a
32b
32c
32d
32e
32f
330
5a
5f
76
ab
153
23b
23e
289
2af
2ca
319
331
332
333
334
335
336
337
338
339
33a
33b
33c
33d
33e
33f
340
341
342
343
344
345
346
347
348
72
77
8e
ba
15d
244
247
261
2b2
2cd
2d1
331
349
34a
34b
34c
34d
34e
34f
350
351
352
353
354
355
356
357
358
359
35a
35b
35c
35d
35e
35f
b
18
41
8a
9d
e4
e7
1a3
281
2c7
2d2
2d3
2d4
2d5
2d6
31a
31b
31c
349
360
361
362
363
364
365
366
367
368
369
36a
36b
36c
36d
36e
36f
13
23
30
59
9a
9e
ac
1ad
289
2ca
2d7
2ea
2eb
2ec
2ed
2ee
332
333
334
360
370
371
372
373
374
375
376
377
378
379
37a
37b
37c
37d
37e
2b
3c
48
71
a9
ad
bb
17b
261
2cd
2ef
302
303
304
305
306
34a
34b
34c
370
37f
380
381
382
383
384
385
386
387
388
389
38a
38b
38c
38d
43
53
60
88
b8
bc
ca
185
269
2be
2d8
2d9
2da
307
31d
31e
31f
320
321
37f
38e
38f
390
391
392
393
394
395
396
397
398
399
39a
39b
39c
11
5b
6b
78
c7
cb
d9
18f
271
2c1
2f0
2f1
2f2
322
335
336
337
338
339
38e
39d
39e
39f
3a0
3a1
3a2
3a3
3a4
3a5
3a6
3a7
3a8
3a9
3aa
3ab
29
73
82
8f
d6
da
e8
199
279
2c4
308
309
30a
33a
34d
34e
34f
350
351
361
39d
3ac
3ad
3ae
3af
3b0
3b1
3b2
3b3
3b4
3b5
3b6
3b7
3b8
3b9
36
43
60
96
9f
e5
f5
133
135
1df
308
30b
31d
31e
31f
323
349
362
363
364
365
3ba
3bb
3bc
3bd
3be
3bf
3c0
3c1
3c2
3c3
3c4
3c5
3c6
3c7
51
5b
78
9b
a5
ae
f3
f6
102
1e9
2d7
31a
324
335
336
337
33b
371
372
373
374
3ba
3c8
3c9
3ca
3cb
3cc
3cd
3ce
3cf
3d0
3d1
3d2
3d3
3d4
69
73
8f
aa
b4
bd
100
103
10f
1b7
2ef
332
33c
34d
34e
34f
352
380
381
382
383
3c8
3d5
3d6
3d7
3d8
3d9
3da
3db
3dc
3dd
3de
3df
3e0
3e1
18
81
8a
b9
c3
cc
10d
110
11c
1c1
2d2
2d3
2d4
2db
307
34a
353
38f
390
391
392
3d5
3e2
3e3
3e4
3e5
3e6
3e7
3e8
3e9
3ea
3eb
3ec
3ed
3ee
6
13
30
c8
d2
db
11a
11d
129
1cb
2d8
2dc
2ea
2eb
2ec
2f3
322
39e
39f
3a0
3a1
3e2
3ef
3f0
3f1
3f2
3f3
3f4
3f5
3f6
3f7
3f8
3f9
3fa
3fb
1e
2b
48
d7
e0
e9
127
12a
136
1d5
2f0
2f4
302
303
304
30c
33a
3ac
3ad
3ae
3af
3bb
3ef
3fc
3fd
3fe
3ff
400
401
402
403
404
405
406
407
26
b3
b9
cc
ef
f7
134
140
171
21b
2f5
303
305
307
308
30b
30d
30e
30f
38f
390
393
3bc
3bd
3be
408
409
40a
40b
40c
40d
40e
40f
410
411
3e
c2
c8
db
f4
fc
104
13f
14a
225
30d
31a
31e
320
322
324
325
326
327
39e
39f
3a2
3c9
3ca
3cb
412
413
414
415
416
417
418
419
41a
41b
56
d1
d7
e9
101
109
111
149
154
1f3
325
332
336
338
33a
33c
33d
33e
33f
3ac
3ad
3b0
3d6
3d7
3d8
41c
41d
41e
41f
420
421
422
423
424
425
6e
9f
df
e5
10e
116
11e
153
15e
1fd
33d
349
34a
34e
350
353
354
355
356
362
363
366
3e3
3e4
3e5
426
427
428
429
42a
42b
42c
42d
42e
42f
85
95
9b
ae
11b
123
12b
15d
168
207
2d3
2d5
2d7
2d8
2dc
2dd
2de
2df
354
371
372
375
3f0
3f1
3f2
430
431
432
433
434
435
436
437
438
439
e
a4
aa
bd
128
12f
137
167
172
211
2dd
2eb
2ed
2ef
2f0
2f4
2f5
2f6
2f7
380
381
384
3fc
3fd
3fe
43a
43b
43c
43d
43e
43f
440
441
442
443
27
6c
a7
10e
11e
13b
141
17c
1ad
252
303
305
34a
376
381
382
385
386
387
3e3
3e4
3e6
408
409
40a
444
445
446
447
448
449
44a
44b
44c
44d
3f
83
b6
11b
12b
145
14b
17b
186
25b
2d8
31e
320
385
390
391
394
395
396
3f0
3f1
3f3
412
413
414
44e
44f
450
451
452
453
454
455
456
457
c
57
c5
128
137
14f
155
185
190
22e
2f0
336
338
394
39f
3a0
3a3
3a4
3a5
3fc
3fd
3ff
41c
41d
41e
458
459
45a
45b
45c
45d
45e
45f
460
461
24
6f
d4
f7
134
159
15f
18f
19a
237
308
34e
350
3a3
3ad
3ae
3b1
3b2
3b3
3bc
3bd
3bf
426
427
428
462
463
464
465
466
467
468
469
46a
46b
3b
86
e2
f4
104
163
169
199
1a4
240
2d3
2d5
31a
363
364
367
368
369
3b1
3c9
3ca
3cc
430
431
432
46c
46d
46e
46f
470
471
472
473
474
475
f
54
98
101
111
16d
173
1a3
1ae
249
2eb
2ed
332
367
372
373
376
377
378
3d6
3d7
3d9
43a
43b
43c
476
477
478
479
47a
47b
47c
47d
47e
47f
68
6f
a8
fe
15f
177
17d
1b8
1e9
283
34e
381
382
3cd
3d7
3d8
3da
3db
3dc
426
427
429
444
445
446
480
481
482
483
484
485
486
487
488
489
80
86
b7
10b
169
181
187
1b7
1c2
28b
2d3
390
391
3da
3e4
3e5
3e7
3e8
3e9
430
431
433
44e
44f
450
48a
48b
48c
48d
48e
48f
490
491
492
493
5
f
c6
118
173
18b
191
1c1
1cc
263
2eb
39f
3a0
3e7
3f1
3f2
3f4
3f5
3f6
43a
43b
43d
458
459
45a
494
495
496
497
498
499
49a
49b
49c
49d
1d
27
d5
125
141
195
19b
1cb
1d6
26b
303
3ad
3ae
3f4
3fd
3fe
400
401
402
408
409
40b
462
463
464
49e
49f
4a0
4a1
4a2
4a3
4a4
4a5
4a6
4a7
35
3f
e3
131
14b
19f
1a5
1d5
1e0
273
31e
363
364
3bd
3be
3c0
3c1
3c2
400
412
413
415
46c
46d
46e
4a8
4a9
4aa
4ab
4ac
4ad
4ae
4af
4b0
4b1
50
57
99
f1
155
1a9
1af
1df
1ea
27b
336
372
373
3c0
3ca
3cb
3cd
3ce
3cf
41c
41d
41f
476
477
478
4b2
4b3
4b4
4b5
4b6
4b7
4b8
4b9
4ba
4bb
d0
d5
ff
147
19b
1b3
1b9
1f4
225
2a4
3ad
3d7
3d8
416
41d
41e
420
421
422
462
463
465
480
481
482
4bc
4bd
4be
4bf
4c0
4c1
4c2
4c3
4c4
4c5
de
e3
10c
151
1a5
1bd
1c3
1f3
1fe
2a9
363
3e4
3e5
420
427
428
42a
42b
42c
46c
46d
46f
48a
48b
48c
4c6
4c7
4c8
4c9
4ca
4cb
4cc
4cd
4ce
4cf
94
99
119
15b
1af
1c7
1cd
1fd
208
290
372
3f1
3f2
42a
431
432
434
435
436
476
477
479
494
495
496
4d0
4d1
4d2
4d3
4d4
4d5
4d6
4d7
4d8
4d9
a3
a8
126
165
17d
1d1
1d7
207
212
295
381
3fd
3fe
434
43b
43c
43e
43f
440
444
445
447
49e
49f
4a0
4da
4db
4dc
4dd
4de
4df
4e0
4e1
4e2
4e3
b2
b7
132
16f
187
1db
1e1
211
21c
29a
390
3bd
3be
409
40a
40c
40d
40e
43e
44e
44f
451
4a8
4a9
4aa
4e4
4e5
4e6
4e7
4e8
4e9
4ea
4eb
4ec
4ed
c1
c6
f2
13d
191
1e5
1eb
21b
226
29f
39f
3ca
3cb
40c
413
414
416
417
418
458
459
45b
4b2
4b3
4b4
4ee
4ef
4f0
4f1
4f2
4f3
4f4
4f5
4f6
4f7
122
126
148
183
1d7
1ef
1f5
22f
25b
2b9
2f8
3fd
41d
41e
452
459
45a
45c
45d
45e
49e
49f
4a1
4bc
4bd
4be
4f8
4f9
4fa
4fb
4fc
4fd
4fe
4ff
500
12e
132
152
18d
1e1
1f9
1ff
22e
238
2bc
310
3bd
427
428
45c
463
464
466
467
468
4a8
4a9
4ab
4c6
4c7
4c8
501
502
503
504
505
506
507
508
509
ee
f2
15c
197
1eb
203
209
237
241
2ad
328
3ca
431
432
466
46d
46e
470
471
472
4b2
4b3
4b5
4d0
4d1
4d2
50a
50b
50c
50d
50e
50f
510
511
512
fb
ff
166
1a1
1b9
20d
213
240
24a
2b0
340
3d7
43b
43c
470
477
478
47a
47b
47c
480
481
483
4da
4db
4dc
513
514
515
516
517
518
519
51a
51b
108
10c
170
1ab
1c3
217
21d
249
253
2b3
357
3e4
409
40a
445
446
448
449
44a
47a
48a
48b
48d
4e4
4e5
4e6
51c
51d
51e
51f
520
521
522
523
524
115
119
13e
179
1cd
221
227
252
25c
2b6
2e0
3f1
413
414
448
44f
450
452
453
454
494
495
497
4ee
4ef
4f0
525
526
527
528
529
52a
52b
52c
52d
162
166
184
1bf
213
22a
230
264
28b
2cb
2f8
333
341
43b
459
45a
48e
495
496
498
499
49a
4da
4db
4dd
4f8
4f9
52e
52f
530
531
532
533
534
535
16c
170
18e
1c9
21d
233
239
263
26c
2ce
310
34b
358
409
463
464
498
49f
4a0
4a2
4a3
4a4
4e4
4e5
4e7
501
502
536
537
538
539
53a
53b
53c
53d
13a
13e
198
1d3
227
23c
242
26b
274
2bf
2d9
2e1
328
413
46d
46e
4a2
4a9
4aa
4ac
4ad
4ae
4ee
4ef
4f1
50a
50b
53e
53f
540
541
542
543
544
545
144
148
1a2
1dd
1f5
245
24b
273
27c
2c2
2f1
2f9
340
41d
477
478
4ac
4b3
4b4
4b6
4b7
4b8
4bc
4bd
4bf
513
514
546
547
548
549
54a
54b
54c
54d
14e
152
1ac
1e7
1ff
24e
254
27b
284
2c5
309
311
357
427
445
446
481
482
484
485
486
4b6
4c6
4c7
4c9
51c
51d
54e
54f
550
551
552
553
554
555
158
15c
17a
1b5
209
257
25d
283
28c
2c8
2e0
31b
329
431
44f
450
484
48b
48c
48e
48f
490
4d0
4d1
4d3
525
526
556
557
558
559
55a
55b
55c
55d
77
19e
1a2
1c0
1fb
24b
25f
265
291
2a9
331
333
337
339
340
341
342
343
477
495
496
4ca
4d1
4d2
4d4
4d5
4d6
513
515
52e
55e
55f
560
561
562
8d
1a8
1ac
1ca
205
254
267
26d
290
296
2d1
34b
34f
351
357
358
359
35a
445
49f
4a0
4d4
4db
4dc
4de
4df
4e0
51c
51e
536
563
564
565
566
567
17
176
17a
1d4
20f
25d
26f
275
295
29b
2d0
2d4
2d6
2d9
2e0
2e1
2e2
2e3
44f
4a9
4aa
4de
4e5
4e6
4e8
4e9
4ea
525
527
53e
568
569
56a
56b
56c
2f
180
184
1de
219
230
277
27d
29a
2a0
2e9
2ec
2ee
2f1
2f8
2f9
2fa
2fb
459
4b3
4b4
4e8
4ef
4f0
4f2
4f3
4f4
4f8
4fa
546
56d
56e
56f
570
571
47
18a
18e
1e8
223
239
27f
285
29f
2a5
301
304
306
309
310
311
312
313
463
481
482
4bd
4be
4c0
4c1
4c2
4f2
501
503
54e
572
573
574
575
576
5f
194
198
1b6
1f1
242
287
28d
2a4
2aa
319
31b
31f
321
328
329
32a
32b
46d
48b
48c
4c0
4c7
4c8
4ca
4cb
4cc
50a
50c
556
577
578
579
57a
57b
da
1da
1de
1fc
236
27d
28f
292
2ae
2bc
2f1
322
328
32c
32d
337
339
39d
3a1
3a6
3a7
4b3
4d1
4d2
504
50b
50d
50e
50f
546
547
55e
57c
57d
57e
e7
1e4
1e8
206
23f
285
294
297
2ad
2b1
309
33a
340
344
345
34f
351
361
3af
3b4
3b5
481
4db
4dc
50d
514
516
517
518
54e
54f
563
57f
580
581
9e
1b2
1b6
210
248
28d
299
29c
2b0
2b4
2d4
2d6
31b
349
357
35b
35c
360
365
36a
36b
48b
4e5
4e6
516
51d
51f
520
521
556
557
568
582
583
584
ad
1bc
1c0
21a
251
265
29e
2a1
2b3
2b7
2d7
2e0
2e4
2e5
2ec
2ee
333
370
374
379
37a
495
4ef
4f0
51f
526
528
529
52a
52e
52f
56d
585
586
587
bc
1c6
1ca
224
25a
26d
2a3
2a6
2b6
2ba
2ef
2f8
2fc
2fd
304
306
34b
37f
383
388
389
49f
4bd
4be
4f9
4fb
4fc
4fd
528
536
537
572
588
589
58a
cb
1d0
1d4
1f2
22d
275
2a8
2ab
2b9
2bd
2d9
307
310
314
315
31f
321
38e
392
397
398
4a9
4c7
4c8
4fb
502
504
505
506
53e
53f
577
58b
58c
58d
5d
12a
216
21a
235
26a
2a1
2ac
2c0
2ce
2d8
2d9
2da
2dc
2e1
2ec
322
328
32c
399
3a1
3ef
3f7
3f8
4ef
50b
538
540
541
542
56d
56e
58e
58f
590
75
135
220
224
23e
272
2a6
2af
2bf
2c3
2f0
2f1
2f2
2f4
2f9
304
33a
340
344
3a8
3af
3bb
403
404
4bd
514
540
548
549
54a
572
573
591
592
593
8c
f6
1ee
1f2
247
27a
2ab
2b2
2c2
2c6
308
309
30a
30b
311
31f
349
357
35b
365
3b6
3ba
3c3
3c4
4c7
51d
548
550
551
552
577
578
594
595
596
15
103
1f8
1fc
250
282
292
2b5
2c5
2c9
2d7
2e0
2e4
31a
31b
31c
324
329
337
36c
374
3c8
3d0
3d1
4d1
526
550
558
559
55a
55e
55f
597
598
599
2d
110
202
206
259
28a
297
2b8
2c8
2cc
2ef
2f8
2fc
332
333
334
33c
341
34f
37b
383
3d5
3dd
3de
4db
4f9
530
531
532
558
563
564
59a
59b
59c
45
11d
20c
210
22c
262
29c
2bb
2cb
2cf
2d4
307
310
314
34a
34b
34c
353
358
38a
392
3e2
3ea
3eb
4e5
502
530
538
539
53a
568
569
59d
59e
59f
2e6
359
35d
399
437
51d
520
539
585
58e
5a0
5a1
5a2
5a3
5a4
5a5
5a6
5a7
5a8
5a9
5aa
5ab
5ac
5ad
5ae
5af
5b0
5b1
5b2
5b3
5b4
5b5
5b6
5b7
5b8
2e2
2e7
2fe
3a8
441
526
529
541
588
591
5a0
5b9
5ba
5bb
5bc
5bd
5be
5bf
5c0
5c1
5c2
5c3
5c4
5c5
5c6
5c7
5c8
5c9
5ca
5cb
5cc
5cd
5ce
5cf
5d0
2fa
2ff
316
3b6
40f
4f9
4fc
549
58b
594
5b9
5d1
5d2
5d3
5d4
5d5
5d6
5d7
5d8
5d9
5da
5db
5dc
5dd
5de
5df
5e0
5e1
5e2
5e3
5e4
5e5
5e6
5e7
5e8
312
317
32e
36c
419
502
505
551
57c
597
5d1
5e9
5ea
5eb
5ec
5ed
5ee
5ef
5f0
5f1
5f2
5f3
5f4
5f5
5f6
5f7
5f8
5f9
5fa
5fb
5fc
5fd
5fe
5ff
600
32a
32f
346
37b
423
50b
50e
559
57f
59a
5e9
601
602
603
604
605
606
607
608
609
60a
60b
60c
60d
60e
60f
610
611
612
613
614
615
616
617
618
342
347
35e
38a
42d
514
517
531
582
59d
5a1
601
619
61a
61b
61c
61d
61e
61f
620
621
622
623
624
625
626
627
628
629
62a
62b
62c
62d
62e
62f
2db
2e8
311
35a
36d
3b4
3b7
473
551
597
5a2
5a3
5a4
5a5
5a6
5ea
5eb
5ec
619
630
631
632
633
634
635
636
637
638
639
63a
63b
63c
63d
63e
63f
2e3
2f3
300
329
36a
36e
37c
47d
559
59a
5a7
5ba
5bb
5bc
5bd
5be
602
603
604
630
640
641
642
643
644
645
646
647
648
649
64a
64b
64c
64d
64e
2fb
30c
318
341
379
37d
38b
44b
531
59d
5bf
5d2
5d3
5d4
5d5
5d6
61a
61b
61c
640
64f
650
651
652
653
654
655
656
657
658
659
65a
65b
65c
65d
313
323
330
358
388
38c
39a
455
539
58e
5a8
5a9
5aa
5d7
5ed
5ee
5ef
5f0
5f1
64f
65e
65f
660
661
662
663
664
665
666
667
668
669
66a
66b
66c
2e1
32b
33b
348
397
39b
3a9
45f
541
591
5c0
5c1
5c2
5f2
605
606
607
608
609
65e
66d
66e
66f
670
671
672
673
674
675
676
677
678
679
67a
67b
2f9
343
352
35f
3a6
3aa
3b8
469
549
594
5d8
5d9
5da
60a
61d
61e
61f
620
621
631
66d
67c
67d
67e
67f
680
681
682
683
684
685
686
687
688
689
306
313
330
366
36f
3b5
3c5
403
405
4af
5d8
5db
5ed
5ee
5ef
5f3
619
632
633
634
635
68a
68b
68c
68d
68e
68f
690
691
692
693
694
695
696
697
321
32b
348
36b
375
37e
3c3
3c6
3d2
4b9
5a7
5ea
5f4
605
606
607
60b
641
642
643
644
68a
698
699
69a
69b
69c
69d
69e
69f
6a0
6a1
6a2
6a3
6a4
339
343
35f
37a
384
38d
3d0
3d3
3df
487
5bf
602
60c
61d
61e
61f
622
650
651
652
653
698
6a5
6a6
6a7
6a8
6a9
6aa
6ab
6ac
6ad
6ae
6af
6b0
6b1
2e8
351
35a
389
393
39c
3dd
3e0
3ec
491
5a2
5a3
5a4
5ab
5d7
61a
623
65f
660
661
662
6a5
6b2
6b3
6b4
6b5
6b6
6b7
6b8
6b9
6ba
6bb
6bc
6bd
6be
2d6
2e3
300
398
3a2
3ab
3ea
3ed
3f9
49b
5a8
5ac
5ba
5bb
5bc
5c3
5f2
66e
66f
670
671
6b2
6bf
6c0
6c1
6c2
6c3
6c4
6c5
6c6
6c7
6c8
6c9
6ca
6cb
2ee
2fb
318
3a7
3b0
3b9
3f7
3fa
406
4a5
5c0
5c4
5d2
5d3
5d4
5dc
60a
67c
67d
67e
67f
68b
6bf
6cc
6cd
6ce
6cf
6d0
6d1
6d2
6d3
6d4
6d5
6d6
6d7
2f6
383
389
39c
3bf
3c7
404
410
441
4eb
5c5
5d3
5d5
5d7
5d8
5db
5dd
5de
5df
65f
660
663
68c
68d
68e
6d8
6d9
6da
6db
6dc
6dd
6de
6df
6e0
6e1
30e
392
398
3ab
3c4
3cc
3d4
40f
41a
4f5
5dd
5ea
5ee
5f0
5f2
5f4
5f5
5f6
5f7
66e
66f
672
699
69a
69b
6e2
6e3
6e4
6e5
6e6
6e7
6e8
6e9
6ea
6eb
326
3a1
3a7
3b9
3d1
3d9
3e1
419
424
4c3
5f5
602
606
608
60a
60c
60d
60e
60f
67c
67d
680
6a6
6a7
6a8
6ec
6ed
6ee
6ef
6f0
6f1
6f2
6f3
6f4
6f5
33e
36f
3af
3b5
3de
3e6
3ee
423
42e
4cd
60d
619
61a
61e
620
623
624
625
626
632
633
636
6b3
6b4
6b5
6f6
6f7
6f8
6f9
6fa
6fb
6fc
6fd
6fe
6ff
355
365
36b
37e
3eb
3f3
3fb
42d
438
4d7
5a3
5a5
5a7
5a8
5ac
5ad
5ae
5af
624
641
642
645
6c0
6c1
6c2
700
701
702
703
704
705
706
707
708
709
2de
374
37a
38d
3f8
3ff
407
437
442
4e1
5ad
5bb
5bd
5bf
5c0
5c4
5c5
5c6
5c7
650
651
654
6cc
6cd
6ce
70a
70b
70c
70d
70e
70f
710
711
712
713
2f7
33c
377
3de
3ee
40b
411
44c
47d
522
5d3
5d5
61a
646
651
652
655
656
657
6b3
6b4
6b6
6d8
6d9
6da
714
715
716
717
718
719
71a
71b
71c
71d
30f
353
386
3eb
3fb
415
41b
44b
456
52b
5a8
5ee
5f0
655
660
661
664
665
666
6c0
6c1
6c3
6e2
6e3
6e4
71e
71f
720
721
722
723
724
725
726
727
2dc
327
395
3f8
407
41f
425
455
460
4fe
5c0
606
608
664
66f
670
673
674
675
6cc
6cd
6cf
6ec
6ed
6ee
728
729
72a
72b
72c
72d
72e
72f
730
731
2f4
33f
3a4
3c7
404
429
42f
45f
46a
507
5d8
61e
620
673
67d
67e
681
682
683
68c
68d
68f
6f6
6f7
6f8
732
733
734
735
736
737
738
739
73a
73b
30b
356
3b2
3c4
3d4
433
439
469
474
510
5a3
5a5
5ea
633
634
637
638
639
681
699
69a
69c
700
701
702
73c
73d
73e
73f
740
741
742
743
744
745
2df
324
368
3d1
3e1
43d
443
473
47e
519
5bb
5bd
602
637
642
643
646
647
648
6a6
6a7
6a9
70a
70b
70c
746
747
748
749
74a
74b
74c
74d
74e
74f
338
33f
378
3ce
42f
447
44d
488
4b9
553
61e
651
652
69d
6a7
6a8
6aa
6ab
6ac
6f6
6f7
6f9
714
715
716
750
751
752
753
754
755
756
757
758
759
350
356
387
3db
439
451
457
487
492
55b
5a3
660
661
6aa
6b4
6b5
6b7
6b8
6b9
700
701
703
71e
71f
720
75a
75b
75c
75d
75e
75f
760
761
762
763
2d5
2df
396
3e8
443
45b
461
491
49c
533
5bb
66f
670
6b7
6c1
6c2
6c4
6c5
6c6
70a
70b
70d
728
729
72a
764
765
766
767
768
769
76a
76b
76c
76d
2ed
2f7
3a5
3f5
411
465
46b
49b
4a6
53b
5d3
67d
67e
6c4
6cd
6ce
6d0
6d1
6d2
6d8
6d9
6db
732
733
734
76e
76f
770
771
772
773
774
775
776
777
305
30f
3b3
401
41b
46f
475
4a5
4b0
543
5ee
633
634
68d
68e
690
691
692
6d0
6e2
6e3
6e5
73c
73d
73e
778
779
77a
77b
77c
77d
77e
77f
780
781
320
327
369
3c1
425
479
47f
4af
4ba
54b
606
642
643
690
69a
69b
69d
69e
69f
6ec
6ed
6ef
746
747
748
782
783
784
785
786
787
788
789
78a
78b
3a0
3a5
3cf
417
46b
483
489
4c4
4f5
574
67d
6a7
6a8
6e6
6ed
6ee
6f0
6f1
6f2
732
733
735
750
751
752
78c
78d
78e
78f
790
791
792
793
794
795
3ae
3b3
3dc
421
475
48d
493
4c3
4ce
579
633
6b4
6b5
6f0
6f7
6f8
6fa
6fb
6fc
73c
73d
73f
75a
75b
75c
796
797
798
799
79a
79b
79c
79d
79e
79f
364
369
3e9
42b
47f
497
49d
4cd
4d8
560
642
6c1
6c2
6fa
701
702
704
705
706
746
747
749
764
765
766
7a0
7a1
7a2
7a3
7a4
7a5
7a6
7a7
7a8
7a9
373
378
3f6
435
44d
4a1
4a7
4d7
4e2
565
651
6cd
6ce
704
70b
70c
70e
70f
710
714
715
717
76e
76f
770
7aa
7ab
7ac
7ad
7ae
7af
7b0
7b1
7b2
7b3
382
387
402
43f
457
4ab
4b1
4e1
4ec
56a
660
68d
68e
6d9
6da
6dc
6dd
6de
70e
71e
71f
721
778
779
77a
7b4
7b5
7b6
7b7
7b8
7b9
7ba
7bb
7bc
7bd
391
396
3c2
40d
461
4b5
4bb
4eb
4f6
56f
66f
69a
69b
6dc
6e3
6e4
6e6
6e7
6e8
728
729
72b
782
783
784
7be
7bf
7c0
7c1
7c2
7c3
7c4
7c5
7c6
7c7
3f2
3f6
418
453
4a7
4bf
4c5
4ff
52b
589
5c8
6cd
6ed
6ee
722
729
72a
72c
72d
72e
76e
76f
771
78c
78d
78e
7c8
7c9
7ca
7cb
7cc
7cd
7ce
7cf
7d0
3fe
402
422
45d
4b1
4c9
4cf
4fe
508
58c
5e0
68d
6f7
6f8
72c
733
734
736
737
738
778
779
77b
796
797
798
7d1
7d2
7d3
7d4
7d5
7d6
7d7
7d8
7d9
3be
3c2
42c
467
4bb
4d3
4d9
507
511
57d
5f8
69a
701
702
736
73d
73e
740
741
742
782
783
785
7a0
7a1
7a2
7da
7db
7dc
7dd
7de
7df
7e0
7e1
7e2
3cb
3cf
436
471
489
4dd
4e3
510
51a
580
610
6a7
70b
70c
740
747
748
74a
74b
74c
750
751
753
7aa
7ab
7ac
7e3
7e4
7e5
7e6
7e7
7e8
7e9
7ea
7eb
3d8
3dc
440
47b
493
4e7
4ed
519
523
583
627
6b4
6d9
6da
715
716
718
719
71a
74a
75a
75b
75d
7b4
7b5
7b6
7ec
7ed
7ee
7ef
7f0
7f1
7f2
7f3
7f4
3e5
3e9
40e
449
49d
4f1
4f7
522
52c
586
5b0
6c1
6e3
6e4
718
71f
720
722
723
724
764
765
767
7be
7bf
7c0
7f5
7f6
7f7
7f8
7f9
7fa
7fb
7fc
7fd
432
436
454
48f
4e3
4fa
500
534
55b
59b
5c8
603
611
70b
729
72a
75e
765
766
768
769
76a
7aa
7ab
7ad
7c8
7c9
7fe
7ff
800
801
802
803
804
805
43c
440
45e
499
4ed
503
509
533
53c
59e
5e0
61b
628
6d9
733
734
768
76f
770
772
773
774
7b4
7b5
7b7
7d1
7d2
806
807
808
809
80a
80b
80c
80d
40a
40e
468
4a3
4f7
50c
512
53b
544
58f
5a9
5b1
5f8
6e3
73d
73e
772
779
77a
77c
77d
77e
7be
7bf
7c1
7da
7db
80e
80f
810
811
812
813
814
815
414
418
472
4ad
4c5
515
51b
543
54c
592
5c1
5c9
610
6ed
747
748
77c
783
784
786
787
788
78c
78d
78f
7e3
7e4
816
817
818
819
81a
81b
81c
81d
41e
422
47c
4b7
4cf
51e
524
54b
554
595
5d9
5e1
627
6f7
715
716
751
752
754
755
756
786
796
797
799
7ec
7ed
81e
81f
820
821
822
823
824
825
428
42c
44a
485
4d9
527
52d
553
55c
598
5b0
5eb
5f9
701
71f
720
754
75b
75c
75e
75f
760
7a0
7a1
7a3
7f5
7f6
826
827
828
829
82a
82b
82c
82d
347
46e
472
490
4cb
51b
52f
535
561
579
601
603
607
609
610
611
612
613
747
765
766
79a
7a1
7a2
7a4
7a5
7a6
7e3
7e5
7fe
82e
82f
830
831
832
35d
478
47c
49a
4d5
524
537
53d
560
566
5a1
61b
61f
621
627
628
629
62a
715
76f
770
7a4
7ab
7ac
7ae
7af
7b0
7ec
7ee
806
833
834
835
836
837
2e7
446
44a
4a4
4df
52d
53f
545
565
56b
5a0
5a4
5a6
5a9
5b0
5b1
5b2
5b3
71f
779
77a
7ae
7b5
7b6
7b8
7b9
7ba
7f5
7f7
80e
838
839
83a
83b
83c
2ff
450
454
4ae
4e9
500
547
54d
56a
570
5b9
5bc
5be
5c1
5c8
5c9
5ca
5cb
729
783
784
7b8
7bf
7c0
7c2
7c3
7c4
7c8
7ca
816
83d
83e
83f
840
841
317
45a
45e
4b8
4f3
509
54f
555
56f
575
5d1
5d4
5d6
5d9
5e0
5e1
5e2
5e3
733
751
752
78d
78e
790
791
792
7c2
7d1
7d3
81e
842
843
844
845
846
32f
464
468
486
4c1
512
557
55d
574
57a
5e9
5eb
5ef
5f1
5f8
5f9
5fa
5fb
73d
75b
75c
790
797
798
79a
79b
79c
7da
7dc
826
847
848
849
84a
84b
3aa
4aa
4ae
4cc
506
54d
55f
562
57e
58c
5c1
5f2
5f8
5fc
5fd
607
609
66d
671
676
677
783
7a1
7a2
7d4
7db
7dd
7de
7df
816
817
82e
84c
84d
84e
3b7
4b4
4b8
4d6
50f
555
564
567
57d
581
5d9
60a
610
614
615
61f
621
631
67f
684
685
751
7ab
7ac
7dd
7e4
7e6
7e7
7e8
81e
81f
833
84f
850
851
36e
482
486
4e0
518
55d
569
56c
580
584
5a4
5a6
5eb
619
627
62b
62c
630
635
63a
63b
75b
7b5
7b6
7e6
7ed
7ef
7f0
7f1
826
827
838
852
853
854
37d
48c
490
4ea
521
535
56e
571
583
587
5a7
5b0
5b4
5b5
5bc
5be
603
640
644
649
64a
765
7bf
7c0
7ef
7f6
7f8
7f9
7fa
7fe
7ff
83d
855
856
857
38c
496
49a
4f4
52a
53d
573
576
586
58a
5bf
5c8
5cc
5cd
5d4
5d6
61b
64f
653
658
659
76f
78d
78e
7c9
7cb
7cc
7cd
7f8
806
807
842
858
859
85a
39b
4a0
4a4
4c2
4fd
545
578
57b
589
58d
5a9
5d7
5e0
5e4
5e5
5ef
5f1
65e
662
667
668
779
797
798
7cb
7d2
7d4
7d5
7d6
80e
80f
847
85b
85c
85d
32d
3fa
4e6
4ea
505
53a
571
57c
590
59e
5a8
5a9
5aa
5ac
5b1
5bc
5f2
5f8
5fc
669
671
6bf
6c7
6c8
7bf
7db
808
810
811
812
83d
83e
85e
85f
860
345
405
4f0
4f4
50e
542
576
57f
58f
593
5c0
5c1
5c2
5c4
5c9
5d4
60a
610
614
678
67f
68b
6d3
6d4
78d
7e4
810
818
819
81a
842
843
861
862
863
35c
3c6
4be
4c2
517
54a
57b
582
592
596
5d8
5d9
5da
5db
5e1
5ef
619
627
62b
635
686
68a
693
694
797
7ed
818
820
821
822
847
848
864
865
866
2e5
3d3
4c8
4cc
520
552
562
585
595
599
5a7
5b0
5b4
5ea
5eb
5ec
5f4
5f9
607
63c
644
698
6a0
6a1
7a1
7f6
820
828
829
82a
82e
82f
867
868
869
2fd
3e0
4d2
4d6
529
55a
567
588
598
59c
5bf
5c8
5cc
602
603
604
60c
611
61f
64b
653
6a5
6ad
6ae
7ab
7c9
800
801
802
828
833
834
86a
86b
86c
315
3ed
4dc
4e0
4fc
532
56c
58b
59b
59f
5a4
5d7
5e0
5e4
61a
61b
61c
623
628
65a
662
6b2
6ba
6bb
7b5
7d2
800
808
809
80a
838
839
86d
86e
86f
5b6
629
62d
669
707
7ed
7f0
809
855
85e
870
871
872
873
874
875
876
877
878
879
87a
87b
87c
87d
87e
87f
880
881
882
883
884
885
886
887
888
5b2
5b7
5ce
678
711
7f6
7f9
811
858
861
870
889
88a
88b
88c
88d
88e
88f
890
891
892
893
894
895
896
897
898
899
89a
89b
89c
89d
89e
89f
8a0
5ca
5cf
5e6
686
6df
7c9
7cc
819
85b
864
889
8a1
8a2
8a3
8a4
8a5
8a6
8a7
8a8
8a9
8aa
8ab
8ac
8ad
8ae
8af
8b0
8b1
8b2
8b3
8b4
8b5
8b6
8b7
8b8
5e2
5e7
5fe
63c
6e9
7d2
7d5
821
84c
867
8a1
8b9
8ba
8bb
8bc
8bd
8be
8bf
8c0
8c1
8c2
8c3
8c4
8c5
8c6
8c7
8c8
8c9
8ca
8cb
8cc
8cd
8ce
8cf
8d0
5fa
5ff
616
64b
6f3
7db
7de
829
84f
86a
8b9
8d1
8d2
8d3
8d4
8d5
8d6
8d7
8d8
8d9
8da
8db
8dc
8dd
8de
8df
8e0
8e1
8e2
8e3
8e4
8e5
8e6
8e7
8e8
612
617
62e
65a
6fd
7e4
7e7
801
852
86d
871
8d1
8e9
8ea
8eb
8ec
8ed
8ee
8ef
8f0
8f1
8f2
8f3
8f4
8f5
8f6
8f7
8f8
8f9
8fa
8fb
8fc
8fd
8fe
8ff
5ab
5b8
5e1
62a
63d
684
687
743
821
867
872
873
874
875
876
8ba
8bb
8bc
8e9
900
901
902
903
904
905
906
907
908
909
90a
90b
90c
90d
90e
90f
5b3
5c3
5d0
5f9
63a
63e
64c
74d
829
86a
877
88a
88b
88c
88d
88e
8d2
8d3
8d4
900
910
911
912
913
914
915
916
917
918
919
91a
91b
91c
91d
91e
5cb
5dc
5e8
611
649
64d
65b
71b
801
86d
88f
8a2
8a3
8a4
8a5
8a6
8ea
8eb
8ec
910
91f
920
921
922
923
924
925
926
927
928
929
92a
92b
92c
92d
5e3
5f3
600
628
658
65c
66a
725
809
85e
878
879
87a
8a7
8bd
8be
8bf
8c0
8c1
91f
92e
92f
930
931
932
933
934
935
936
937
938
939
93a
93b
93c
5b1
5fb
60b
618
667
66b
679
72f
811
861
890
891
892
8c2
8d5
8d6
8d7
8d8
8d9
92e
93d
93e
93f
940
941
942
943
944
945
946
947
948
949
94a
94b
5c9
613
622
62f
676
67a
688
739
819
864
8a8
8a9
8aa
8da
8ed
8ee
8ef
8f0
8f1
901
93d
94c
94d
94e
94f
950
951
952
953
954
955
956
957
958
959
5d6
5e3
600
636
63f
685
695
6d3
6d5
77f
8a8
8ab
8bd
8be
8bf
8c3
8e9
902
903
904
905
95a
95b
95c
95d
95e
95f
960
961
962
963
964
965
966
967
5f1
5fb
618
63b
645
64e
693
696
6a2
789
877
8ba
8c4
8d5
8d6
8d7
8db
911
912
913
914
95a
968
969
96a
96b
96c
96d
96e
96f
970
971
972
973
974
609
613
62f
64a
654
65d
6a0
6a3
6af
757
88f
8d2
8dc
8ed
8ee
8ef
8f2
920
921
922
923
968
975
976
977
978
979
97a
97b
97c
97d
97e
97f
980
981
5b8
621
62a
659
663
66c
6ad
6b0
6bc
761
872
873
874
87b
8a7
8ea
8f3
92f
930
931
932
975
982
983
984
985
986
987
988
989
98a
98b
98c
98d
98e
5a6
5b3
5d0
668
672
67b
6ba
6bd
6c9
76b
878
87c
88a
88b
88c
893
8c2
93e
93f
940
941
982
98f
990
991
992
993
994
995
996
997
998
999
99a
99b
5be
5cb
5e8
677
680
689
6c7
6ca
6d6
775
890
894
8a2
8a3
8a4
8ac
8da
94c
94d
94e
94f
95b
98f
99c
99d
99e
99f
9a0
9a1
9a2
9a3
9a4
9a5
9a6
9a7
5c6
653
659
66c
68f
697
6d4
6e0
711
7bb
895
8a3
8a5
8a7
8a8
8ab
8ad
8ae
8af
92f
930
933
95c
95d
95e
9a8
9a9
9aa
9ab
9ac
9ad
9ae
9af
9b0
9b1
5de
662
668
67b
694
69c
6a4
6df
6ea
7c5
8ad
8ba
8be
8c0
8c2
8c4
8c5
8c6
8c7
93e
93f
942
969
96a
96b
9b2
9b3
9b4
9b5
9b6
9b7
9b8
9b9
9ba
9bb
5f6
671
677
689
6a1
6a9
6b1
6e9
6f4
793
8c5
8d2
8d6
8d8
8da
8dc
8dd
8de
8df
94c
94d
950
976
977
978
9bc
9bd
9be
9bf
9c0
9c1
9c2
9c3
9c4
9c5
60e
63f
67f
685
6ae
6b6
6be
6f3
6fe
79d
8dd
8e9
8ea
8ee
8f0
8f3
8f4
8f5
8f6
902
903
906
983
984
985
9c6
9c7
9c8
9c9
9ca
9cb
9cc
9cd
9ce
9cf
625
635
63b
64e
6bb
6c3
6cb
6fd
708
7a7
873
875
877
878
87c
87d
87e
87f
8f4
911
912
915
990
991
992
9d0
9d1
9d2
9d3
9d4
9d5
9d6
9d7
9d8
9d9
5ae
644
64a
65d
6c8
6cf
6d7
707
712
7b1
87d
88b
88d
88f
890
894
895
896
897
920
921
924
99c
99d
99e
9da
9db
9dc
9dd
9de
9df
9e0
9e1
9e2
9e3
5c7
60c
647
6ae
6be
6db
6e1
71c
74d
7f2
8a3
8a5
8ea
916
921
922
925
926
927
983
984
986
9a8
9a9
9aa
9e4
9e5
9e6
9e7
9e8
9e9
9ea
9eb
9ec
9ed
5df
623
656
6bb
6cb
6e5
6eb
71b
726
7fb
878
8be
8c0
925
930
931
934
935
936
990
991
993
9b2
9b3
9b4
9ee
9ef
9f0
9f1
9f2
9f3
9f4
9f5
9f6
9f7
5ac
5f7
665
6c8
6d7
6ef
6f5
725
730
7ce
890
8d6
8d8
934
93f
940
943
944
945
99c
99d
99f
9bc
9bd
9be
9f8
9f9
9fa
9fb
9fc
9fd
9fe
9ff
a00
a01
5c4
60f
674
697
6d4
6f9
6ff
72f
73a
7d7
8a8
8ee
8f0
943
94d
94e
951
952
953
95c
95d
95f
9c6
9c7
9c8
a02
a03
a04
a05
a06
a07
a08
a09
a0a
a0b
5db
626
682
694
6a4
703
709
739
744
7e0
873
875
8ba
903
904
907
908
909
951
969
96a
96c
9d0
9d1
9d2
a0c
a0d
a0e
a0f
a10
a11
a12
a13
a14
a15
5af
5f4
638
6a1
6b1
70d
713
743
74e
7e9
88b
88d
8d2
907
912
913
916
917
918
976
977
979
9da
9db
9dc
a16
a17
a18
a19
a1a
a1b
a1c
a1d
a1e
a1f
608
60f
648
69e
6ff
717
71d
758
789
823
8ee
921
922
96d
977
978
97a
97b
97c
9c6
9c7
9c9
9e4
9e5
9e6
a20
a21
a22
a23
a24
a25
a26
a27
a28
a29
620
626
657
6ab
709
721
727
757
762
82b
873
930
931
97a
984
985
987
988
989
9d0
9d1
9d3
9ee
9ef
9f0
a2a
a2b
a2c
a2d
a2e
a2f
a30
a31
a32
a33
5a5
5af
666
6b8
713
72b
731
761
76c
803
88b
93f
940
987
991
992
994
995
996
9da
9db
9dd
9f8
9f9
9fa
a34
a35
a36
a37
a38
a39
a3a
a3b
a3c
a3d
5bd
5c7
675
6c5
6e1
735
73b
76b
776
80b
8a3
94d
94e
994
99d
99e
9a0
9a1
9a2
9a8
9a9
9ab
a02
a03
a04
a3e
a3f
a40
a41
a42
a43
a44
a45
a46
a47
5d5
5df
683
6d1
6eb
73f
745
775
780
813
8be
903
904
95d
95e
960
961
962
9a0
9b2
9b3
9b5
a0c
a0d
a0e
a48
a49
a4a
a4b
a4c
a4d
a4e
a4f
a50
a51
5f0
5f7
639
691
6f5
749
74f
77f
78a
81b
8d6
912
913
960
96a
96b
96d
96e
96f
9bc
9bd
9bf
a16
a17
a18
a52
a53
a54
a55
a56
a57
a58
a59
a5a
a5b
670
675
69f
6e7
73b
753
759
794
7c5
844
94d
977
978
9b6
9bd
9be
9c0
9c1
9c2
a02
a03
a05
a20
a21
a22
a5c
a5d
a5e
a5f
a60
a61
a62
a63
a64
a65
67e
683
6ac
6f1
745
75d
763
793
79e
849
903
984
985
9c0
9c7
9c8
9ca
9cb
9cc
a0c
a0d
a0f
a2a
a2b
a2c
a66
a67
a68
a69
a6a
a6b
a6c
a6d
a6e
a6f
634
639
6b9
6fb
74f
767
76d
79d
7a8
830
912
991
992
9ca
9d1
9d2
9d4
9d5
9d6
a16
a17
a19
a34
a35
a36
a70
a71
a72
a73
a74
a75
a76
a77
a78
a79
643
648
6c6
705
71d
771
777
7a7
7b2
835
921
99d
99e
9d4
9db
9dc
9de
9df
9e0
9e4
9e5
9e7
a3e
a3f
a40
a7a
a7b
a7c
a7d
a7e
a7f
a80
a81
a82
a83
652
657
6d2
70f
727
77b
781
7b1
7bc
83a
930
95d
95e
9a9
9aa
9ac
9ad
9ae
9de
9ee
9ef
9f1
a48
a49
a4a
a84
a85
a86
a87
a88
a89
a8a
a8b
a8c
a8d
661
666
692
6dd
731
785
78b
7bb
7c6
83f
93f
96a
96b
9ac
9b3
9b4
9b6
9b7
9b8
9f8
9f9
9fb
a52
a53
a54
a8e
a8f
a90
a91
a92
a93
a94
a95
a96
a97
6c2
6c6
6e8
723
777
78f
795
7cf
7fb
859
898
99d
9bd
9be
9f2
9f9
9fa
9fc
9fd
9fe
a3e
a3f
a41
a5c
a5d
a5e
a98
a99
a9a
a9b
a9c
a9d
a9e
a9f
aa0
6ce
6d2
6f2
72d
781
799
79f
7ce
7d8
85c
8b0
95d
9c7
9c8
9fc
a03
a04
a06
a07
a08
a48
a49
a4b
a66
a67
a68
aa1
aa2
aa3
aa4
aa5
aa6
aa7
aa8
aa9
68e
692
6fc
737
78b
7a3
7a9
7d7
7e1
84d
8c8
96a
9d1
9d2
a06
a0d
a0e
a10
a11
a12
a52
a53
a55
a70
a71
a72
aaa
aab
aac
aad
aae
aaf
ab0
ab1
ab2
69b
69f
706
741
759
7ad
7b3
7e0
7ea
850
8e0
977
9db
9dc
a10
a17
a18
a1a
a1b
a1c
a20
a21
a23
a7a
a7b
a7c
ab3
ab4
ab5
ab6
ab7
ab8
ab9
aba
abb
6a8
6ac
710
74b
763
7b7
7bd
7e9
7f3
853
8f7
984
9a9
9aa
9e5
9e6
9e8
9e9
9ea
a1a
a2a
a2b
a2d
a84
a85
a86
abc
abd
abe
abf
ac0
ac1
ac2
ac3
ac4
6b5
6b9
6de
719
76d
7c1
7c7
7f2
7fc
856
880
991
9b3
9b4
9e8
9ef
9f0
9f2
9f3
9f4
a34
a35
a37
a8e
a8f
a90
ac5
ac6
ac7
ac8
ac9
aca
acb
acc
acd
702
706
724
75f
7b3
7ca
7d0
804
82b
86b
898
8d3
8e1
9db
9f9
9fa
a2e
a35
a36
a38
a39
a3a
a7a
a7b
a7d
a98
a99
ace
acf
ad0
ad1
ad2
ad3
ad4
ad5
70c
710
72e
769
7bd
7d3
7d9
803
80c
86e
8b0
8eb
8f8
9a9
a03
a04
a38
a3f
a40
a42
a43
a44
a84
a85
a87
aa1
aa2
ad6
ad7
ad8
ad9
ada
adb
adc
add
6da
6de
738
773
7c7
7dc
7e2
80b
814
85f
879
881
8c8
9b3
a0d
a0e
a42
a49
a4a
a4c
a4d
a4e
a8e
a8f
a91
aaa
aab
ade
adf
ae0
ae1
ae2
ae3
ae4
ae5
6e4
6e8
742
77d
795
7e5
7eb
813
81c
862
891
899
8e0
9bd
a17
a18
a4c
a53
a54
a56
a57
a58
a5c
a5d
a5f
ab3
ab4
ae6
ae7
ae8
ae9
aea
aeb
aec
aed
6ee
6f2
74c
787
79f
7ee
7f4
81b
824
865
8a9
8b1
8f7
9c7
9e5
9e6
a21
a22
a24
a25
a26
a56
a66
a67
a69
abc
abd
aee
aef
af0
af1
af2
af3
af4
af5
6f8
6fc
71a
755
7a9
7f7
7fd
823
82c
868
880
8bb
8c9
9d1
9ef
9f0
a24
a2b
a2c
a2e
a2f
a30
a70
a71
a73
ac5
ac6
af6
af7
af8
af9
afa
afb
afc
afd
617
73e
742
760
79b
7eb
7ff
805
831
849
8d1
8d3
8d7
8d9
8e0
8e1
8e2
8e3
a17
a35
a36
a6a
a71
a72
a74
a75
a76
ab3
ab5
ace
afe
aff
b00
b01
b02
62d
748
74c
76a
7a5
7f4
807
80d
830
836
871
8eb
8ef
8f1
8f7
8f8
8f9
8fa
9e5
a3f
a40
a74
a7b
a7c
a7e
a7f
a80
abc
abe
ad6
b03
b04
b05
b06
b07
5b7
716
71a
774
7af
7fd
80f
815
835
83b
870
874
876
879
880
881
882
883
9ef
a49
a4a
a7e
a85
a86
a88
a89
a8a
ac5
ac7
ade
b08
b09
b0a
b0b
b0c
5cf
720
724
77e
7b9
7d0
817
81d
83a
840
889
88c
88e
891
898
899
89a
89b
9f9
a53
a54
a88
a8f
a90
a92
a93
a94
a98
a9a
ae6
b0d
b0e
b0f
b10
b11
5e7
72a
72e
788
7c3
7d9
81f
825
83f
845
8a1
8a4
8a6
8a9
8b0
8b1
8b2
8b3
a03
a21
a22
a5d
a5e
a60
a61
a62
a92
aa1
aa3
aee
b12
b13
b14
b15
b16
5ff
734
738
756
791
7e2
827
82d
844
84a
8b9
8bb
8bf
8c1
8c8
8c9
8ca
8cb
a0d
a2b
a2c
a60
a67
a68
a6a
a6b
a6c
aaa
aac
af6
b17
b18
b19
b1a
b1b
67a
77a
77e
79c
7d6
81d
82f
832
84e
85c
891
8c2
8c8
8cc
8cd
8d7
8d9
93d
941
946
947
a53
a71
a72
aa4
aab
aad
aae
aaf
ae6
ae7
afe
b1c
b1d
b1e
687
784
788
7a6
7df
825
834
837
84d
851
8a9
8da
8e0
8e4
8e5
8ef
8f1
901
94f
954
955
a21
a7b
a7c
aad
ab4
ab6
ab7
ab8
aee
aef
b03
b1f
b20
b21
63e
752
756
7b0
7e8
82d
839
83c
850
854
874
876
8bb
8e9
8f7
8fb
8fc
900
905
90a
90b
a2b
a85
a86
ab6
abd
abf
ac0
ac1
af6
af7
b08
b22
b23
b24
64d
75c
760
7ba
7f1
805
83e
841
853
857
877
880
884
885
88c
88e
8d3
910
914
919
91a
a35
a8f
a90
abf
ac6
ac8
ac9
aca
ace
acf
b0d
b25
b26
b27
65c
766
76a
7c4
7fa
80d
843
846
856
85a
88f
898
89c
89d
8a4
8a6
8eb
91f
923
928
929
a3f
a5d
a5e
a99
a9b
a9c
a9d
ac8
ad6
ad7
b12
b28
b29
b2a
66b
770
774
792
7cd
815
848
84b
859
85d
879
8a7
8b0
8b4
8b5
8bf
8c1
92e
932
937
938
a49
a67
a68
a9b
aa2
aa4
aa5
aa6
ade
adf
b17
b2b
b2c
b2d
5fd
6ca
7b6
7ba
7d5
80a
841
84c
860
86e
878
879
87a
87c
881
88c
8c2
8c8
8cc
939
941
98f
997
998
a8f
aab
ad8
ae0
ae1
ae2
b0d
b0e
b2e
b2f
b30
615
6d5
7c0
7c4
7de
812
846
84f
85f
863
890
891
892
894
899
8a4
8da
8e0
8e4
948
94f
95b
9a3
9a4
a5d
ab4
ae0
ae8
ae9
aea
b12
b13
b31
b32
b33
62c
696
78e
792
7e7
81a
84b
852
862
866
8a8
8a9
8aa
8ab
8b1
8bf
8e9
8f7
8fb
905
956
95a
963
964
a67
abd
ae8
af0
af1
af2
b17
b18
b34
b35
b36
5b5
6a3
798
79c
7f0
822
832
855
865
869
877
880
884
8ba
8bb
8bc
8c4
8c9
8d7
90c
914
968
970
971
a71
ac6
af0
af8
af9
afa
afe
aff
b37
b38
b39
5cd
6b0
7a2
7a6
7f9
82a
837
858
868
86c
88f
898
89c
8d2
8d3
8d4
8dc
8e1
8ef
91b
923
975
97d
97e
a7b
a99
ad0
ad1
ad2
af8
b03
b04
b3a
b3b
b3c
5e5
6bd
7ac
7b0
7cc
802
83c
85b
86b
86f
874
8a7
8b0
8b4
8ea
8eb
8ec
8f3
8f8
92a
932
982
98a
98b
a85
aa2
ad0
ad8
ad9
ada
b08
b09
b3d
b3e
b3f
886
8f9
8fd
939
9d7
abd
ac0
ad9
b25
b2e
b40
b41
b42
b43
b44
b45
b46
b47
b48
b49
b4a
b4b
b4c
b4d
b4e
b4f
b50
b51
b52
b53
b54
b55
b56
b57
b58
882
887
89e
948
9e1
ac6
ac9
ae1
b28
b31
b40
b59
b5a
b5b
b5c
b5d
b5e
b5f
b60
b61
b62
b63
b64
b65
b66
b67
b68
b69
b6a
b6b
b6c
b6d
b6e
b6f
b70
89a
89f
8b6
956
9af
a99
a9c
ae9
b2b
b34
b59
b71
b72
b73
b74
b75
b76
b77
b78
b79
b7a
b7b
b7c
b7d
b7e
b7f
b80
b81
b82
b83
b84
b85
b86
b87
b88
8b2
8b7
8ce
90c
9b9
aa2
aa5
af1
b1c
b37
b71
b89
b8a
b8b
b8c
b8d
b8e
b8f
b90
b91
b92
b93
b94
b95
b96
b97
b98
b99
b9a
b9b
b9c
b9d
b9e
b9f
ba0
8ca
8cf
8e6
91b
9c3
aab
aae
af9
b1f
b3a
b89
ba1
ba2
ba3
ba4
ba5
ba6
ba7
ba8
ba9
baa
bab
bac
bad
bae
baf
bb0
bb1
bb2
bb3
bb4
bb5
bb6
bb7
bb8
8e2
8e7
8fe
92a
9cd
ab4
ab7
ad1
b22
b3d
b41
ba1
bb9
bba
bbb
bbc
bbd
bbe
bbf
bc0
bc1
bc2
bc3
bc4
bc5
bc6
bc7
bc8
bc9
bca
bcb
bcc
bcd
bce
bcf
87b
888
8b1
8fa
90d
954
957
a13
af1
b37
b42
b43
b44
b45
b46
b8a
b8b
b8c
bb9
bd0
bd1
bd2
bd3
bd4
bd5
bd6
bd7
bd8
bd9
bda
bdb
bdc
bdd
bde
bdf
883
893
8a0
8c9
90a
90e
91c
a1d
af9
b3a
b47
b5a
b5b
b5c
b5d
b5e
ba2
ba3
ba4
bd0
be0
be1
be2
be3
be4
be5
be6
be7
be8
be9
bea
beb
bec
bed
bee
89b
8ac
8b8
8e1
919
91d
92b
9eb
ad1
b3d
b5f
b72
b73
b74
b75
b76
bba
bbb
bbc
be0
bef
bf0
bf1
bf2
bf3
bf4
bf5
bf6
bf7
bf8
bf9
bfa
bfb
bfc
bfd
8b3
8c3
8d0
8f8
928
92c
93a
9f5
ad9
b2e
b48
b49
b4a
b77
b8d
b8e
b8f
b90
b91
bef
bfe
bff
c00
c01
c02
c03
c04
c05
c06
c07
c08
c09
c0a
c0b
c0c
881
8cb
8db
8e8
937
93b
949
9ff
ae1
b31
b60
b61
b62
b92
ba5
ba6
ba7
ba8
ba9
bfe
c0d
c0e
c0f
c10
c11
c12
c13
c14
c15
c16
c17
c18
c19
c1a
c1b
899
8e3
8f2
8ff
946
94a
958
a09
ae9
b34
b78
b79
b7a
baa
bbd
bbe
bbf
bc0
bc1
bd1
c0d
c1c
c1d
c1e
c1f
c20
c21
c22
c23
c24
c25
c26
c27
c28
c29
8a6
8b3
8d0
906
90f
955
965
9a3
9a5
a4f
b78
b7b
b8d
b8e
b8f
b93
bb9
bd2
bd3
bd4
bd5
c2a
c2b
c2c
c2d
c2e
c2f
c30
c31
c32
c33
c34
c35
c36
c37
8c1
8cb
8e8
90b
915
91e
963
966
972
a59
b47
b8a
b94
ba5
ba6
ba7
bab
be1
be2
be3
be4
c2a
c38
c39
c3a
c3b
c3c
c3d
c3e
c3f
c40
c41
c42
c43
c44
8d9
8e3
8ff
91a
924
92d
970
973
97f
a27
b5f
ba2
bac
bbd
bbe
bbf
bc2
bf0
bf1
bf2
bf3
c38
c45
c46
c47
c48
c49
c4a
c4b
c4c
c4d
c4e
c4f
c50
c51
888
8f1
8fa
929
933
93c
97d
980
98c
a31
b42
b43
b44
b4b
b77
bba
bc3
bff
c00
c01
c02
c45
c52
c53
c54
c55
c56
c57
c58
c59
c5a
c5b
c5c
c5d
c5e
876
883
8a0
938
942
94b
98a
98d
999
a3b
b48
b4c
b5a
b5b
b5c
b63
b92
c0e
c0f
c10
c11
c52
c5f
c60
c61
c62
c63
c64
c65
c66
c67
c68
c69
c6a
c6b
88e
89b
8b8
947
950
959
997
99a
9a6
a45
b60
b64
b72
b73
b74
b7c
baa
c1c
c1d
c1e
c1f
c2b
c5f
c6c
c6d
c6e
c6f
c70
c71
c72
c73
c74
c75
c76
c77
896
923
929
93c
95f
967
9a4
9b0
9e1
a8b
b65
b73
b75
b77
b78
b7b
b7d
b7e
b7f
bff
c00
c03
c2c
c2d
c2e
c78
c79
c7a
c7b
c7c
c7d
c7e
c7f
c80
c81
8ae
932
938
94b
964
96c
974
9af
9ba
a95
b7d
b8a
b8e
b90
b92
b94
b95
b96
b97
c0e
c0f
c12
c39
c3a
c3b
c82
c83
c84
c85
c86
c87
c88
c89
c8a
c8b
8c6
941
947
959
971
979
981
9b9
9c4
a63
b95
ba2
ba6
ba8
baa
bac
bad
bae
baf
c1c
c1d
c20
c46
c47
c48
c8c
c8d
c8e
c8f
c90
c91
c92
c93
c94
c95
8de
90f
94f
955
97e
986
98e
9c3
9ce
a6d
bad
bb9
bba
bbe
bc0
bc3
bc4
bc5
bc6
bd2
bd3
bd6
c53
c54
c55
c96
c97
c98
c99
c9a
c9b
c9c
c9d
c9e
c9f
8f5
905
90b
91e
98b
993
99b
9cd
9d8
a77
b43
b45
b47
b48
b4c
b4d
b4e
b4f
bc4
be1
be2
be5
c60
c61
c62
ca0
ca1
ca2
ca3
ca4
ca5
ca6
ca7
ca8
ca9
87e
914
91a
92d
998
99f
9a7
9d7
9e2
a81
b4d
b5b
b5d
b5f
b60
b64
b65
b66
b67
bf0
bf1
bf4
c6c
c6d
c6e
caa
cab
cac
cad
cae
caf
cb0
cb1
cb2
cb3
897
8dc
917
97e
98e
9ab
9b1
9ec
a1d
ac2
b73
b75
bba
be6
bf1
bf2
bf5
bf6
bf7
c53
c54
c56
c78
c79
c7a
cb4
cb5
cb6
cb7
cb8
cb9
cba
cbb
cbc
cbd
8af
8f3
926
98b
99b
9b5
9bb
9eb
9f6
acb
b48
b8e
b90
bf5
c00
c01
c04
c05
c06
c60
c61
c63
c82
c83
c84
cbe
cbf
cc0
cc1
cc2
cc3
cc4
cc5
cc6
cc7
87c
8c7
935
998
9a7
9bf
9c5
9f5
a00
a9e
b60
ba6
ba8
c04
c0f
c10
c13
c14
c15
c6c
c6d
c6f
c8c
c8d
c8e
cc8
cc9
cca
ccb
ccc
ccd
cce
ccf
cd0
cd1
894
8df
944
967
9a4
9c9
9cf
9ff
a0a
aa7
b78
bbe
bc0
c13
c1d
c1e
c21
c22
c23
c2c
c2d
c2f
c96
c97
c98
cd2
cd3
cd4
cd5
cd6
cd7
cd8
cd9
cda
cdb
8ab
8f6
952
964
974
9d3
9d9
a09
a14
ab0
b43
b45
b8a
bd3
bd4
bd7
bd8
bd9
c21
c39
c3a
c3c
ca0
ca1
ca2
cdc
cdd
cde
cdf
ce0
ce1
ce2
ce3
ce4
ce5
87f
8c4
908
971
981
9dd
9e3
a13
a1e
ab9
b5b
b5d
ba2
bd7
be2
be3
be6
be7
be8
c46
c47
c49
caa
cab
cac
ce6
ce7
ce8
ce9
cea
ceb
cec
ced
cee
cef
8d8
8df
918
96e
9cf
9e7
9ed
a28
a59
af3
bbe
bf1
bf2
c3d
c47
c48
c4a
c4b
c4c
c96
c97
c99
cb4
cb5
cb6
cf0
cf1
cf2
cf3
cf4
cf5
cf6
cf7
cf8
cf9
8f0
8f6
927
97b
9d9
9f1
9f7
a27
a32
afb
b43
c00
c01
c4a
c54
c55
c57
c58
c59
ca0
ca1
ca3
cbe
cbf
cc0
cfa
cfb
cfc
cfd
cfe
cff
d00
d01
d02
d03
875
87f
936
988
9e3
9fb
a01
a31
a3c
ad3
b5b
c0f
c10
c57
c61
c62
c64
c65
c66
caa
cab
cad
cc8
cc9
cca
d04
d05
d06
d07
d08
d09
d0a
d0b
d0c
d0d
88d
897
945
995
9b1
a05
a0b
a3b
a46
adb
b73
c1d
c1e
c64
c6d
c6e
c70
c71
c72
c78
c79
c7b
cd2
cd3
cd4
d0e
d0f
d10
d11
d12
d13
d14
d15
d16
d17
8a5
8af
953
9a1
9bb
a0f
a15
a45
a50
ae3
b8e
bd3
bd4
c2d
c2e
c30
c31
c32
c70
c82
c83
c85
cdc
cdd
cde
d18
d19
d1a
d1b
d1c
d1d
d1e
d1f
d20
d21
8c0
8c7
909
961
9c5
a19
a1f
a4f
a5a
aeb
ba6
be2
be3
c30
c3a
c3b
c3d
c3e
c3f
c8c
c8d
c8f
ce6
ce7
ce8
d22
d23
d24
d25
d26
d27
d28
d29
d2a
d2b
940
945
96f
9b7
a0b
a23
a29
a64
a95
b14
c1d
c47
c48
c86
c8d
c8e
c90
c91
c92
cd2
cd3
cd5
cf0
cf1
cf2
d2c
d2d
d2e
d2f
d30
d31
d32
d33
d34
d35
94e
953
97c
9c1
a15
a2d
a33
a63
a6e
b19
bd3
c54
c55
c90
c97
c98
c9a
c9b
c9c
cdc
cdd
cdf
cfa
cfb
cfc
d36
d37
d38
d39
d3a
d3b
d3c
d3d
d3e
d3f
904
909
989
9cb
a1f
a37
a3d
a6d
a78
b00
be2
c61
c62
c9a
ca1
ca2
ca4
ca5
ca6
ce6
ce7
ce9
d04
d05
d06
d40
d41
d42
d43
d44
d45
d46
d47
d48
d49
913
918
996
9d5
9ed
a41
a47
a77
a82
b05
bf1
c6d
c6e
ca4
cab
cac
cae
caf
cb0
cb4
cb5
cb7
d0e
d0f
d10
d4a
d4b
d4c
d4d
d4e
d4f
d50
d51
d52
d53
922
927
9a2
9df
9f7
a4b
a51
a81
a8c
b0a
c00
c2d
c2e
c79
c7a
c7c
c7d
c7e
cae
cbe
cbf
cc1
d18
d19
d1a
d54
d55
d56
d57
d58
d59
d5a
d5b
d5c
d5d
931
936
962
9ad
a01
a55
a5b
a8b
a96
b0f
c0f
c3a
c3b
c7c
c83
c84
c86
c87
c88
cc8
cc9
ccb
d22
d23
d24
d5e
d5f
d60
d61
d62
d63
d64
d65
d66
d67
992
996
9b8
9f3
a47
a5f
a65
a9f
acb
b29
b68
c6d
c8d
c8e
cc2
cc9
cca
ccc
ccd
cce
d0e
d0f
d11
d2c
d2d
d2e
d68
d69
d6a
d6b
d6c
d6d
d6e
d6f
d70
99e
9a2
9c2
9fd
a51
a69
a6f
a9e
aa8
b2c
b80
c2d
c97
c98
ccc
cd3
cd4
cd6
cd7
cd8
d18
d19
d1b
d36
d37
d38
d71
d72
d73
d74
d75
d76
d77
d78
d79
95e
962
9cc
a07
a5b
a73
a79
aa7
ab1
b1d
b98
c3a
ca1
ca2
cd6
cdd
cde
ce0
ce1
ce2
d22
d23
d25
d40
d41
d42
d7a
d7b
d7c
d7d
d7e
d7f
d80
d81
d82
96b
96f
9d6
a11
a29
a7d
a83
ab0
aba
b20
bb0
c47
cab
cac
ce0
ce7
ce8
cea
ceb
cec
cf0
cf1
cf3
d4a
d4b
d4c
d83
d84
d85
d86
d87
d88
d89
d8a
d8b
978
97c
9e0
a1b
a33
a87
a8d
ab9
ac3
b23
bc7
c54
c79
c7a
cb5
cb6
cb8
cb9
cba
cea
cfa
cfb
cfd
d54
d55
d56
d8c
d8d
d8e
d8f
d90
d91
d92
d93
d94
985
989
9ae
9e9
a3d
a91
a97
ac2
acc
b26
b50
c61
c83
c84
cb8
cbf
cc0
cc2
cc3
cc4
d04
d05
d07
d5e
d5f
d60
d95
d96
d97
d98
d99
d9a
d9b
d9c
d9d
9d2
9d6
9f4
a2f
a83
a9a
aa0
ad4
afb
b3b
b68
ba3
bb1
cab
cc9
cca
cfe
d05
d06
d08
d09
d0a
d4a
d4b
d4d
d68
d69
d9e
d9f
da0
da1
da2
da3
da4
da5
9dc
9e0
9fe
a39
a8d
aa3
aa9
ad3
adc
b3e
b80
bbb
bc8
c79
cd3
cd4
d08
d0f
d10
d12
d13
d14
d54
d55
d57
d71
d72
da6
da7
da8
da9
daa
dab
dac
dad
9aa
9ae
a08
a43
a97
aac
ab2
adb
ae4
b2f
b49
b51
b98
c83
cdd
cde
d12
d19
d1a
d1c
d1d
d1e
d5e
d5f
d61
d7a
d7b
dae
daf
db0
db1
db2
db3
db4
db5
9b4
9b8
a12
a4d
a65
ab5
abb
ae3
aec
b32
b61
b69
bb0
c8d
ce7
ce8
d1c
d23
d24
d26
d27
d28
d2c
d2d
d2f
d83
d84
db6
db7
db8
db9
dba
dbb
dbc
dbd
9be
9c2
a1c
a57
a6f
abe
ac4
aeb
af4
b35
b79
b81
bc7
c97
cb5
cb6
cf1
cf2
cf4
cf5
cf6
d26
d36
d37
d39
d8c
d8d
dbe
dbf
dc0
dc1
dc2
dc3
dc4
dc5
9c8
9cc
9ea
a25
a79
ac7
acd
af3
afc
b38
b50
b8b
b99
ca1
cbf
cc0
cf4
cfb
cfc
cfe
cff
d00
d40
d41
d43
d95
d96
dc6
dc7
dc8
dc9
dca
dcb
dcc
dcd
8e7
a0e
a12
a30
a6b
abb
acf
ad5
b01
b19
ba1
ba3
ba7
ba9
bb0
bb1
bb2
bb3
ce7
d05
d06
d3a
d41
d42
d44
d45
d46
d83
d85
d9e
dce
dcf
dd0
dd1
dd2
8fd
a18
a1c
a3a
a75
ac4
ad7
add
b00
b06
b41
bbb
bbf
bc1
bc7
bc8
bc9
bca
cb5
d0f
d10
d44
d4b
d4c
d4e
d4f
d50
d8c
d8e
da6
dd3
dd4
dd5
dd6
dd7
887
9e6
9ea
a44
a7f
acd
adf
ae5
b05
b0b
b40
b44
b46
b49
b50
b51
b52
b53
cbf
d19
d1a
d4e
d55
d56
d58
d59
d5a
d95
d97
dae
dd8
dd9
dda
ddb
ddc
89f
9f0
9f4
a4e
a89
aa0
ae7
aed
b0a
b10
b59
b5c
b5e
b61
b68
b69
b6a
b6b
cc9
d23
d24
d58
d5f
d60
d62
d63
d64
d68
d6a
db6
ddd
dde
ddf
de0
de1
8b7
9fa
9fe
a58
a93
aa9
aef
af5
b0f
b15
b71
b74
b76
b79
b80
b81
b82
b83
cd3
cf1
cf2
d2d
d2e
d30
d31
d32
d62
d71
d73
dbe
de2
de3
de4
de5
de6
8cf
a04
a08
a26
a61
ab2
af7
afd
b14
b1a
b89
b8b
b8f
b91
b98
b99
b9a
b9b
cdd
cfb
cfc
d30
d37
d38
d3a
d3b
d3c
d7a
d7c
dc6
de7
de8
de9
dea
deb
94a
a4a
a4e
a6c
aa6
aed
aff
b02
b1e
b2c
b61
b92
b98
b9c
b9d
ba7
ba9
c0d
c11
c16
c17
d23
d41
d42
d74
d7b
d7d
d7e
d7f
db6
db7
dce
dec
ded
dee
957
a54
a58
a76
aaf
af5
b04
b07
b1d
b21
b79
baa
bb0
bb4
bb5
bbf
bc1
bd1
c1f
c24
c25
cf1
d4b
d4c
d7d
d84
d86
d87
d88
dbe
dbf
dd3
def
df0
df1
90e
a22
a26
a80
ab8
afd
b09
b0c
b20
b24
b44
b46
b8b
bb9
bc7
bcb
bcc
bd0
bd5
bda
bdb
cfb
d55
d56
d86
d8d
d8f
d90
d91
dc6
dc7
dd8
df2
df3
df4
91d
a2c
a30
a8a
ac1
ad5
b0e
b11
b23
b27
b47
b50
b54
b55
b5c
b5e
ba3
be0
be4
be9
bea
d05
d5f
d60
d8f
d96
d98
d99
d9a
d9e
d9f
ddd
df5
df6
df7
92c
a36
a3a
a94
aca
add
b13
b16
b26
b2a
b5f
b68
b6c
b6d
b74
b76
bbb
bef
bf3
bf8
bf9
d0f
d2d
d2e
d69
d6b
d6c
d6d
d98
da6
da7
de2
df8
df9
dfa
93b
a40
a44
a62
a9d
ae5
b18
b1b
b29
b2d
b49
b77
b80
b84
b85
b8f
b91
bfe
c02
c07
c08
d19
d37
d38
d6b
d72
d74
d75
d76
dae
daf
de7
dfb
dfc
dfd
8cd
99a
a86
a8a
aa5
ada
b11
b1c
b30
b3e
b48
b49
b4a
b4c
b51
b5c
b92
b98
b9c
c09
c11
c5f
c67
c68
d5f
d7b
da8
db0
db1
db2
ddd
dde
dfe
dff
e00
8e5
9a5
a90
a94
aae
ae2
b16
b1f
b2f
b33
b60
b61
b62
b64
b69
b74
baa
bb0
bb4
c18
c1f
c2b
c73
c74
d2d
d84
db0
db8
db9
dba
de2
de3
e01
e02
e03
8fc
966
a5e
a62
ab7
aea
b1b
b22
b32
b36
b78
b79
b7a
b7b
b81
b8f
bb9
bc7
bcb
bd5
c26
c2a
c33
c34
d37
d8d
db8
dc0
dc1
dc2
de7
de8
e04
e05
e06
885
973
a68
a6c
ac0
af2
b02
b25
b35
b39
b47
b50
b54
b8a
b8b
b8c
b94
b99
ba7
bdc
be4
c38
c40
c41
d41
d96
dc0
dc8
dc9
dca
dce
dcf
e07
e08
e09
89d
980
a72
a76
ac9
afa
b07
b28
b38
b3c
b5f
b68
b6c
ba2
ba3
ba4
bac
bb1
bbf
beb
bf3
c45
c4d
c4e
d4b
d69
da0
da1
da2
dc8
dd3
dd4
e0a
e0b
e0c
8b5
98d
a7c
a80
a9c
ad2
b0c
b2b
b3b
b3f
b44
b77
b80
b84
bba
bbb
bbc
bc3
bc8
bfa
c02
c52
c5a
c5b
d55
d72
da0
da8
da9
daa
dd8
dd9
e0d
e0e
e0f
b56
bc9
bcd
c09
ca7
d8d
d90
da9
df5
dfe
e10
e11
e12
e13
e14
e15
e16
e17
e18
e19
e1a
e1b
e1c
e1d
e1e
e1f
e20
e21
e22
e23
e24
e25
e26
e27
e28
b52
b57
b6e
c18
cb1
d96
d99
db1
df8
e01
e10
e29
e2a
e2b
e2c
e2d
e2e
e2f
e30
e31
e32
e33
e34
e35
e36
e37
e38
e39
e3a
e3b
e3c
e3d
e3e
e3f
e40
b6a
b6f
b86
c26
c7f
d69
d6c
db9
dfb
e04
e29
e41
e42
e43
e44
e45
e46
e47
e48
e49
e4a
e4b
e4c
e4d
e4e
e4f
e50
e51
e52
e53
e54
e55
e56
e57
e58
b82
b87
b9e
bdc
c89
d72
d75
dc1
dec
e07
e41
e59
e5a
e5b
e5c
e5d
e5e
e5f
e60
e61
e62
e63
e64
e65
e66
e67
e68
e69
e6a
e6b
e6c
e6d
e6e
e6f
e70
b9a
b9f
bb6
beb
c93
d7b
d7e
dc9
def
e0a
e59
e71
e72
e73
e74
e75
e76
e77
e78
e79
e7a
e7b
e7c
e7d
e7e
e7f
e80
e81
e82
e83
e84
e85
e86
e87
e88
bb2
bb7
bce
bfa
c9d
d84
d87
da1
df2
e0d
e11
e71
e89
e8a
e8b
e8c
e8d
e8e
e8f
e90
e91
e92
e93
e94
e95
e96
e97
e98
e99
e9a
e9b
e9c
e9d
e9e
e9f
b4b
b58
b81
bca
bdd
c24
c27
ce3
dc1
e07
e12
e13
e14
e15
e16
e5a
e5b
e5c
e89
ea0
ea1
ea2
ea3
ea4
ea5
ea6
ea7
ea8
ea9
eaa
eab
eac
ead
eae
eaf
b53
b63
b70
b99
bda
bde
bec
ced
dc9
e0a
e17
e2a
e2b
e2c
e2d
e2e
e72
e73
e74
ea0
eb0
eb1
eb2
eb3
eb4
eb5
eb6
eb7
eb8
eb9
eba
ebb
ebc
ebd
ebe
b6b
b7c
b88
bb1
be9
bed
bfb
cbb
da1
e0d
e2f
e42
e43
e44
e45
e46
e8a
e8b
e8c
eb0
ebf
ec0
ec1
ec2
ec3
ec4
ec5
ec6
ec7
ec8
ec9
eca
ecb
ecc
ecd
b83
b93
ba0
bc8
bf8
bfc
c0a
cc5
da9
dfe
e18
e19
e1a
e47
e5d
e5e
e5f
e60
e61
ebf
ece
ecf
ed0
ed1
ed2
ed3
ed4
ed5
ed6
ed7
ed8
ed9
eda
edb
edc
b51
b9b
bab
bb8
c07
c0b
c19
ccf
db1
e01
e30
e31
e32
e62
e75
e76
e77
e78
e79
ece
edd
ede
edf
ee0
ee1
ee2
ee3
ee4
ee5
ee6
ee7
ee8
ee9
eea
eeb
b69
bb3
bc2
bcf
c16
c1a
c28
cd9
db9
e04
e48
e49
e4a
e7a
e8d
e8e
e8f
e90
e91
ea1
edd
eec
eed
eee
eef
ef0
ef1
ef2
ef3
ef4
ef5
ef6
ef7
ef8
ef9
b76
b83
ba0
bd6
bdf
c25
c35
c73
c75
d1f
e48
e4b
e5d
e5e
e5f
e63
e89
ea2
ea3
ea4
ea5
efa
efb
efc
efd
efe
eff
f00
f01
f02
f03
f04
f05
f06
f07
b91
b9b
bb8
bdb
be5
bee
c33
c36
c42
d29
e17
e5a
e64
e75
e76
e77
e7b
eb1
eb2
eb3
eb4
efa
f08
f09
f0a
f0b
f0c
f0d
f0e
f0f
f10
f11
f12
f13
f14
ba9
bb3
bcf
bea
bf4
bfd
c40
c43
c4f
cf7
e2f
e72
e7c
e8d
e8e
e8f
e92
ec0
ec1
ec2
ec3
f08
f15
f16
f17
f18
f19
f1a
f1b
f1c
f1d
f1e
f1f
f20
f21
b58
bc1
bca
bf9
c03
c0c
c4d
c50
c5c
d01
e12
e13
e14
e1b
e47
e8a
e93
ecf
ed0
ed1
ed2
f15
f22
f23
f24
f25
f26
f27
f28
f29
f2a
f2b
f2c
f2d
f2e
b46
b53
b70
c08
c12
c1b
c5a
c5d
c69
d0b
e18
e1c
e2a
e2b
e2c
e33
e62
ede
edf
ee0
ee1
f22
f2f
f30
f31
f32
f33
f34
f35
f36
f37
f38
f39
f3a
f3b
b5e
b6b
b88
c17
c20
c29
c67
c6a
c76
d15
e30
e34
e42
e43
e44
e4c
e7a
eec
eed
eee
eef
efb
f2f
f3c
f3d
f3e
f3f
f40
f41
f42
f43
f44
f45
f46
f47
b66
bf3
bf9
c0c
c2f
c37
c74
c80
cb1
d5b
e35
e43
e45
e47
e48
e4b
e4d
e4e
e4f
ecf
ed0
ed3
efc
efd
efe
f48
f49
f4a
f4b
f4c
f4d
f4e
f4f
f50
f51
b7e
c02
c08
c1b
c34
c3c
c44
c7f
c8a
d65
e4d
e5a
e5e
e60
e62
e64
e65
e66
e67
ede
edf
ee2
f09
f0a
f0b
f52
f53
f54
f55
f56
f57
f58
f59
f5a
f5b
b96
c11
c17
c29
c41
c49
c51
c89
c94
d33
e65
e72
e76
e78
e7a
e7c
e7d
e7e
e7f
eec
eed
ef0
f16
f17
f18
f5c
f5d
f5e
f5f
f60
f61
f62
f63
f64
f65
bae
bdf
c1f
c25
c4e
c56
c5e
c93
c9e
d3d
e7d
e89
e8a
e8e
e90
e93
e94
e95
e96
ea2
ea3
ea6
f23
f24
f25
f66
f67
f68
f69
f6a
f6b
f6c
f6d
f6e
f6f
bc5
bd5
bdb
bee
c5b
c63
c6b
c9d
ca8
d47
e13
e15
e17
e18
e1c
e1d
e1e
e1f
e94
eb1
eb2
eb5
f30
f31
f32
f70
f71
f72
f73
f74
f75
f76
f77
f78
f79
b4e
be4
bea
bfd
c68
c6f
c77
ca7
cb2
d51
e1d
e2b
e2d
e2f
e30
e34
e35
e36
e37
ec0
ec1
ec4
f3c
f3d
f3e
f7a
f7b
f7c
f7d
f7e
f7f
f80
f81
f82
f83
b67
bac
be7
c4e
c5e
c7b
c81
cbc
ced
d92
e43
e45
e8a
eb6
ec1
ec2
ec5
ec6
ec7
f23
f24
f26
f48
f49
f4a
f84
f85
f86
f87
f88
f89
f8a
f8b
f8c
f8d
b7f
bc3
bf6
c5b
c6b
c85
c8b
cbb
cc6
d9b
e18
e5e
e60
ec5
ed0
ed1
ed4
ed5
ed6
f30
f31
f33
f52
f53
f54
f8e
f8f
f90
f91
f92
f93
f94
f95
f96
f97
b4c
b97
c05
c68
c77
c8f
c95
cc5
cd0
d6e
e30
e76
e78
ed4
edf
ee0
ee3
ee4
ee5
f3c
f3d
f3f
f5c
f5d
f5e
f98
f99
f9a
f9b
f9c
f9d
f9e
f9f
fa0
fa1
b64
baf
c14
c37
c74
c99
c9f
ccf
cda
d77
e48
e8e
e90
ee3
eed
eee
ef1
ef2
ef3
efc
efd
eff
f66
f67
f68
fa2
fa3
fa4
fa5
fa6
fa7
fa8
fa9
faa
fab
b7b
bc6
c22
c34
c44
ca3
ca9
cd9
ce4
d80
e13
e15
e5a
ea3
ea4
ea7
ea8
ea9
ef1
f09
f0a
f0c
f70
f71
f72
fac
fad
fae
faf
fb0
fb1
fb2
fb3
fb4
fb5
b4f
b94
bd8
c41
c51
cad
cb3
ce3
cee
d89
e2b
e2d
e72
ea7
eb2
eb3
eb6
eb7
eb8
f16
f17
f19
f7a
f7b
f7c
fb6
fb7
fb8
fb9
fba
fbb
fbc
fbd
fbe
fbf
ba8
baf
be8
c3e
c9f
cb7
cbd
cf8
d29
dc3
e8e
ec1
ec2
f0d
f17
f18
f1a
f1b
f1c
f66
f67
f69
f84
f85
f86
fc0
fc1
fc2
fc3
fc4
fc5
fc6
fc7
fc8
fc9
bc0
bc6
bf7
c4b
ca9
cc1
cc7
cf7
d02
dcb
e13
ed0
ed1
f1a
f24
f25
f27
f28
f29
f70
f71
f73
f8e
f8f
f90
fca
fcb
fcc
fcd
fce
fcf
fd0
fd1
fd2
fd3
b45
b4f
c06
c58
cb3
ccb
cd1
d01
d0c
da3
e2b
edf
ee0
f27
f31
f32
f34
f35
f36
f7a
f7b
f7d
f98
f99
f9a
fd4
fd5
fd6
fd7
fd8
fd9
fda
fdb
fdc
fdd
b5d
b67
c15
c65
c81
cd5
cdb
d0b
d16
dab
e43
eed
eee
f34
f3d
f3e
f40
f41
f42
f48
f49
f4b
fa2
fa3
fa4
fde
fdf
fe0
fe1
fe2
fe3
fe4
fe5
fe6
fe7
b75
b7f
c23
c71
c8b
cdf
ce5
d15
d20
db3
e5e
ea3
ea4
efd
efe
f00
f01
f02
f40
f52
f53
f55
fac
fad
fae
fe8
fe9
fea
feb
fec
fed
fee
fef
ff0
ff1
b90
b97
bd9
c31
c95
ce9
cef
d1f
d2a
dbb
e76
eb2
eb3
f00
f0a
f0b
f0d
f0e
f0f
f5c
f5d
f5f
fb6
fb7
fb8
ff2
ff3
ff4
ff5
ff6
ff7
ff8
ff9
ffa
ffb
c10
c15
c3f
c87
cdb
cf3
cf9
d34
d65
de4
eed
f17
f18
f56
f5d
f5e
f60
f61
f62
fa2
fa3
fa5
fc0
fc1
fc2
ffc
ffd
ffe
fff
1000
1001
1002
1003
1004
1005
c1e
c23
c4c
c91
ce5
cfd
d03
d33
d3e
de9
ea3
f24
f25
f60
f67
f68
f6a
f6b
f6c
fac
fad
faf
fca
fcb
fcc
1006
1007
1008
1009
100a
100b
100c
100d
100e
100f
bd4
bd9
c59
c9b
cef
d07
d0d
d3d
d48
dd0
eb2
f31
f32
f6a
f71
f72
f74
f75
f76
fb6
fb7
fb9
fd4
fd5
fd6
1010
1011
1012
1013
1014
1015
1016
1017
1018
1019
be3
be8
c66
ca5
cbd
d11
d17
d47
d52
dd5
ec1
f3d
f3e
f74
f7b
f7c
f7e
f7f
f80
f84
f85
f87
fde
fdf
fe0
101a
101b
101c
101d
101e
101f
1020
1021
1022
1023
bf2
bf7
c72
caf
cc7
d1b
d21
d51
d5c
dda
ed0
efd
efe
f49
f4a
f4c
f4d
f4e
f7e
f8e
f8f
f91
fe8
fe9
fea
1024
1025
1026
1027
1028
1029
102a
102b
102c
102d
c01
c06
c32
c7d
cd1
d25
d2b
d5b
d66
ddf
edf
f0a
f0b
f4c
f53
f54
f56
f57
f58
f98
f99
f9b
ff2
ff3
ff4
102e
102f
1030
1031
1032
1033
1034
1035
1036
1037
c62
c66
c88
cc3
d17
d2f
d35
d6f
d9b
df9
e38
f3d
f5d
f5e
f92
f99
f9a
f9c
f9d
f9e
fde
fdf
fe1
ffc
ffd
ffe
1038
1039
103a
103b
103c
103d
103e
103f
1040
c6e
c72
c92
ccd
d21
d39
d3f
d6e
d78
dfc
e50
efd
f67
f68
f9c
fa3
fa4
fa6
fa7
fa8
fe8
fe9
feb
1006
1007
1008
1041
1042
1043
1044
1045
1046
1047
1048
1049
c2e
c32
c9c
cd7
d2b
d43
d49
d77
d81
ded
e68
f0a
f71
f72
fa6
fad
fae
fb0
fb1
fb2
ff2
ff3
ff5
1010
1011
1012
104a
104b
104c
104d
104e
104f
1050
1051
1052
c3b
c3f
ca6
ce1
cf9
d4d
d53
d80
d8a
df0
e80
f17
f7b
f7c
fb0
fb7
fb8
fba
fbb
fbc
fc0
fc1
fc3
101a
101b
101c
1053
1054
1055
1056
1057
1058
1059
105a
105b
c48
c4c
cb0
ceb
d03
d57
d5d
d89
d93
df3
e97
f24
f49
f4a
f85
f86
f88
f89
f8a
fba
fca
fcb
fcd
1024
1025
1026
105c
105d
105e
105f
1060
1061
1062
1063
1064
c55
c59
c7e
cb9
d0d
d61
d67
d92
d9c
df6
e20
f31
f53
f54
f88
f8f
f90
f92
f93
f94
fd4
fd5
fd7
102e
102f
1030
1065
1066
1067
1068
1069
106a
106b
106c
106d
ca2
ca6
cc4
cff
d53
d6a
d70
da4
dcb
e0b
e38
e73
e81
f7b
f99
f9a
fce
fd5
fd6
fd8
fd9
fda
101a
101b
101d
1038
1039
106e
106f
1070
1071
1072
1073
1074
1075
cac
cb0
cce
d09
d5d
d73
d79
da3
dac
e0e
e50
e8b
e98
f49
fa3
fa4
fd8
fdf
fe0
fe2
fe3
fe4
1024
1025
1027
1041
1042
1076
1077
1078
1079
107a
107b
107c
107d
c7a
c7e
cd8
d13
d67
d7c
d82
dab
db4
dff
e19
e21
e68
f53
fad
fae
fe2
fe9
fea
fec
fed
fee
102e
102f
1031
104a
104b
107e
107f
1080
1081
1082
1083
1084
1085
c84
c88
ce2
d1d
d35
d85
d8b
db3
dbc
e02
e31
e39
e80
f5d
fb7
fb8
fec
ff3
ff4
ff6
ff7
ff8
ffc
ffd
fff
1053
1054
1086
1087
1088
1089
108a
108b
108c
108d
c8e
c92
cec
d27
d3f
d8e
d94
dbb
dc4
e05
e49
e51
e97
f67
f85
f86
fc1
fc2
fc4
fc5
fc6
ff6
1006
1007
1009
105c
105d
108e
108f
1090
1091
1092
1093
1094
1095
c98
c9c
cba
cf5
d49
d97
d9d
dc3
dcc
e08
e20
e5b
e69
f71
f8f
f90
fc4
fcb
fcc
fce
fcf
fd0
1010
1011
1013
1065
1066
1096
1097
1098
1099
109a
109b
109c
109d
bb7
cde
ce2
d00
d3b
d8b
d9f
da5
dd1
de9
e71
e73
e77
e79
e80
e81
e82
e83
fb7
fd5
fd6
100a
1011
1012
1014
1015
1016
1053
1055
106e
109e
109f
10a0
10a1
10a2
bcd
ce8
cec
d0a
d45
d94
da7
dad
dd0
dd6
e11
e8b
e8f
e91
e97
e98
e99
e9a
f85
fdf
fe0
1014
101b
101c
101e
101f
1020
105c
105e
1076
10a3
10a4
10a5
10a6
10a7
b57
cb6
cba
d14
d4f
d9d
daf
db5
dd5
ddb
e10
e14
e16
e19
e20
e21
e22
e23
f8f
fe9
fea
101e
1025
1026
1028
1029
102a
1065
1067
107e
10a8
10a9
10aa
10ab
10ac
b6f
cc0
cc4
d1e
d59
d70
db7
dbd
dda
de0
e29
e2c
e2e
e31
e38
e39
e3a
e3b
f99
ff3
ff4
1028
102f
1030
1032
1033
1034
1038
103a
1086
10ad
10ae
10af
10b0
10b1
b87
cca
cce
d28
d63
d79
dbf
dc5
ddf
de5
e41
e44
e46
e49
e50
e51
e52
e53
fa3
fc1
fc2
ffd
ffe
1000
1001
1002
1032
1041
1043
108e
10b2
10b3
10b4
10b5
10b6
b9f
cd4
cd8
cf6
d31
d82
dc7
dcd
de4
dea
e59
e5b
e5f
e61
e68
e69
e6a
e6b
fad
fcb
fcc
1000
1007
1008
100a
100b
100c
104a
104c
1096
10b7
10b8
10b9
10ba
10bb
c1a
d1a
d1e
d3c
d76
dbd
dcf
dd2
dee
dfc
e31
e62
e68
e6c
e6d
e77
e79
edd
ee1
ee6
ee7
ff3
1011
1012
1044
104b
104d
104e
104f
1086
1087
109e
10bc
10bd
10be
c27
d24
d28
d46
d7f
dc5
dd4
dd7
ded
df1
e49
e7a
e80
e84
e85
e8f
e91
ea1
eef
ef4
ef5
fc1
101b
101c
104d
1054
1056
1057
1058
108e
108f
10a3
10bf
10c0
10c1
bde
cf2
cf6
d50
d88
dcd
dd9
ddc
df0
df4
e14
e16
e5b
e89
e97
e9b
e9c
ea0
ea5
eaa
eab
fcb
1025
1026
1056
105d
105f
1060
1061
1096
1097
10a8
10c2
10c3
10c4
bed
cfc
d00
d5a
d91
da5
dde
de1
df3
df7
e17
e20
e24
e25
e2c
e2e
e73
eb0
eb4
eb9
eba
fd5
102f
1030
105f
1066
1068
1069
106a
106e
106f
10ad
10c5
10c6
10c7
bfc
d06
d0a
d64
d9a
dad
de3
de6
df6
dfa
e2f
e38
e3c
e3d
e44
e46
e8b
ebf
ec3
ec8
ec9
fdf
ffd
ffe
1039
103b
103c
103d
1068
1076
1077
10b2
10c8
10c9
10ca
c0b
d10
d14
d32
d6d
db5
de8
deb
df9
dfd
e19
e47
e50
e54
e55
e5f
e61
ece
ed2
ed7
ed8
fe9
1007
1008
103b
1042
1044
1045
1046
107e
107f
10b7
10cb
10cc
10cd
b9d
c6a
d56
d5a
d75
daa
de1
dec
e00
e0e
e18
e19
e1a
e1c
e21
e2c
e62
e68
e6c
ed9
ee1
f2f
f37
f38
102f
104b
1078
1080
1081
1082
10ad
10ae
10ce
10cf
10d0
bb5
c75
d60
d64
d7e
db2
de6
def
dff
e03
e30
e31
e32
e34
e39
e44
e7a
e80
e84
ee8
eef
efb
f43
f44
ffd
1054
1080
1088
1089
108a
10b2
10b3
10d1
10d2
10d3
bcc
c36
d2e
d32
d87
dba
deb
df2
e02
e06
e48
e49
e4a
e4b
e51
e5f
e89
e97
e9b
ea5
ef6
efa
f03
f04
1007
105d
1088
1090
1091
1092
10b7
10b8
10d4
10d5
10d6
b55
c43
d38
d3c
d90
dc2
dd2
df5
e05
e09
e17
e20
e24
e5a
e5b
e5c
e64
e69
e77
eac
eb4
f08
f10
f11
1011
1066
1090
1098
1099
109a
109e
109f
10d7
10d8
10d9
b6d
c50
d42
d46
d99
dca
dd7
df8
e08
e0c
e2f
e38
e3c
e72
e73
e74
e7c
e81
e8f
ebb
ec3
f15
f1d
f1e
101b
1039
1070
1071
1072
1098
10a3
10a4
10da
10db
10dc
b85
c5d
d4c
d50
d6c
da2
ddc
dfb
e0b
e0f
e14
e47
e50
e54
e8a
e8b
e8c
e93
e98
eca
ed2
f22
f2a
f2b
1025
1042
1070
1078
1079
107a
10a8
10a9
10dd
10de
10df
e26
e99
e9d
ed9
f77
105d
1060
1079
10c5
10ce
10e0
10e1
10e2
10e3
10e4
10e5
10e6
10e7
10e8
10e9
10ea
10eb
10ec
10ed
10ee
10ef
10f0
10f1
10f2
10f3
10f4
10f5
10f6
10f7
10f8
e22
e27
e3e
ee8
f81
1066
1069
1081
10c8
10d1
10e0
10f9
10fa
10fb
10fc
10fd
10fe
10ff
1100
1101
1102
1103
1104
1105
1106
1107
1108
1109
110a
110b
110c
110d
110e
110f
1110
e3a
e3f
e56
ef6
f4f
1039
103c
1089
10cb
10d4
10f9
1111
1112
1113
1114
1115
1116
1117
1118
1119
111a
111b
111c
111d
111e
111f
1120
1121
1122
1123
1124
1125
1126
1127
1128
e52
e57
e6e
eac
f59
1042
1045
1091
10bc
10d7
1111
1129
112a
112b
112c
112d
112e
112f
1130
1131
1132
1133
1134
1135
1136
1137
1138
1139
113a
113b
113c
113d
113e
113f
1140
e6a
e6f
e86
ebb
f63
104b
104e
1099
10bf
10da
1129
1141
1142
1143
1144
1145
1146
1147
1148
1149
114a
114b
114c
114d
114e
114f
1150
1151
1152
1153
1154
1155
1156
1157
1158
e82
e87
e9e
eca
f6d
1054
1057
1071
10c2
10dd
10e1
1141
1159
115a
115b
115c
115d
115e
115f
1160
1161
1162
1163
1164
1165
1166
1167
1168
1169
116a
116b
116c
116d
116e
116f
e1b
e28
e51
e9a
ead
ef4
ef7
fb3
1091
10d7
10e2
10e3
10e4
10e5
10e6
112a
112b
112c
1159
1170
1171
1172
1173
1174
1175
1176
1177
1178
1179
117a
117b
117c
117d
117e
117f
e23
e33
e40
e69
eaa
eae
ebc
fbd
1099
10da
10e7
10fa
10fb
10fc
10fd
10fe
1142
1143
1144
1170
1180
1181
1182
1183
1184
1185
1186
1187
1188
1189
118a
118b
118c
118d
118e
e3b
e4c
e58
e81
eb9
ebd
ecb
f8b
1071
10dd
10ff
1112
1113
1114
1115
1116
115a
115b
115c
1180
118f
1190
1191
1192
1193
1194
1195
1196
1197
1198
1199
119a
119b
119c
119d
e53
e63
e70
e98
ec8
ecc
eda
f95
1079
10ce
10e8
10e9
10ea
1117
112d
112e
112f
1130
1131
118f
119e
119f
11a0
11a1
11a2
11a3
11a4
11a5
11a6
11a7
11a8
11a9
11aa
11ab
11ac
e21
e6b
e7b
e88
ed7
edb
ee9
f9f
1081
10d1
1100
1101
1102
1132
1145
1146
1147
1148
1149
119e
11ad
11ae
11af
11b0
11b1
11b2
11b3
11b4
11b5
11b6
11b7
11b8
11b9
11ba
11bb
e39
e83
e92
e9f
ee6
eea
ef8
fa9
1089
10d4
1118
1119
111a
114a
115d
115e
115f
1160
1161
1171
11ad
11bc
11bd
11be
11bf
11c0
11c1
11c2
11c3
11c4
11c5
11c6
11c7
11c8
11c9
e46
e53
e70
ea6
eaf
ef5
f05
f43
f45
fef
1118
111b
112d
112e
112f
1133
1159
1172
1173
1174
1175
11ca
11cb
11cc
11cd
11ce
11cf
11d0
11d1
11d2
11d3
11d4
11d5
11d6
11d7
e61
e6b
e88
eab
eb5
ebe
f03
f06
f12
ff9
10e7
112a
1134
1145
1146
1147
114b
1181
1182
1183
1184
11ca
11d8
11d9
11da
11db
11dc
11dd
11de
11df
11e0
11e1
11e2
11e3
11e4
e79
e83
e9f
eba
ec4
ecd
f10
f13
f1f
fc7
10ff
1142
114c
115d
115e
115f
1162
1190
1191
1192
1193
11d8
11e5
11e6
11e7
11e8
11e9
11ea
11eb
11ec
11ed
11ee
11ef
11f0
11f1
e28
e91
e9a
ec9
ed3
edc
f1d
f20
f2c
fd1
10e2
10e3
10e4
10eb
1117
115a
1163
119f
11a0
11a1
11a2
11e5
11f2
11f3
11f4
11f5
11f6
11f7
11f8
11f9
11fa
11fb
11fc
11fd
11fe
e16
e23
e40
ed8
ee2
eeb
f2a
f2d
f39
fdb
10e8
10ec
10fa
10fb
10fc
1103
1132
11ae
11af
11b0
11b1
11f2
11ff
1200
1201
1202
1203
1204
1205
1206
1207
1208
1209
120a
120b
e2e
e3b
e58
ee7
ef0
ef9
f37
f3a
f46
fe5
1100
1104
1112
1113
1114
111c
114a
11bc
11bd
11be
11bf
11cb
11ff
120c
120d
120e
120f
1210
1211
1212
1213
1214
1215
1216
1217
e36
ec3
ec9
edc
eff
f07
f44
f50
f81
102b
1105
1113
1115
1117
1118
111b
111d
111e
111f
119f
11a0
11a3
11cc
11cd
11ce
1218
1219
121a
121b
121c
121d
121e
121f
1220
1221
e4e
ed2
ed8
eeb
f04
f0c
f14
f4f
f5a
1035
111d
112a
112e
1130
1132
1134
1135
1136
1137
11ae
11af
11b2
11d9
11da
11db
1222
1223
1224
1225
1226
1227
1228
1229
122a
122b
e66
ee1
ee7
ef9
f11
f19
f21
f59
f64
1003
1135
1142
1146
1148
114a
114c
114d
114e
114f
11bc
11bd
11c0
11e6
11e7
11e8
122c
122d
122e
122f
1230
1231
1232
1233
1234
1235
e7e
eaf
eef
ef5
f1e
f26
f2e
f63
f6e
100d
114d
1159
115a
115e
1160
1163
1164
1165
1166
1172
1173
1176
11f3
11f4
11f5
1236
1237
1238
1239
123a
123b
123c
123d
123e
123f
e95
ea5
eab
ebe
f2b
f33
f3b
f6d
f78
1017
10e3
10e5
10e7
10e8
10ec
10ed
10ee
10ef
1164
1181
1182
1185
1200
1201
1202
1240
1241
1242
1243
1244
1245
1246
1247
1248
1249
e1e
eb4
eba
ecd
f38
f3f
f47
f77
f82
1021
10ed
10fb
10fd
10ff
1100
1104
1105
1106
1107
1190
1191
1194
120c
120d
120e
124a
124b
124c
124d
124e
124f
1250
1251
1252
1253
e37
e7c
eb7
f1e
f2e
f4b
f51
f8c
fbd
1062
1113
1115
115a
1186
1191
1192
1195
1196
1197
11f3
11f4
11f6
1218
1219
121a
1254
1255
1256
1257
1258
1259
125a
125b
125c
125d
e4f
e93
ec6
f2b
f3b
f55
f5b
f8b
f96
106b
10e8
112e
1130
1195
11a0
11a1
11a4
11a5
11a6
1200
1201
1203
1222
1223
1224
125e
125f
1260
1261
1262
1263
1264
1265
1266
1267
e1c
e67
ed5
f38
f47
f5f
f65
f95
fa0
103e
1100
1146
1148
11a4
11af
11b0
11b3
11b4
11b5
120c
120d
120f
122c
122d
122e
1268
1269
126a
126b
126c
126d
126e
126f
1270
1271
e34
e7f
ee4
f07
f44
f69
f6f
f9f
faa
1047
1118
115e
1160
11b3
11bd
11be
11c1
11c2
11c3
11cc
11cd
11cf
1236
1237
1238
1272
1273
1274
1275
1276
1277
1278
1279
127a
127b
e4b
e96
ef2
f04
f14
f73
f79
fa9
fb4
1050
10e3
10e5
112a
1173
1174
1177
1178
1179
11c1
11d9
11da
11dc
1240
1241
1242
127c
127d
127e
127f
1280
1281
1282
1283
1284
1285
e1f
e64
ea8
f11
f21
f7d
f83
fb3
fbe
1059
10fb
10fd
1142
1177
1182
1183
1186
1187
1188
11e6
11e7
11e9
124a
124b
124c
1286
1287
1288
1289
128a
128b
128c
128d
128e
128f
e78
e7f
eb8
f0e
f6f
f87
f8d
fc8
ff9
1093
115e
1191
1192
11dd
11e7
11e8
11ea
11eb
11ec
1236
1237
1239
1254
1255
1256
1290
1291
1292
1293
1294
1295
1296
1297
1298
1299
e90
e96
ec7
f1b
f79
f91
f97
fc7
fd2
109b
10e3
11a0
11a1
11ea
11f4
11f5
11f7
11f8
11f9
1240
1241
1243
125e
125f
1260
129a
129b
129c
129d
129e
129f
12a0
12a1
12a2
12a3
e15
e1f
ed6
f28
f83
f9b
fa1
fd1
fdc
1073
10fb
11af
11b0
11f7
1201
1202
1204
1205
1206
124a
124b
124d
1268
1269
126a
12a4
12a5
12a6
12a7
12a8
12a9
12aa
12ab
12ac
12ad
e2d
e37
ee5
f35
f51
fa5
fab
fdb
fe6
107b
1113
11bd
11be
1204
120d
120e
1210
1211
1212
1218
1219
121b
1272
1273
1274
12ae
12af
12b0
12b1
12b2
12b3
12b4
12b5
12b6
12b7
e45
e4f
ef3
f41
f5b
faf
fb5
fe5
ff0
1083
112e
1173
1174
11cd
11ce
11d0
11d1
11d2
1210
1222
1223
1225
127c
127d
127e
12b8
12b9
12ba
12bb
12bc
12bd
12be
12bf
12c0
12c1
e60
e67
ea9
f01
f65
fb9
fbf
fef
ffa
108b
1146
1182
1183
11d0
11da
11db
11dd
11de
11df
122c
122d
122f
1286
1287
1288
12c2
12c3
12c4
12c5
12c6
12c7
12c8
12c9
12ca
12cb
ee0
ee5
f0f
f57
fab
fc3
fc9
1004
1035
10b4
11bd
11e7
11e8
1226
122d
122e
1230
1231
1232
1272
1273
1275
1290
1291
1292
12cc
12cd
12ce
12cf
12d0
12d1
12d2
12d3
12d4
12d5
eee
ef3
f1c
f61
fb5
fcd
fd3
1003
100e
10b9
1173
11f4
11f5
1230
1237
1238
123a
123b
123c
127c
127d
127f
129a
129b
129c
12d6
12d7
12d8
12d9
12da
12db
12dc
12dd
12de
12df
ea4
ea9
f29
f6b
fbf
fd7
fdd
100d
1018
10a0
1182
1201
1202
123a
1241
1242
1244
1245
1246
1286
1287
1289
12a4
12a5
12a6
12e0
12e1
12e2
12e3
12e4
12e5
12e6
12e7
12e8
12e9
eb3
eb8
f36
f75
f8d
fe1
fe7
1017
1022
10a5
1191
120d
120e
1244
124b
124c
124e
124f
1250
1254
1255
1257
12ae
12af
12b0
12ea
12eb
12ec
12ed
12ee
12ef
12f0
12f1
12f2
12f3
ec2
ec7
f42
f7f
f97
feb
ff1
1021
102c
10aa
11a0
11cd
11ce
1219
121a
121c
121d
121e
124e
125e
125f
1261
12b8
12b9
12ba
12f4
12f5
12f6
12f7
12f8
12f9
12fa
12fb
12fc
12fd
ed1
ed6
f02
f4d
fa1
ff5
ffb
102b
1036
10af
11af
11da
11db
121c
1223
1224
1226
1227
1228
1268
1269
126b
12c2
12c3
12c4
12fe
12ff
1300
1301
1302
1303
1304
1305
1306
1307
f32
f36
f58
f93
fe7
fff
1005
103f
106b
10c9
1108
120d
122d
122e
1262
1269
126a
126c
126d
126e
12ae
12af
12b1
12cc
12cd
12ce
1308
1309
130a
130b
130c
130d
130e
130f
1310
f3e
f42
f62
f9d
ff1
1009
100f
103e
1048
10cc
1120
11cd
1237
1238
126c
1273
1274
1276
1277
1278
12b8
12b9
12bb
12d6
12d7
12d8
1311
1312
1313
1314
1315
1316
1317
1318
1319
efe
f02
f6c
fa7
ffb
1013
1019
1047
1051
10bd
1138
11da
1241
1242
1276
127d
127e
1280
1281
1282
12c2
12c3
12c5
12e0
12e1
12e2
131a
131b
131c
131d
131e
131f
1320
1321
1322
f0b
f0f
f76
fb1
fc9
101d
1023
1050
105a
10c0
1150
11e7
124b
124c
1280
1287
1288
128a
128b
128c
1290
1291
1293
12ea
12eb
12ec
1323
1324
1325
1326
1327
1328
1329
132a
132b
f18
f1c
f80
fbb
fd3
1027
102d
1059
1063
10c3
1167
11f4
1219
121a
1255
1256
1258
1259
125a
128a
129a
129b
129d
12f4
12f5
12f6
132c
132d
132e
132f
1330
1331
1332
1333
1334
f25
f29
f4e
f89
fdd
1031
1037
1062
106c
10c6
10f0
1201
1223
1224
1258
125f
1260
1262
1263
1264
12a4
12a5
12a7
12fe
12ff
1300
1335
1336
1337
1338
1339
133a
133b
133c
133d
f72
f76
f94
fcf
1023
103a
1040
1074
109b
10db
1108
1143
1151
124b
1269
126a
129e
12a5
12a6
12a8
12a9
12aa
12ea
12eb
12ed
1308
1309
133e
133f
1340
1341
1342
1343
1344
1345
f7c
f80
f9e
fd9
102d
1043
1049
1073
107c
10de
1120
115b
1168
1219
1273
1274
12a8
12af
12b0
12b2
12b3
12b4
12f4
12f5
12f7
1311
1312
1346
1347
1348
1349
134a
134b
134c
134d
f4a
f4e
fa8
fe3
1037
104c
1052
107b
1084
10cf
10e9
10f1
1138
1223
127d
127e
12b2
12b9
12ba
12bc
12bd
12be
12fe
12ff
1301
131a
131b
134e
134f
1350
1351
1352
1353
1354
1355
f54
f58
fb2
fed
1005
1055
105b
1083
108c
10d2
1101
1109
1150
122d
1287
1288
12bc
12c3
12c4
12c6
12c7
12c8
12cc
12cd
12cf
1323
1324
1356
1357
1358
1359
135a
135b
135c
135d
f5e
f62
fbc
ff7
100f
105e
1064
108b
1094
10d5
1119
1121
1167
1237
1255
1256
1291
1292
1294
1295
1296
12c6
12d6
12d7
12d9
132c
132d
135e
135f
1360
1361
1362
1363
1364
1365
f68
f6c
f8a
fc5
1019
1067
106d
1093
109c
10d8
10f0
112b
1139
1241
125f
1260
1294
129b
129c
129e
129f
12a0
12e0
12e1
12e3
1335
1336
1366
1367
1368
1369
136a
136b
136c
136d
e87
fae
fb2
fd0
100b
105b
106f
1075
10a1
10b9
1141
1143
1147
1149
1150
1151
1152
1153
1287
12a5
12a6
12da
12e1
12e2
12e4
12e5
12e6
1323
1325
133e
136e
136f
1370
1371
1372
e9d
fb8
fbc
fda
1015
1064
1077
107d
10a0
10a6
10e1
115b
115f
1161
1167
1168
1169
116a
1255
12af
12b0
12e4
12eb
12ec
12ee
12ef
12f0
132c
132e
1346
1373
1374
1375
1376
1377
e27
f86
f8a
fe4
101f
106d
107f
1085
10a5
10ab
10e0
10e4
10e6
10e9
10f0
10f1
10f2
10f3
125f
12b9
12ba
12ee
12f5
12f6
12f8
12f9
12fa
1335
1337
134e
1378
1379
137a
137b
137c
e3f
f90
f94
fee
1029
1040
1087
108d
10aa
10b0
10f9
10fc
10fe
1101
1108
1109
110a
110b
1269
12c3
12c4
12f8
12ff
1300
1302
1303
1304
1308
130a
1356
137d
137e
137f
1380
1381
e57
f9a
f9e
ff8
1033
1049
108f
1095
10af
10b5
1111
1114
1116
1119
1120
1121
1122
1123
1273
1291
1292
12cd
12ce
12d0
12d1
12d2
1302
1311
1313
135e
1382
1383
1384
1385
1386
e6f
fa4
fa8
fc6
1001
1052
1097
109d
10b4
10ba
1129
112b
112f
1131
1138
1139
113a
113b
127d
129b
129c
12d0
12d7
12d8
12da
12db
12dc
131a
131c
1366
1387
1388
1389
138a
138b
eea
fea
fee
100c
1046
108d
109f
10a2
10be
10cc
1101
1132
1138
113c
113d
1147
1149
11ad
11b1
11b6
11b7
12c3
12e1
12e2
1314
131b
131d
131e
131f
1356
1357
136e
138c
138d
138e
ef7
ff4
ff8
1016
104f
1095
10a4
10a7
10bd
10c1
1119
114a
1150
1154
1155
115f
1161
1171
11bf
11c4
11c5
1291
12eb
12ec
131d
1324
1326
1327
1328
135e
135f
1373
138f
1390
1391
eae
fc2
fc6
1020
1058
109d
10a9
10ac
10c0
10c4
10e4
10e6
112b
1159
1167
116b
116c
1170
1175
117a
117b
129b
12f5
12f6
1326
132d
132f
1330
1331
1366
1367
1378
1392
1393
1394
ebd
fcc
fd0
102a
1061
1075
10ae
10b1
10c3
10c7
10e7
10f0
10f4
10f5
10fc
10fe
1143
1180
1184
1189
118a
12a5
12ff
1300
132f
1336
1338
1339
133a
133e
133f
137d
1395
1396
1397
ecc
fd6
fda
1034
106a
107d
10b3
10b6
10c6
10ca
10ff
1108
110c
110d
1114
1116
115b
118f
1193
1198
1199
12af
12cd
12ce
1309
130b
130c
130d
1338
1346
1347
1382
1398
1399
139a
edb
fe0
fe4
1002
103d
1085
10b8
10bb
10c9
10cd
10e9
1117
1120
1124
1125
112f
1131
119e
11a2
11a7
11a8
12b9
12d7
12d8
130b
1312
1314
1315
1316
134e
134f
1387
139b
139c
139d
e6d
f3a
1026
102a
1045
107a
10b1
10bc
10d0
10de
10e8
10e9
10ea
10ec
10f1
10fc
1132
1138
113c
11a9
11b1
11ff
1207
1208
12ff
131b
1348
1350
1351
1352
137d
137e
139e
139f
13a0
e85
f45
1030
1034
104e
1082
10b6
10bf
10cf
10d3
1100
1101
1102
1104
1109
1114
114a
1150
1154
11b8
11bf
11cb
1213
1214
12cd
1324
1350
1358
1359
135a
1382
1383
13a1
13a2
13a3
e9c
f06
ffe
1002
1057
108a
10bb
10c2
10d2
10d6
1118
1119
111a
111b
1121
112f
1159
1167
116b
1175
11c6
11ca
11d3
11d4
12d7
132d
1358
1360
1361
1362
1387
1388
13a4
13a5
13a6
e25
f13
1008
100c
1060
1092
10a2
10c5
10d5
10d9
10e7
10f0
10f4
112a
112b
112c
1134
1139
1147
117c
1184
11d8
11e0
11e1
12e1
1336
1360
1368
1369
136a
136e
136f
13a7
13a8
13a9
e3d
f20
1012
1016
1069
109a
10a7
10c8
10d8
10dc
10ff
1108
110c
1142
1143
1144
114c
1151
115f
118b
1193
11e5
11ed
11ee
12eb
1309
1340
1341
1342
1368
1373
1374
13aa
13ab
13ac
e55
f2d
101c
1020
103c
1072
10ac
10cb
10db
10df
10e4
1117
1120
1124
115a
115b
115c
1163
1168
119a
11a2
11f2
11fa
11fb
12f5
1312
1340
1348
1349
134a
1378
1379
13ad
13ae
13af
10f6
1169
116d
11a9
1247
132d
1330
1349
1395
139e
13b0
13b1
13b2
13b3
13b4
13b5
13b6
13b7
13b8
13b9
13ba
13bb
13bc
13bd
13be
13bf
13c0
13c1
13c2
13c3
13c4
13c5
13c6
13c7
13c8
10f2
10f7
110e
11b8
1251
1336
1339
1351
1398
13a1
13b0
13c9
13ca
13cb
13cc
13cd
13ce
13cf
13d0
13d1
13d2
13d3
13d4
13d5
13d6
13d7
13d8
13d9
13da
13db
13dc
13dd
13de
13df
13e0
110a
110f
1126
11c6
121f
1309
130c
1359
139b
13a4
13c9
13e1
13e2
13e3
13e4
13e5
13e6
13e7
13e8
13e9
13ea
13eb
13ec
13ed
13ee
13ef
13f0
13f1
13f2
13f3
13f4
13f5
13f6
13f7
13f8
1122
1127
113e
117c
1229
1312
1315
1361
138c
13a7
13e1
13f9
13fa
13fb
13fc
13fd
13fe
13ff
1400
1401
1402
1403
1404
1405
1406
1407
1408
1409
140a
140b
140c
140d
140e
140f
1410
113a
113f
1156
118b
1233
131b
131e
1369
138f
13aa
13f9
1411
1412
1413
1414
1415
1416
1417
1418
1419
141a
141b
141c
141d
141e
141f
1420
1421
1422
1423
1424
1425
1426
1427
1428
1152
1157
116e
119a
123d
1324
1327
1341
1392
13ad
13b1
1411
1429
142a
142b
142c
142d
142e
142f
1430
1431
1432
1433
1434
1435
1436
1437
1438
1439
143a
143b
143c
143d
143e
143f
10eb
10f8
1121
116a
117d
11c4
11c7
1283
1361
13a7
13b2
13b3
13b4
13b5
13b6
13fa
13fb
13fc
1429
1440
1441
1442
1443
1444
1445
1446
1447
1448
1449
144a
144b
144c
144d
144e
144f
10f3
1103
1110
1139
117a
117e
118c
128d
1369
13aa
13b7
13ca
13cb
13cc
13cd
13ce
1412
1413
1414
1440
1450
1451
1452
1453
1454
1455
1456
1457
1458
1459
145a
145b
145c
145d
145e
110b
111c
1128
1151
1189
118d
119b
125b
1341
13ad
13cf
13e2
13e3
13e4
13e5
13e6
142a
142b
142c
1450
145f
1460
1461
1462
1463
1464
1465
1466
1467
1468
1469
146a
146b
146c
146d
1123
1133
1140
1168
1198
119c
11aa
1265
1349
139e
13b8
13b9
13ba
13e7
13fd
13fe
13ff
1400
1401
145f
146e
146f
1470
1471
1472
1473
1474
1475
1476
1477
1478
1479
147a
147b
147c
10f1
113b
114b
1158
11a7
11ab
11b9
126f
1351
13a1
13d0
13d1
13d2
1402
1415
1416
1417
1418
1419
146e
147d
147e
147f
1480
1481
1482
1483
1484
1485
1486
1487
1488
1489
148a
148b
1109
1153
1162
116f
11b6
11ba
11c8
1279
1359
13a4
13e8
13e9
13ea
141a
142d
142e
142f
1430
1431
1441
147d
148c
148d
148e
148f
1490
1491
1492
1493
1494
1495
1496
1497
1498
1499
1116
1123
1140
1176
117f
11c5
11d5
1213
1215
12bf
13e8
13eb
13fd
13fe
13ff
1403
1429
1442
1443
1444
1445
149a
149b
149c
149d
149e
149f
14a0
14a1
14a2
14a3
14a4
14a5
14a6
14a7
1131
113b
1158
117b
1185
118e
11d3
11d6
11e2
12c9
13b7
13fa
1404
1415
1416
1417
141b
1451
1452
1453
1454
149a
14a8
14a9
14aa
14ab
14ac
14ad
14ae
14af
14b0
14b1
14b2
14b3
14b4
1149
1153
116f
118a
1194
119d
11e0
11e3
11ef
1297
13cf
1412
141c
142d
142e
142f
1432
1460
1461
1462
1463
14a8
14b5
14b6
14b7
14b8
14b9
14ba
14bb
14bc
14bd
14be
14bf
14c0
14c1
10f8
1161
116a
1199
11a3
11ac
11ed
11f0
11fc
12a1
13b2
13b3
13b4
13bb
13e7
142a
1433
146f
1470
1471
1472
14b5
14c2
14c3
14c4
14c5
14c6
14c7
14c8
14c9
14ca
14cb
14cc
14cd
14ce
10e6
10f3
1110
11a8
11b2
11bb
11fa
11fd
1209
12ab
13b8
13bc
13ca
13cb
13cc
13d3
1402
147e
147f
1480
1481
14c2
14cf
14d0
14d1
14d2
14d3
14d4
14d5
14d6
14d7
14d8
14d9
14da
14db
10fe
110b
1128
11b7
11c0
11c9
1207
120a
1216
12b5
13d0
13d4
13e2
13e3
13e4
13ec
141a
148c
148d
148e
148f
149b
14cf
14dc
14dd
14de
14df
14e0
14e1
14e2
14e3
14e4
14e5
14e6
14e7
1106
1193
1199
11ac
11cf
11d7
1214
1220
1251
12fb
13d5
13e3
13e5
13e7
13e8
13eb
13ed
13ee
13ef
146f
1470
1473
149c
149d
149e
14e8
14e9
14ea
14eb
14ec
14ed
14ee
14ef
14f0
14f1
111e
11a2
11a8
11bb
11d4
11dc
11e4
121f
122a
1305
13ed
13fa
13fe
1400
1402
1404
1405
1406
1407
147e
147f
1482
14a9
14aa
14ab
14f2
14f3
14f4
14f5
14f6
14f7
14f8
14f9
14fa
14fb
1136
11b1
11b7
11c9
11e1
11e9
11f1
1229
1234
12d3
1405
1412
1416
1418
141a
141c
141d
141e
141f
148c
148d
1490
14b6
14b7
14b8
14fc
14fd
14fe
14ff
1500
1501
1502
1503
1504
1505
114e
117f
11bf
11c5
11ee
11f6
11fe
1233
123e
12dd
141d
1429
142a
142e
1430
1433
1434
1435
1436
1442
1443
1446
14c3
14c4
14c5
1506
1507
1508
1509
150a
150b
150c
150d
150e
150f
1165
1175
117b
118e
11fb
1203
120b
123d
1248
12e7
13b3
13b5
13b7
13b8
13bc
13bd
13be
13bf
1434
1451
1452
1455
14d0
14d1
14d2
1510
1511
1512
1513
1514
1515
1516
1517
1518
1519
10ee
1184
118a
119d
1208
120f
1217
1247
1252
12f1
13bd
13cb
13cd
13cf
13d0
13d4
13d5
13d6
13d7
1460
1461
1464
14dc
14dd
14de
151a
151b
151c
151d
151e
151f
1520
1521
1522
1523
1107
114c
1187
11ee
11fe
121b
1221
125c
128d
1332
13e3
13e5
142a
1456
1461
1462
1465
1466
1467
14c3
14c4
14c6
14e8
14e9
14ea
1524
1525
1526
1527
1528
1529
152a
152b
152c
152d
111f
1163
1196
11fb
120b
1225
122b
125b
1266
133b
13b8
13fe
1400
1465
1470
1471
1474
1475
1476
14d0
14d1
14d3
14f2
14f3
14f4
152e
152f
1530
1531
1532
1533
1534
1535
1536
1537
10ec
1137
11a5
1208
1217
122f
1235
1265
1270
130e
13d0
1416
1418
1474
147f
1480
1483
1484
1485
14dc
14dd
14df
14fc
14fd
14fe
1538
1539
153a
153b
153c
153d
153e
153f
1540
1541
1104
114f
11b4
11d7
1214
1239
123f
126f
127a
1317
13e8
142e
1430
1483
148d
148e
1491
1492
1493
149c
149d
149f
1506
1507
1508
1542
1543
1544
1545
1546
1547
1548
1549
154a
154b
111b
1166
11c2
11d4
11e4
1243
1249
1279
1284
1320
13b3
13b5
13fa
1443
1444
1447
1448
1449
1491
14a9
14aa
14ac
1510
1511
1512
154c
154d
154e
154f
1550
1551
1552
1553
1554
1555
10ef
1134
1178
11e1
11f1
124d
1253
1283
128e
1329
13cb
13cd
1412
1447
1452
1453
1456
1457
1458
14b6
14b7
14b9
151a
151b
151c
1556
1557
1558
1559
155a
155b
155c
155d
155e
155f
1148
114f
1188
11de
123f
1257
125d
1298
12c9
1363
142e
1461
1462
14ad
14b7
14b8
14ba
14bb
14bc
1506
1507
1509
1524
1525
1526
1560
1561
1562
1563
1564
1565
1566
1567
1568
1569
1160
1166
1197
11eb
1249
1261
1267
1297
12a2
136b
13b3
1470
1471
14ba
14c4
14c5
14c7
14c8
14c9
1510
1511
1513
152e
152f
1530
156a
156b
156c
156d
156e
156f
1570
1571
1572
1573
10e5
10ef
11a6
11f8
1253
126b
1271
12a1
12ac
1343
13cb
147f
1480
14c7
14d1
14d2
14d4
14d5
14d6
151a
151b
151d
1538
1539
153a
1574
1575
1576
1577
1578
1579
157a
157b
157c
157d
10fd
1107
11b5
1205
1221
1275
127b
12ab
12b6
134b
13e3
148d
148e
14d4
14dd
14de
14e0
14e1
14e2
14e8
14e9
14eb
1542
1543
1544
157e
157f
1580
1581
1582
1583
1584
1585
1586
1587
1115
111f
11c3
1211
122b
127f
1285
12b5
12c0
1353
13fe
1443
1444
149d
149e
14a0
14a1
14a2
14e0
14f2
14f3
14f5
154c
154d
154e
1588
1589
158a
158b
158c
158d
158e
158f
1590
1591
1130
1137
1179
11d1
1235
1289
128f
12bf
12ca
135b
1416
1452
1453
14a0
14aa
14ab
14ad
14ae
14af
14fc
14fd
14ff
1556
1557
1558
1592
1593
1594
1595
1596
1597
1598
1599
159a
159b
11b0
11b5
11df
1227
127b
1293
1299
12d4
1305
1384
148d
14b7
14b8
14f6
14fd
14fe
1500
1501
1502
1542
1543
1545
1560
1561
1562
159c
159d
159e
159f
15a0
15a1
15a2
15a3
15a4
15a5
11be
11c3
11ec
1231
1285
129d
12a3
12d3
12de
1389
1443
14c4
14c5
1500
1507
1508
150a
150b
150c
154c
154d
154f
156a
156b
156c
15a6
15a7
15a8
15a9
15aa
15ab
15ac
15ad
15ae
15af
1174
1179
11f9
123b
128f
12a7
12ad
12dd
12e8
1370
1452
14d1
14d2
150a
1511
1512
1514
1515
1516
1556
1557
1559
1574
1575
1576
15b0
15b1
15b2
15b3
15b4
15b5
15b6
15b7
15b8
15b9
1183
1188
1206
1245
125d
12b1
12b7
12e7
12f2
1375
1461
14dd
14de
1514
151b
151c
151e
151f
1520
1524
1525
1527
157e
157f
1580
15ba
15bb
15bc
15bd
15be
15bf
15c0
15c1
15c2
15c3
1192
1197
1212
124f
1267
12bb
12c1
12f1
12fc
137a
1470
149d
149e
14e9
14ea
14ec
14ed
14ee
151e
152e
152f
1531
1588
1589
158a
15c4
15c5
15c6
15c7
15c8
15c9
15ca
15cb
15cc
15cd
11a1
11a6
11d2
121d
1271
12c5
12cb
12fb
1306
137f
147f
14aa
14ab
14ec
14f3
14f4
14f6
14f7
14f8
1538
1539
153b
1592
1593
1594
15ce
15cf
15d0
15d1
15d2
15d3
15d4
15d5
15d6
15d7
1202
1206
1228
1263
12b7
12cf
12d5
130f
133b
1399
13d8
14dd
14fd
14fe
1532
1539
153a
153c
153d
153e
157e
157f
1581
159c
159d
159e
15d8
15d9
15da
15db
15dc
15dd
15de
15df
15e0
120e
1212
1232
126d
12c1
12d9
12df
130e
1318
139c
13f0
149d
1507
1508
153c
1543
1544
1546
1547
1548
1588
1589
158b
15a6
15a7
15a8
15e1
15e2
15e3
15e4
15e5
15e6
15e7
15e8
15e9
11ce
11d2
123c
1277
12cb
12e3
12e9
1317
1321
138d
1408
14aa
1511
1512
1546
154d
154e
1550
1551
1552
1592
1593
1595
15b0
15b1
15b2
15ea
15eb
15ec
15ed
15ee
15ef
15f0
15f1
15f2
11db
11df
1246
1281
1299
12ed
12f3
1320
132a
1390
1420
14b7
151b
151c
1550
1557
1558
155a
155b
155c
1560
1561
1563
15ba
15bb
15bc
15f3
15f4
15f5
15f6
15f7
15f8
15f9
15fa
15fb
11e8
11ec
1250
128b
12a3
12f7
12fd
1329
1333
1393
1437
14c4
14e9
14ea
1525
1526
1528
1529
152a
155a
156a
156b
156d
15c4
15c5
15c6
15fc
15fd
15fe
15ff
1600
1601
1602
1603
1604
11f5
11f9
121e
1259
12ad
1301
1307
1332
133c
1396
13c0
14d1
14f3
14f4
1528
152f
1530
1532
1533
1534
1574
1575
1577
15ce
15cf
15d0
1605
1606
1607
1608
1609
160a
160b
160c
160d
1242
1246
1264
129f
12f3
130a
1310
1344
136b
13ab
13d8
1413
1421
151b
1539
153a
156e
1575
1576
1578
1579
157a
15ba
15bb
15bd
15d8
15d9
160e
160f
1610
1611
1612
1613
1614
1615
124c
1250
126e
12a9
12fd
1313
1319
1343
134c
13ae
13f0
142b
1438
14e9
1543
1544
1578
157f
1580
1582
1583
1584
15c4
15c5
15c7
15e1
15e2
1616
1617
1618
1619
161a
161b
161c
161d
121a
121e
1278
12b3
1307
131c
1322
134b
1354
139f
13b9
13c1
1408
14f3
154d
154e
1582
1589
158a
158c
158d
158e
15ce
15cf
15d1
15ea
15eb
161e
161f
1620
1621
1622
1623
1624
1625
1224
1228
1282
12bd
12d5
1325
132b
1353
135c
13a2
13d1
13d9
1420
14fd
1557
1558
158c
1593
1594
1596
1597
1598
159c
159d
159f
15f3
15f4
1626
1627
1628
1629
162a
162b
162c
162d
122e
1232
128c
12c7
12df
132e
1334
135b
1364
13a5
13e9
13f1
1437
1507
1525
1526
1561
1562
1564
1565
1566
1596
15a6
15a7
15a9
15fc
15fd
162e
162f
1630
1631
1632
1633
1634
1635
1238
123c
125a
1295
12e9
1337
133d
1363
136c
13a8
13c0
13fb
1409
1511
152f
1530
1564
156b
156c
156e
156f
1570
15b0
15b1
15b3
1605
1606
1636
1637
1638
1639
163a
163b
163c
163d
1157
127e
1282
12a0
12db
132b
133f
1345
1371
1389
1411
1413
1417
1419
1420
1421
1422
1423
1557
1575
1576
15aa
15b1
15b2
15b4
15b5
15b6
15f3
15f5
160e
163e
163f
1640
1641
1642
116d
1288
128c
12aa
12e5
1334
1347
134d
1370
1376
13b1
142b
142f
1431
1437
1438
1439
143a
1525
157f
1580
15b4
15bb
15bc
15be
15bf
15c0
15fc
15fe
1616
1643
1644
1645
1646
1647
10f7
1256
125a
12b4
12ef
133d
134f
1355
1375
137b
13b0
13b4
13b6
13b9
13c0
13c1
13c2
13c3
152f
1589
158a
15be
15c5
15c6
15c8
15c9
15ca
1605
1607
161e
1648
1649
164a
164b
164c
110f
1260
1264
12be
12f9
1310
1357
135d
137a
1380
13c9
13cc
13ce
13d1
13d8
13d9
13da
13db
1539
1593
1594
15c8
15cf
15d0
15d2
15d3
15d4
15d8
15da
1626
164d
164e
164f
1650
1651
1127
126a
126e
12c8
1303
1319
135f
1365
137f
1385
13e1
13e4
13e6
13e9
13f0
13f1
13f2
13f3
1543
1561
1562
159d
159e
15a0
15a1
15a2
15d2
15e1
15e3
162e
1652
1653
1654
1655
1656
113f
1274
1278
1296
12d1
1322
1367
136d
1384
138a
13f9
13fb
13ff
1401
1408
1409
140a
140b
154d
156b
156c
15a0
15a7
15a8
15aa
15ab
15ac
15ea
15ec
1636
1657
1658
1659
165a
165b
11ba
12ba
12be
12dc
1316
135d
136f
1372
138e
139c
13d1
1402
1408
140c
140d
1417
1419
147d
1481
1486
1487
1593
15b1
15b2
15e4
15eb
15ed
15ee
15ef
1626
1627
163e
165c
165d
165e
11c7
12c4
12c8
12e6
131f
1365
1374
1377
138d
1391
13e9
141a
1420
1424
1425
142f
1431
1441
148f
1494
1495
1561
15bb
15bc
15ed
15f4
15f6
15f7
15f8
162e
162f
1643
165f
1660
1661
117e
1292
1296
12f0
1328
136d
1379
137c
1390
1394
13b4
13b6
13fb
1429
1437
143b
143c
1440
1445
144a
144b
156b
15c5
15c6
15f6
15fd
15ff
1600
1601
1636
1637
1648
1662
1663
1664
118d
129c
12a0
12fa
1331
1345
137e
1381
1393
1397
13b7
13c0
13c4
13c5
13cc
13ce
1413
1450
1454
1459
145a
1575
15cf
15d0
15ff
1606
1608
1609
160a
160e
160f
164d
1665
1666
1667
119c
12a6
12aa
1304
133a
134d
1383
1386
1396
139a
13cf
13d8
13dc
13dd
13e4
13e6
142b
145f
1463
1468
1469
157f
159d
159e
15d9
15db
15dc
15dd
1608
1616
1617
1652
1668
1669
166a
11ab
12b0
12b4
12d2
130d
1355
1388
138b
1399
139d
13b9
13e7
13f0
13f4
13f5
13ff
1401
146e
1472
1477
1478
1589
15a7
15a8
15db
15e2
15e4
15e5
15e6
161e
161f
1657
166b
166c
166d
113d
120a
12f6
12fa
1315
134a
1381
138c
13a0
13ae
13b8
13b9
13ba
13bc
13c1
13cc
1402
1408
140c
1479
1481
14cf
14d7
14d8
15cf
15eb
1618
1620
1621
1622
164d
164e
166e
166f
1670
1155
1215
1300
1304
131e
1352
1386
138f
139f
13a3
13d0
13d1
13d2
13d4
13d9
13e4
141a
1420
1424
1488
148f
149b
14e3
14e4
159d
15f4
1620
1628
1629
162a
1652
1653
1671
1672
1673
116c
11d6
12ce
12d2
1327
135a
138b
1392
13a2
13a6
13e8
13e9
13ea
13eb
13f1
13ff
1429
1437
143b
1445
1496
149a
14a3
14a4
15a7
15fd
1628
1630
1631
1632
1657
1658
1674
1675
1676
10f5
11e3
12d8
12dc
1330
1362
1372
1395
13a5
13a9
13b7
13c0
13c4
13fa
13fb
13fc
1404
1409
1417
144c
1454
14a8
14b0
14b1
15b1
1606
1630
1638
1639
163a
163e
163f
1677
1678
1679
110d
11f0
12e2
12e6
1339
136a
1377
1398
13a8
13ac
13cf
13d8
13dc
1412
1413
1414
141c
1421
142f
145b
1463
14b5
14bd
14be
15bb
15d9
1610
1611
1612
1638
1643
1644
167a
167b
167c
1125
11fd
12ec
12f0
130c
1342
137c
139b
13ab
13af
13b4
13e7
13f0
13f4
142a
142b
142c
1433
1438
146a
1472
14c2
14ca
14cb
15c5
15e2
1610
1618
1619
161a
1648
1649
167d
167e
167f
13c6
1439
143d
1479
1517
15fd
1600
1619
1665
166e
1680
1681
1682
1683
1684
1685
1686
1687
1688
1689
168a
168b
168c
168d
168e
168f
1690
1691
1692
1693
1694
1695
1696
1697
1698
13c2
13c7
13de
1488
1521
1606
1609
1621
1668
1671
1680
1699
169a
169b
169c
169d
169e
169f
16a0
16a1
16a2
16a3
16a4
16a5
16a6
16a7
16a8
16a9
16aa
16ab
16ac
16ad
16ae
16af
16b0
13da
13df
13f6
1496
14ef
15d9
15dc
1629
166b
1674
1699
16b1
16b2
16b3
16b4
16b5
16b6
16b7
16b8
16b9
16ba
16bb
16bc
16bd
16be
16bf
16c0
16c1
16c2
16c3
16c4
16c5
16c6
16c7
16c8
13f2
13f7
140e
144c
14f9
15e2
15e5
1631
165c
1677
16b1
16c9
16ca
16cb
16cc
16cd
16ce
16cf
16d0
16d1
16d2
16d3
16d4
16d5
16d6
16d7
16d8
16d9
16da
16db
16dc
16dd
16de
16df
16e0
140a
140f
1426
145b
1503
15eb
15ee
1639
165f
167a
16c9
16e1
16e2
16e3
16e4
16e5
16e6
16e7
16e8
16e9
16ea
16eb
16ec
16ed
16ee
16ef
16f0
16f1
16f2
16f3
16f4
16f5
16f6
16f7
16f8
1422
1427
143e
146a
150d
15f4
15f7
1611
1662
167d
1681
16e1
16f9
16fa
16fb
16fc
16fd
16fe
16ff
1700
1701
1702
1703
1704
1705
1706
1707
1708
1709
170a
170b
170c
170d
170e
170f
13bb
13c8
13f1
143a
144d
1494
1497
1553
1631
1677
1682
1683
1684
1685
1686
16ca
16cb
16cc
16f9
1710
1711
1712
1713
1714
1715
1716
1717
1718
1719
171a
171b
171c
171d
171e
171f
13c3
13d3
13e0
1409
144a
144e
145c
155d
1639
167a
1687
169a
169b
169c
169d
169e
16e2
16e3
16e4
1710
1720
1721
1722
1723
1724
1725
1726
1727
1728
1729
172a
172b
172c
172d
172e
13db
13ec
13f8
1421
1459
145d
146b
152b
1611
167d
169f
16b2
16b3
16b4
16b5
16b6
16fa
16fb
16fc
1720
172f
1730
1731
1732
1733
1734
1735
1736
1737
1738
1739
173a
173b
173c
173d
13f3
1403
1410
1438
1468
146c
147a
1535
1619
166e
1688
1689
168a
16b7
16cd
16ce
16cf
16d0
16d1
172f
173e
173f
1740
1741
1742
1743
1744
1745
1746
1747
1748
1749
174a
174b
174c
13c1
140b
141b
1428
1477
147b
1489
153f
1621
1671
16a0
16a1
16a2
16d2
16e5
16e6
16e7
16e8
16e9
173e
174d
174e
174f
1750
1751
1752
1753
1754
1755
1756
1757
1758
1759
175a
175b
13d9
1423
1432
143f
1486
148a
1498
1549
1629
1674
16b8
16b9
16ba
16ea
16fd
16fe
16ff
1700
1701
1711
174d
175c
175d
175e
175f
1760
1761
1762
1763
1764
1765
1766
1767
1768
1769
13e6
13f3
1410
1446
144f
1495
14a5
14e3
14e5
158f
16b8
16bb
16cd
16ce
16cf
16d3
16f9
1712
1713
1714
1715
176a
176b
176c
176d
176e
176f
1770
1771
1772
1773
1774
1775
1776
1777
1401
140b
1428
144b
1455
145e
14a3
14a6
14b2
1599
1687
16ca
16d4
16e5
16e6
16e7
16eb
1721
1722
1723
1724
176a
1778
1779
177a
177b
177c
177d
177e
177f
1780
1781
1782
1783
1784
1419
1423
143f
145a
1464
146d
14b0
14b3
14bf
1567
169f
16e2
16ec
16fd
16fe
16ff
1702
1730
1731
1732
1733
1778
1785
1786
1787
1788
1789
178a
178b
178c
178d
178e
178f
1790
1791
13c8
1431
143a
1469
1473
147c
14bd
14c0
14cc
1571
1682
1683
1684
168b
16b7
16fa
1703
173f
1740
1741
1742
1785
1792
1793
1794
1795
1796
1797
1798
1799
179a
179b
179c
179d
179e
13b6
13c3
13e0
1478
1482
148b
14ca
14cd
14d9
157b
1688
168c
169a
169b
169c
16a3
16d2
174e
174f
1750
1751
1792
179f
17a0
17a1
17a2
17a3
17a4
17a5
17a6
17a7
17a8
17a9
17aa
17ab
13ce
13db
13f8
1487
1490
1499
14d7
14da
14e6
1585
16a0
16a4
16b2
16b3
16b4
16bc
16ea
175c
175d
175e
175f
176b
179f
17ac
17ad
17ae
17af
17b0
17b1
17b2
17b3
17b4
17b5
17b6
17b7
13d6
1463
1469
147c
149f
14a7
14e4
14f0
1521
15cb
16a5
16b3
16b5
16b7
16b8
16bb
16bd
16be
16bf
173f
1740
1743
176c
176d
176e
17b8
17b9
17ba
17bb
17bc
17bd
17be
17bf
17c0
17c1
13ee
1472
1478
148b
14a4
14ac
14b4
14ef
14fa
15d5
16bd
16ca
16ce
16d0
16d2
16d4
16d5
16d6
16d7
174e
174f
1752
1779
177a
177b
17c2
17c3
17c4
17c5
17c6
17c7
17c8
17c9
17ca
17cb
1406
1481
1487
1499
14b1
14b9
14c1
14f9
1504
15a3
16d5
16e2
16e6
16e8
16ea
16ec
16ed
16ee
16ef
175c
175d
1760
1786
1787
1788
17cc
17cd
17ce
17cf
17d0
17d1
17d2
17d3
17d4
17d5
141e
144f
148f
1495
14be
14c6
14ce
1503
150e
15ad
16ed
16f9
16fa
16fe
1700
1703
1704
1705
1706
1712
1713
1716
1793
1794
1795
17d6
17d7
17d8
17d9
17da
17db
17dc
17dd
17de
17df
1435
1445
144b
145e
14cb
14d3
14db
150d
1518
15b7
1683
1685
1687
1688
168c
168d
168e
168f
1704
1721
1722
1725
17a0
17a1
17a2
17e0
17e1
17e2
17e3
17e4
17e5
17e6
17e7
17e8
17e9
13be
1454
145a
146d
14d8
14df
14e7
1517
1522
15c1
168d
169b
169d
169f
16a0
16a4
16a5
16a6
16a7
1730
1731
1734
17ac
17ad
17ae
17ea
17eb
17ec
17ed
17ee
17ef
17f0
17f1
17f2
17f3
13d7
141c
1457
14be
14ce
14eb
14f1
152c
155d
1602
16b3
16b5
16fa
1726
1731
1732
1735
1736
1737
1793
1794
1796
17b8
17b9
17ba
17f4
17f5
17f6
17f7
17f8
17f9
17fa
17fb
17fc
17fd
13ef
1433
1466
14cb
14db
14f5
14fb
152b
1536
160b
1688
16ce
16d0
1735
1740
1741
1744
1745
1746
17a0
17a1
17a3
17c2
17c3
17c4
17fe
17ff
1800
1801
1802
1803
1804
1805
1806
1807
13bc
1407
1475
14d8
14e7
14ff
1505
1535
1540
15de
16a0
16e6
16e8
1744
174f
1750
1753
1754
1755
17ac
17ad
17af
17cc
17cd
17ce
1808
1809
180a
180b
180c
180d
180e
180f
1810
1811
13d4
141f
1484
14a7
14e4
1509
150f
153f
154a
15e7
16b8
16fe
1700
1753
175d
175e
1761
1762
1763
176c
176d
176f
17d6
17d7
17d8
1812
1813
1814
1815
1816
1817
1818
1819
181a
181b
13eb
1436
1492
14a4
14b4
1513
1519
1549
1554
15f0
1683
1685
16ca
1713
1714
1717
1718
1719
1761
1779
177a
177c
17e0
17e1
17e2
181c
181d
181e
181f
1820
1821
1822
1823
1824
1825
13bf
1404
1448
14b1
14c1
151d
1523
1553
155e
15f9
169b
169d
16e2
1717
1722
1723
1726
1727
1728
1786
1787
1789
17ea
17eb
17ec
1826
1827
1828
1829
182a
182b
182c
182d
182e
182f
1418
141f
1458
14ae
150f
1527
152d
1568
1599
1633
16fe
1731
1732
177d
1787
1788
178a
178b
178c
17d6
17d7
17d9
17f4
17f5
17f6
1830
1831
1832
1833
1834
1835
1836
1837
1838
1839
1430
1436
1467
14bb
1519
1531
1537
1567
1572
163b
1683
1740
1741
178a
1794
1795
1797
1798
1799
17e0
17e1
17e3
17fe
17ff
1800
183a
183b
183c
183d
183e
183f
1840
1841
1842
1843
13b5
13bf
1476
14c8
1523
153b
1541
1571
157c
1613
169b
174f
1750
1797
17a1
17a2
17a4
17a5
17a6
17ea
17eb
17ed
1808
1809
180a
1844
1845
1846
1847
1848
1849
184a
184b
184c
184d
13cd
13d7
1485
14d5
14f1
1545
154b
157b
1586
161b
16b3
175d
175e
17a4
17ad
17ae
17b0
17b1
17b2
17b8
17b9
17bb
1812
1813
1814
184e
184f
1850
1851
1852
1853
1854
1855
1856
1857
13e5
13ef
1493
14e1
14fb
154f
1555
1585
1590
1623
16ce
1713
1714
176d
176e
1770
1771
1772
17b0
17c2
17c3
17c5
181c
181d
181e
1858
1859
185a
185b
185c
185d
185e
185f
1860
1861
1400
1407
1449
14a1
1505
1559
155f
158f
159a
162b
16e6
1722
1723
1770
177a
177b
177d
177e
177f
17cc
17cd
17cf
1826
1827
1828
1862
1863
1864
1865
1866
1867
1868
1869
186a
186b
1480
1485
14af
14f7
154b
1563
1569
15a4
15d5
1654
175d
1787
1788
17c6
17cd
17ce
17d0
17d1
17d2
1812
1813
1815
1830
1831
1832
186c
186d
186e
186f
1870
1871
1872
1873
1874
1875
148e
1493
14bc
1501
1555
156d
1573
15a3
15ae
1659
1713
1794
1795
17d0
17d7
17d8
17da
17db
17dc
181c
181d
181f
183a
183b
183c
1876
1877
1878
1879
187a
187b
187c
187d
187e
187f
1444
1449
14c9
150b
155f
1577
157d
15ad
15b8
1640
1722
17a1
17a2
17da
17e1
17e2
17e4
17e5
17e6
1826
1827
1829
1844
1845
1846
1880
1881
1882
1883
1884
1885
1886
1887
1888
1889
1453
1458
14d6
1515
152d
1581
1587
15b7
15c2
1645
1731
17ad
17ae
17e4
17eb
17ec
17ee
17ef
17f0
17f4
17f5
17f7
184e
184f
1850
188a
188b
188c
188d
188e
188f
1890
1891
1892
1893
1462
1467
14e2
151f
1537
158b
1591
15c1
15cc
164a
1740
176d
176e
17b9
17ba
17bc
17bd
17be
17ee
17fe
17ff
1801
1858
1859
185a
1894
1895
1896
1897
1898
1899
189a
189b
189c
189d
1471
1476
14a2
14ed
1541
1595
159b
15cb
15d6
164f
174f
177a
177b
17bc
17c3
17c4
17c6
17c7
17c8
1808
1809
180b
1862
1863
1864
189e
189f
18a0
18a1
18a2
18a3
18a4
18a5
18a6
18a7
14d2
14d6
14f8
1533
1587
159f
15a5
15df
160b
1669
16a8
17ad
17cd
17ce
1802
1809
180a
180c
180d
180e
184e
184f
1851
186c
186d
186e
18a8
18a9
18aa
18ab
18ac
18ad
18ae
18af
18b0
14de
14e2
1502
153d
1591
15a9
15af
15de
15e8
166c
16c0
176d
17d7
17d8
180c
1813
1814
1816
1817
1818
1858
1859
185b
1876
1877
1878
18b1
18b2
18b3
18b4
18b5
18b6
18b7
18b8
18b9
149e
14a2
150c
1547
159b
15b3
15b9
15e7
15f1
165d
16d8
177a
17e1
17e2
1816
181d
181e
1820
1821
1822
1862
1863
1865
1880
1881
1882
18ba
18bb
18bc
18bd
18be
18bf
18c0
18c1
18c2
14ab
14af
1516
1551
1569
15bd
15c3
15f0
15fa
1660
16f0
1787
17eb
17ec
1820
1827
1828
182a
182b
182c
1830
1831
1833
188a
188b
188c
18c3
18c4
18c5
18c6
18c7
18c8
18c9
18ca
18cb
14b8
14bc
1520
155b
1573
15c7
15cd
15f9
1603
1663
1707
1794
17b9
17ba
17f5
17f6
17f8
17f9
17fa
182a
183a
183b
183d
1894
1895
1896
18cc
18cd
18ce
18cf
18d0
18d1
18d2
18d3
18d4
14c5
14c9
14ee
1529
157d
15d1
15d7
1602
160c
1666
1690
17a1
17c3
17c4
17f8
17ff
1800
1802
1803
1804
1844
1845
1847
189e
189f
18a0
18d5
18d6
18d7
18d8
18d9
18da
18db
18dc
18dd
1512
1516
1534
156f
15c3
15da
15e0
1614
163b
167b
16a8
16e3
16f1
17eb
1809
180a
183e
1845
1846
1848
1849
184a
188a
188b
188d
18a8
18a9
18de
18df
18e0
18e1
18e2
18e3
18e4
18e5
151c
1520
153e
1579
15cd
15e3
15e9
1613
161c
167e
16c0
16fb
1708
17b9
1813
1814
1848
184f
1850
1852
1853
1854
1894
1895
1897
18b1
18b2
18e6
18e7
18e8
18e9
18ea
18eb
18ec
18ed
14ea
14ee
1548
1583
15d7
15ec
15f2
161b
1624
166f
1689
1691
16d8
17c3
181d
181e
1852
1859
185a
185c
185d
185e
189e
189f
18a1
18ba
18bb
18ee
18ef
18f0
18f1
18f2
18f3
18f4
18f5
14f4
14f8
1552
158d
15a5
15f5
15fb
1623
162c
1672
16a1
16a9
16f0
17cd
1827
1828
185c
1863
1864
1866
1867
1868
186c
186d
186f
18c3
18c4
18f6
18f7
18f8
18f9
18fa
18fb
18fc
18fd
14fe
1502
155c
1597
15af
15fe
1604
162b
1634
1675
16b9
16c1
1707
17d7
17f5
17f6
1831
1832
1834
1835
1836
1866
1876
1877
1879
18cc
18cd
18fe
18ff
1900
1901
1902
1903
1904
1905
1508
150c
152a
1565
15b9
1607
160d
1633
163c
1678
1690
16cb
16d9
17e1
17ff
1800
1834
183b
183c
183e
183f
1840
1880
1881
1883
18d5
18d6
1906
1907
1908
1909
190a
190b
190c
190d
1427
154e
1552
1570
15ab
15fb
160f
1615
1641
1659
16e1
16e3
16e7
16e9
16f0
16f1
16f2
16f3
1827
1845
1846
187a
1881
1882
1884
1885
1886
18c3
18c5
18de
190e
190f
1910
1911
1912
143d
1558
155c
157a
15b5
1604
1617
161d
1640
1646
1681
16fb
16ff
1701
1707
1708
1709
170a
17f5
184f
1850
1884
188b
188c
188e
188f
1890
18cc
18ce
18e6
1913
1914
1915
1916
1917
13c7
1526
152a
1584
15bf
160d
161f
1625
1645
164b
1680
1684
1686
1689
1690
1691
1692
1693
17ff
1859
185a
188e
1895
1896
1898
1899
189a
18d5
18d7
18ee
1918
1919
191a
191b
191c
13df
1530
1534
158e
15c9
15e0
1627
162d
164a
1650
1699
169c
169e
16a1
16a8
16a9
16aa
16ab
1809
1863
1864
1898
189f
18a0
18a2
18a3
18a4
18a8
18aa
18f6
191d
191e
191f
1920
1921
13f7
153a
153e
1598
15d3
15e9
162f
1635
164f
1655
16b1
16b4
16b6
16b9
16c0
16c1
16c2
16c3
1813
1831
1832
186d
186e
1870
1871
1872
18a2
18b1
18b3
18fe
1922
1923
1924
1925
1926
140f
1544
1548
1566
15a1
15f2
1637
163d
1654
165a
16c9
16cb
16cf
16d1
16d8
16d9
16da
16db
181d
183b
183c
1870
1877
1878
187a
187b
187c
18ba
18bc
1906
1927
1928
1929
192a
192b
148a
158a
158e
15ac
15e6
162d
163f
1642
165e
166c
16a1
16d2
16d8
16dc
16dd
16e7
16e9
174d
1751
1756
1757
1863
1881
1882
18b4
18bb
18bd
18be
18bf
18f6
18f7
190e
192c
192d
192e
1497
1594
1598
15b6
15ef
1635
1644
1647
165d
1661
16b9
16ea
16f0
16f4
16f5
16ff
1701
1711
175f
1764
1765
1831
188b
188c
18bd
18c4
18c6
18c7
18c8
18fe
18ff
1913
192f
1930
1931
144e
1562
1566
15c0
15f8
163d
1649
164c
1660
1664
1684
1686
16cb
16f9
1707
170b
170c
1710
1715
171a
171b
183b
1895
1896
18c6
18cd
18cf
18d0
18d1
1906
1907
1918
1932
1933
1934
145d
156c
1570
15ca
1601
1615
164e
1651
1663
1667
1687
1690
1694
1695
169c
169e
16e3
1720
1724
1729
172a
1845
189f
18a0
18cf
18d6
18d8
18d9
18da
18de
18df
191d
1935
1936
1937
146c
1576
157a
15d4
160a
161d
1653
1656
1666
166a
169f
16a8
16ac
16ad
16b4
16b6
16fb
172f
1733
1738
1739
184f
186d
186e
18a9
18ab
18ac
18ad
18d8
18e6
18e7
1922
1938
1939
193a
147b
1580
1584
15a2
15dd
1625
1658
165b
1669
166d
1689
16b7
16c0
16c4
16c5
16cf
16d1
173e
1742
1747
1748
1859
1877
1878
18ab
18b2
18b4
18b5
18b6
18ee
18ef
1927
193b
193c
193d
140d
14da
15c6
15ca
15e5
161a
1651
165c
1670
167e
1688
1689
168a
168c
1691
169c
16d2
16d8
16dc
1749
1751
179f
17a7
17a8
189f
18bb
18e8
18f0
18f1
18f2
191d
191e
193e
193f
1940
1425
14e5
15d0
15d4
15ee
1622
1656
165f
166f
1673
16a0
16a1
16a2
16a4
16a9
16b4
16ea
16f0
16f4
1758
175f
176b
17b3
17b4
186d
18c4
18f0
18f8
18f9
18fa
1922
1923
1941
1942
1943
143c
14a6
159e
15a2
15f7
162a
165b
1662
1672
1676
16b8
16b9
16ba
16bb
16c1
16cf
16f9
1707
170b
1715
1766
176a
1773
1774
1877
18cd
18f8
1900
1901
1902
1927
1928
1944
1945
1946
13c5
14b3
15a8
15ac
1600
1632
1642
1665
1675
1679
1687
1690
1694
16ca
16cb
16cc
16d4
16d9
16e7
171c
1724
1778
1780
1781
1881
18d6
1900
1908
1909
190a
190e
190f
1947
1948
1949
13dd
14c0
15b2
15b6
1609
163a
1647
1668
1678
167c
169f
16a8
16ac
16e2
16e3
16e4
16ec
16f1
16ff
172b
1733
1785
178d
178e
188b
18a9
18e0
18e1
18e2
1908
1913
1914
194a
194b
194c
13f5
14cd
15bc
15c0
15dc
1612
164c
166b
167b
167f
1684
16b7
16c0
16c4
16fa
16fb
16fc
1703
1708
173a
1742
1792
179a
179b
1895
18b2
18e0
18e8
18e9
18ea
1918
1919
194d
194e
194f
1696
1709
170d
1749
17e7
18cd
18d0
18e9
1935
193e
1950
1951
1952
1953
1954
1955
1956
1957
1958
1959
195a
195b
195c
195d
195e
195f
1960
1961
1962
1963
1964
1965
1966
1967
1968
1692
1697
16ae
1758
17f1
18d6
18d9
18f1
1938
1941
1950
1969
196a
196b
196c
196d
196e
196f
1970
1971
1972
1973
1974
1975
1976
1977
1978
1979
197a
197b
197c
197d
197e
197f
1980
16aa
16af
16c6
1766
17bf
18a9
18ac
18f9
193b
1944
1969
1981
1982
1983
1984
1985
1986
1987
1988
1989
198a
198b
198c
198d
198e
198f
1990
1991
1992
1993
1994
1995
1996
1997
1998
16c2
16c7
16de
171c
17c9
18b2
18b5
1901
192c
1947
1981
1999
199a
199b
199c
199d
199e
199f
19a0
19a1
19a2
19a3
19a4
19a5
19a6
19a7
19a8
19a9
19aa
19ab
19ac
19ad
19ae
19af
19b0
16da
16df
16f6
172b
17d3
18bb
18be
1909
192f
194a
1999
19b1
19b2
19b3
19b4
19b5
19b6
19b7
19b8
19b9
19ba
19bb
19bc
19bd
19be
19bf
19c0
19c1
19c2
19c3
19c4
19c5
19c6
19c7
19c8
16f2
16f7
170e
173a
17dd
18c4
18c7
18e1
1932
194d
1951
19b1
19c9
19ca
19cb
19cc
19cd
19ce
19cf
19d0
19d1
19d2
19d3
19d4
19d5
19d6
19d7
19d8
19d9
19da
19db
19dc
19dd
19de
19df
168b
1698
16c1
170a
171d
1764
1767
1823
1901
1947
1952
1953
1954
1955
1956
199a
199b
199c
19c9
19e0
19e1
19e2
19e3
19e4
19e5
19e6
19e7
19e8
19e9
19ea
19eb
19ec
19ed
19ee
19ef
1693
16a3
16b0
16d9
171a
171e
172c
182d
1909
194a
1957
196a
196b
196c
196d
196e
19b2
19b3
19b4
19e0
19f0
19f1
19f2
19f3
19f4
19f5
19f6
19f7
19f8
19f9
19fa
19fb
19fc
19fd
19fe
16ab
16bc
16c8
16f1
1729
172d
173b
17fb
18e1
194d
196f
1982
1983
1984
1985
1986
19ca
19cb
19cc
19f0
19ff
1a00
1a01
1a02
1a03
1a04
1a05
1a06
1a07
1a08
1a09
1a0a
1a0b
1a0c
1a0d
16c3
16d3
16e0
1708
1738
173c
174a
1805
18e9
193e
1958
1959
195a
1987
199d
199e
199f
19a0
19a1
19ff
1a0e
1a0f
1a10
1a11
1a12
1a13
1a14
1a15
1a16
1a17
1a18
1a19
1a1a
1a1b
1a1c
1691
16db
16eb
16f8
1747
174b
1759
180f
18f1
1941
1970
1971
1972
19a2
19b5
19b6
19b7
19b8
19b9
1a0e
1a1d
1a1e
1a1f
1a20
1a21
1a22
1a23
1a24
1a25
1a26
1a27
1a28
1a29
1a2a
1a2b
16a9
16f3
1702
170f
1756
175a
1768
1819
18f9
1944
1988
1989
198a
19ba
19cd
19ce
19cf
19d0
19d1
19e1
1a1d
1a2c
1a2d
1a2e
1a2f
1a30
1a31
1a32
1a33
1a34
1a35
1a36
1a37
1a38
1a39
16b6
16c3
16e0
1716
171f
1765
1775
17b3
17b5
185f
1988
198b
199d
199e
199f
19a3
19c9
19e2
19e3
19e4
19e5
1a3a
1a3b
1a3c
1a3d
1a3e
1a3f
1a40
1a41
1a42
1a43
1a44
1a45
1a46
1a47
16d1
16db
16f8
171b
1725
172e
1773
1776
1782
1869
1957
199a
19a4
19b5
19b6
19b7
19bb
19f1
19f2
19f3
19f4
1a3a
1a48
1a49
1a4a
1a4b
1a4c
1a4d
1a4e
1a4f
1a50
1a51
1a52
1a53
1a54
16e9
16f3
170f
172a
1734
173d
1780
1783
178f
1837
196f
19b2
19bc
19cd
19ce
19cf
19d2
1a00
1a01
1a02
1a03
1a48
1a55
1a56
1a57
1a58
1a59
1a5a
1a5b
1a5c
1a5d
1a5e
1a5f
1a60
1a61
1698
1701
170a
1739
1743
174c
178d
1790
179c
1841
1952
1953
1954
195b
1987
19ca
19d3
1a0f
1a10
1a11
1a12
1a55
1a62
1a63
1a64
1a65
1a66
1a67
1a68
1a69
1a6a
1a6b
1a6c
1a6d
1a6e
1686
1693
16b0
1748
1752
175b
179a
179d
17a9
184b
1958
195c
196a
196b
196c
1973
19a2
1a1e
1a1f
1a20
1a21
1a62
1a6f
1a70
1a71
1a72
1a73
1a74
1a75
1a76
1a77
1a78
1a79
1a7a
1a7b
169e
16ab
16c8
1757
1760
1769
17a7
17aa
17b6
1855
1970
1974
1982
1983
1984
198c
19ba
1a2c
1a2d
1a2e
1a2f
1a3b
1a6f
1a7c
1a7d
1a7e
1a7f
1a80
1a81
1a82
1a83
1a84
1a85
1a86
1a87
16a6
1733
1739
174c
176f
1777
17b4
17c0
17f1
189b
1975
1983
1985
1987
1988
198b
198d
198e
198f
1a0f
1a10
1a13
1a3c
1a3d
1a3e
1a88
1a89
1a8a
1a8b
1a8c
1a8d
1a8e
1a8f
1a90
1a91
16be
1742
1748
175b
1774
177c
1784
17bf
17ca
18a5
198d
199a
199e
19a0
19a2
19a4
19a5
19a6
19a7
1a1e
1a1f
1a22
1a49
1a4a
1a4b
1a92
1a93
1a94
1a95
1a96
1a97
1a98
1a99
1a9a
1a9b
16d6
1751
1757
1769
1781
1789
1791
17c9
17d4
1873
19a5
19b2
19b6
19b8
19ba
19bc
19bd
19be
19bf
1a2c
1a2d
1a30
1a56
1a57
1a58
1a9c
1a9d
1a9e
1a9f
1aa0
1aa1
1aa2
1aa3
1aa4
1aa5
16ee
171f
175f
1765
178e
1796
179e
17d3
17de
187d
19bd
19c9
19ca
19ce
19d0
19d3
19d4
19d5
19d6
19e2
19e3
19e6
1a63
1a64
1a65
1aa6
1aa7
1aa8
1aa9
1aaa
1aab
1aac
1aad
1aae
1aaf
1705
1715
171b
172e
179b
17a3
17ab
17dd
17e8
1887
1953
1955
1957
1958
195c
195d
195e
195f
19d4
19f1
19f2
19f5
1a70
1a71
1a72
1ab0
1ab1
1ab2
1ab3
1ab4
1ab5
1ab6
1ab7
1ab8
1ab9
168e
1724
172a
173d
17a8
17af
17b7
17e7
17f2
1891
195d
196b
196d
196f
1970
1974
1975
1976
1977
1a00
1a01
1a04
1a7c
1a7d
1a7e
1aba
1abb
1abc
1abd
1abe
1abf
1ac0
1ac1
1ac2
1ac3
16a7
16ec
1727
178e
179e
17bb
17c1
17fc
182d
18d2
1983
1985
19ca
19f6
1a01
1a02
1a05
1a06
1a07
1a63
1a64
1a66
1a88
1a89
1a8a
1ac4
1ac5
1ac6
1ac7
1ac8
1ac9
1aca
1acb
1acc
1acd
16bf
1703
1736
179b
17ab
17c5
17cb
17fb
1806
18db
1958
199e
19a0
1a05
1a10
1a11
1a14
1a15
1a16
1a70
1a71
1a73
1a92
1a93
1a94
1ace
1acf
1ad0
1ad1
1ad2
1ad3
1ad4
1ad5
1ad6
1ad7
168c
16d7
1745
17a8
17b7
17cf
17d5
1805
1810
18ae
1970
19b6
19b8
1a14
1a1f
1a20
1a23
1a24
1a25
1a7c
1a7d
1a7f
1a9c
1a9d
1a9e
1ad8
1ad9
1ada
1adb
1adc
1add
1ade
1adf
1ae0
1ae1
16a4
16ef
1754
1777
17b4
17d9
17df
180f
181a
18b7
1988
19ce
19d0
1a23
1a2d
1a2e
1a31
1a32
1a33
1a3c
1a3d
1a3f
1aa6
1aa7
1aa8
1ae2
1ae3
1ae4
1ae5
1ae6
1ae7
1ae8
1ae9
1aea
1aeb
16bb
1706
1762
1774
1784
17e3
17e9
1819
1824
18c0
1953
1955
199a
19e3
19e4
19e7
19e8
19e9
1a31
1a49
1a4a
1a4c
1ab0
1ab1
1ab2
1aec
1aed
1aee
1aef
1af0
1af1
1af2
1af3
1af4
1af5
168f
16d4
1718
1781
1791
17ed
17f3
1823
182e
18c9
196b
196d
19b2
19e7
19f2
19f3
19f6
19f7
19f8
1a56
1a57
1a59
1aba
1abb
1abc
1af6
1af7
1af8
1af9
1afa
1afb
1afc
1afd
1afe
1aff
16e8
16ef
1728
177e
17df
17f7
17fd
1838
1869
1903
19ce
1a01
1a02
1a4d
1a57
1a58
1a5a
1a5b
1a5c
1aa6
1aa7
1aa9
1ac4
1ac5
1ac6
1b00
1b01
1b02
1b03
1b04
1b05
1b06
1b07
1b08
1b09
1700
1706
1737
178b
17e9
1801
1807
1837
1842
190b
1953
1a10
1a11
1a5a
1a64
1a65
1a67
1a68
1a69
1ab0
1ab1
1ab3
1ace
1acf
1ad0
1b0a
1b0b
1b0c
1b0d
1b0e
1b0f
1b10
1b11
1b12
1b13
1685
168f
1746
1798
17f3
180b
1811
1841
184c
18e3
196b
1a1f
1a20
1a67
1a71
1a72
1a74
1a75
1a76
1aba
1abb
1abd
1ad8
1ad9
1ada
1b14
1b15
1b16
1b17
1b18
1b19
1b1a
1b1b
1b1c
1b1d
169d
16a7
1755
17a5
17c1
1815
181b
184b
1856
18eb
1983
1a2d
1a2e
1a74
1a7d
1a7e
1a80
1a81
1a82
1a88
1a89
1a8b
1ae2
1ae3
1ae4
1b1e
1b1f
1b20
1b21
1b22
1b23
1b24
1b25
1b26
1b27
16b5
16bf
1763
17b1
17cb
181f
1825
1855
1860
18f3
199e
19e3
19e4
1a3d
1a3e
1a40
1a41
1a42
1a80
1a92
1a93
1a95
1aec
1aed
1aee
1b28
1b29
1b2a
1b2b
1b2c
1b2d
1b2e
1b2f
1b30
1b31
16d0
16d7
1719
1771
17d5
1829
182f
185f
186a
18fb
19b6
19f2
19f3
1a40
1a4a
1a4b
1a4d
1a4e
1a4f
1a9c
1a9d
1a9f
1af6
1af7
1af8
1b32
1b33
1b34
1b35
1b36
1b37
1b38
1b39
1b3a
1b3b
1750
1755
177f
17c7
181b
1833
1839
1874
18a5
1924
1a2d
1a57
1a58
1a96
1a9d
1a9e
1aa0
1aa1
1aa2
1ae2
1ae3
1ae5
1b00
1b01
1b02
1b3c
1b3d
1b3e
1b3f
1b40
1b41
1b42
1b43
1b44
1b45
175e
1763
178c
17d1
1825
183d
1843
1873
187e
1929
19e3
1a64
1a65
1aa0
1aa7
1aa8
1aaa
1aab
1aac
1aec
1aed
1aef
1b0a
1b0b
1b0c
1b46
1b47
1b48
1b49
1b4a
1b4b
1b4c
1b4d
1b4e
1b4f
1714
1719
1799
17db
182f
1847
184d
187d
1888
1910
19f2
1a71
1a72
1aaa
1ab1
1ab2
1ab4
1ab5
1ab6
1af6
1af7
1af9
1b14
1b15
1b16
1b50
1b51
1b52
1b53
1b54
1b55
1b56
1b57
1b58
1b59
1723
1728
17a6
17e5
17fd
1851
1857
1887
1892
1915
1a01
1a7d
1a7e
1ab4
1abb
1abc
1abe
1abf
1ac0
1ac4
1ac5
1ac7
1b1e
1b1f
1b20
1b5a
1b5b
1b5c
1b5d
1b5e
1b5f
1b60
1b61
1b62
1b63
1732
1737
17b2
17ef
1807
185b
1861
1891
189c
191a
1a10
1a3d
1a3e
1a89
1a8a
1a8c
1a8d
1a8e
1abe
1ace
1acf
1ad1
1b28
1b29
1b2a
1b64
1b65
1b66
1b67
1b68
1b69
1b6a
1b6b
1b6c
1b6d
1741
1746
1772
17bd
1811
1865
186b
189b
18a6
191f
1a1f
1a4a
1a4b
1a8c
1a93
1a94
1a96
1a97
1a98
1ad8
1ad9
1adb
1b32
1b33
1b34
1b6e
1b6f
1b70
1b71
1b72
1b73
1b74
1b75
1b76
1b77
17a2
17a6
17c8
1803
1857
186f
1875
18af
18db
1939
1978
1a7d
1a9d
1a9e
1ad2
1ad9
1ada
1adc
1add
1ade
1b1e
1b1f
1b21
1b3c
1b3d
1b3e
1b78
1b79
1b7a
1b7b
1b7c
1b7d
1b7e
1b7f
1b80
17ae
17b2
17d2
180d
1861
1879
187f
18ae
18b8
193c
1990
1a3d
1aa7
1aa8
1adc
1ae3
1ae4
1ae6
1ae7
1ae8
1b28
1b29
1b2b
1b46
1b47
1b48
1b81
1b82
1b83
1b84
1b85
1b86
1b87
1b88
1b89
176e
1772
17dc
1817
186b
1883
1889
18b7
18c1
192d
19a8
1a4a
1ab1
1ab2
1ae6
1aed
1aee
1af0
1af1
1af2
1b32
1b33
1b35
1b50
1b51
1b52
1b8a
1b8b
1b8c
1b8d
1b8e
1b8f
1b90
1b91
1b92
177b
177f
17e6
1821
1839
188d
1893
18c0
18ca
1930
19c0
1a57
1abb
1abc
1af0
1af7
1af8
1afa
1afb
1afc
1b00
1b01
1b03
1b5a
1b5b
1b5c
1b93
1b94
1b95
1b96
1b97
1b98
1b99
1b9a
1b9b
1788
178c
17f0
182b
1843
1897
189d
18c9
18d3
1933
19d7
1a64
1a89
1a8a
1ac5
1ac6
1ac8
1ac9
1aca
1afa
1b0a
1b0b
1b0d
1b64
1b65
1b66
1b9c
1b9d
1b9e
1b9f
1ba0
1ba1
1ba2
1ba3
1ba4
1795
1799
17be
17f9
184d
18a1
18a7
18d2
18dc
1936
1960
1a71
1a93
1a94
1ac8
1acf
1ad0
1ad2
1ad3
1ad4
1b14
1b15
1b17
1b6e
1b6f
1b70
1ba5
1ba6
1ba7
1ba8
1ba9
1baa
1bab
1bac
1bad
17e2
17e6
1804
183f
1893
18aa
18b0
18e4
190b
194b
1978
19b3
19c1
1abb
1ad9
1ada
1b0e
1b15
1b16
1b18
1b19
1b1a
1b5a
1b5b
1b5d
1b78
1b79
1bae
1baf
1bb0
1bb1
1bb2
1bb3
1bb4
1bb5
17ec
17f0
180e
1849
189d
18b3
18b9
18e3
18ec
194e
1990
19cb
19d8
1a89
1ae3
1ae4
1b18
1b1f
1b20
1b22
1b23
1b24
1b64
1b65
1b67
1b81
1b82
1bb6
1bb7
1bb8
1bb9
1bba
1bbb
1bbc
1bbd
17ba
17be
1818
1853
18a7
18bc
18c2
18eb
18f4
193f
1959
1961
19a8
1a93
1aed
1aee
1b22
1b29
1b2a
1b2c
1b2d
1b2e
1b6e
1b6f
1b71
1b8a
1b8b
1bbe
1bbf
1bc0
1bc1
1bc2
1bc3
1bc4
1bc5
17c4
17c8
1822
185d
1875
18c5
18cb
18f3
18fc
1942
1971
1979
19c0
1a9d
1af7
1af8
1b2c
1b33
1b34
1b36
1b37
1b38
1b3c
1b3d
1b3f
1b93
1b94
1bc6
1bc7
1bc8
1bc9
1bca
1bcb
1bcc
1bcd
17ce
17d2
182c
1867
187f
18ce
18d4
18fb
1904
1945
1989
1991
19d7
1aa7
1ac5
1ac6
1b01
1b02
1b04
1b05
1b06
1b36
1b46
1b47
1b49
1b9c
1b9d
1bce
1bcf
1bd0
1bd1
1bd2
1bd3
1bd4
1bd5
17d8
17dc
17fa
1835
1889
18d7
18dd
1903
190c
1948
1960
199b
19a9
1ab1
1acf
1ad0
1b04
1b0b
1b0c
1b0e
1b0f
1b10
1b50
1b51
1b53
1ba5
1ba6
1bd6
1bd7
1bd8
1bd9
1bda
1bdb
1bdc
1bdd
16f7
181e
1822
1840
187b
18cb
18df
18e5
1911
1929
19b1
19b3
19b7
19b9
19c0
19c1
19c2
19c3
1af7
1b15
1b16
1b4a
1b51
1b52
1b54
1b55
1b56
1b93
1b95
1bae
1bde
1bdf
1be0
1be1
1be2
170d
1828
182c
184a
1885
18d4
18e7
18ed
1910
1916
1951
19cb
19cf
19d1
19d7
19d8
19d9
19da
1ac5
1b1f
1b20
1b54
1b5b
1b5c
1b5e
1b5f
1b60
1b9c
1b9e
1bb6
1be3
1be4
1be5
1be6
1be7
1697
17f6
17fa
1854
188f
18dd
18ef
18f5
1915
191b
1950
1954
1956
1959
1960
1961
1962
1963
1acf
1b29
1b2a
1b5e
1b65
1b66
1b68
1b69
1b6a
1ba5
1ba7
1bbe
1be8
1be9
1bea
1beb
1bec
16af
1800
1804
185e
1899
18b0
18f7
18fd
191a
1920
1969
196c
196e
1971
1978
1979
197a
197b
1ad9
1b33
1b34
1b68
1b6f
1b70
1b72
1b73
1b74
1b78
1b7a
1bc6
1bed
1bee
1bef
1bf0
1bf1
16c7
180a
180e
1868
18a3
18b9
18ff
1905
191f
1925
1981
1984
1986
1989
1990
1991
1992
1993
1ae3
1b01
1b02
1b3d
1b3e
1b40
1b41
1b42
1b72
1b81
1b83
1bce
1bf2
1bf3
1bf4
1bf5
1bf6
16df
1814
1818
1836
1871
18c2
1907
190d
1924
192a
1999
199b
199f
19a1
19a8
19a9
19aa
19ab
1aed
1b0b
1b0c
1b40
1b47
1b48
1b4a
1b4b
1b4c
1b8a
1b8c
1bd6
1bf7
1bf8
1bf9
1bfa
1bfb
175a
185a
185e
187c
18b6
18fd
190f
1912
192e
193c
1971
19a2
19a8
19ac
19ad
19b7
19b9
1a1d
1a21
1a26
1a27
1b33
1b51
1b52
1b84
1b8b
1b8d
1b8e
1b8f
1bc6
1bc7
1bde
1bfc
1bfd
1bfe
1767
1864
1868
1886
18bf
1905
1914
1917
192d
1931
1989
19ba
19c0
19c4
19c5
19cf
19d1
19e1
1a2f
1a34
1a35
1b01
1b5b
1b5c
1b8d
1b94
1b96
1b97
1b98
1bce
1bcf
1be3
1bff
1c00
1c01
171e
1832
1836
1890
18c8
190d
1919
191c
1930
1934
1954
1956
199b
19c9
19d7
19db
19dc
19e0
19e5
19ea
19eb
1b0b
1b65
1b66
1b96
1b9d
1b9f
1ba0
1ba1
1bd6
1bd7
1be8
1c02
1c03
1c04
172d
183c
1840
189a
18d1
18e5
191e
1921
1933
1937
1957
1960
1964
1965
196c
196e
19b3
19f0
19f4
19f9
19fa
1b15
1b6f
1b70
1b9f
1ba6
1ba8
1ba9
1baa
1bae
1baf
1bed
1c05
1c06
1c07
173c
1846
184a
18a4
18da
18ed
1923
1926
1936
193a
196f
1978
197c
197d
1984
1986
19cb
19ff
1a03
1a08
1a09
1b1f
1b3d
1b3e
1b79
1b7b
1b7c
1b7d
1ba8
1bb6
1bb7
1bf2
1c08
1c09
1c0a
174b
1850
1854
1872
18ad
18f5
1928
192b
1939
193d
1959
1987
1990
1994
1995
199f
19a1
1a0e
1a12
1a17
1a18
1b29
1b47
1b48
1b7b
1b82
1b84
1b85
1b86
1bbe
1bbf
1bf7
1c0b
1c0c
1c0d
16dd
17aa
1896
189a
18b5
18ea
1921
192c
1940
194e
1958
1959
195a
195c
1961
196c
19a2
19a8
19ac
1a19
1a21
1a6f
1a77
1a78
1b6f
1b8b
1bb8
1bc0
1bc1
1bc2
1bed
1bee
1c0e
1c0f
1c10
16f5
17b5
18a0
18a4
18be
18f2
1926
192f
193f
1943
1970
1971
1972
1974
1979
1984
19ba
19c0
19c4
1a28
1a2f
1a3b
1a83
1a84
1b3d
1b94
1bc0
1bc8
1bc9
1bca
1bf2
1bf3
1c11
1c12
1c13
170c
1776
186e
1872
18c7
18fa
192b
1932
1942
1946
1988
1989
198a
198b
1991
199f
19c9
19d7
19db
19e5
1a36
1a3a
1a43
1a44
1b47
1b9d
1bc8
1bd0
1bd1
1bd2
1bf7
1bf8
1c14
1c15
1c16
1695
1783
1878
187c
18d0
1902
1912
1935
1945
1949
1957
1960
1964
199a
199b
199c
19a4
19a9
19b7
19ec
19f4
1a48
1a50
1a51
1b51
1ba6
1bd0
1bd8
1bd9
1bda
1bde
1bdf
1c17
1c18
1c19
16ad
1790
1882
1886
18d9
190a
1917
1938
1948
194c
196f
1978
197c
19b2
19b3
19b4
19bc
19c1
19cf
19fb
1a03
1a55
1a5d
1a5e
1b5b
1b79
1bb0
1bb1
1bb2
1bd8
1be3
1be4
1c1a
1c1b
1c1c
16c5
179d
188c
1890
18ac
18e2
191c
193b
194b
194f
1954
1987
1990
1994
19ca
19cb
19cc
19d3
19d8
1a0a
1a12
1a62
1a6a
1a6b
1b65
1b82
1bb0
1bb8
1bb9
1bba
1be8
1be9
1c1d
1c1e
1c1f
1966
19d9
19dd
1a19
1ab7
1b9d
1ba0
1bb9
1c05
1c0e
1c20
1c21
1c22
1c23
1c24
1c25
1c26
1c27
1c28
1c29
1c2a
1c2b
1c2c
1c2d
1c2e
1c2f
1c30
1c31
1c32
1c33
1c34
1c35
1c36
1c37
1c38
1962
1967
197e
1a28
1ac1
1ba6
1ba9
1bc1
1c08
1c11
1c20
1c39
1c3a
1c3b
1c3c
1c3d
1c3e
1c3f
1c40
1c41
1c42
1c43
1c44
1c45
1c46
1c47
1c48
1c49
1c4a
1c4b
1c4c
1c4d
1c4e
1c4f
1c50
197a
197f
1996
1a36
1a8f
1b79
1b7c
1bc9
1c0b
1c14
1c39
1c51
1c52
1c53
1c54
1c55
1c56
1c57
1c58
1c59
1c5a
1c5b
1c5c
1c5d
1c5e
1c5f
1c60
1c61
1c62
1c63
1c64
1c65
1c66
1c67
1c68
1992
1997
19ae
19ec
1a99
1b82
1b85
1bd1
1bfc
1c17
1c51
1c69
1c6a
1c6b
1c6c
1c6d
1c6e
1c6f
1c70
1c71
1c72
1c73
1c74
1c75
1c76
1c77
1c78
1c79
1c7a
1c7b
1c7c
1c7d
1c7e
1c7f
1c80
19aa
19af
19c6
19fb
1aa3
1b8b
1b8e
1bd9
1bff
1c1a
1c69
1c81
1c82
1c83
1c84
1c85
1c86
1c87
1c88
1c89
1c8a
1c8b
1c8c
1c8d
1c8e
1c8f
1c90
1c91
1c92
1c93
1c94
1c95
1c96
1c97
1c98
19c2
19c7
19de
1a0a
1aad
1b94
1b97
1bb1
1c02
1c1d
1c21
1c81
1c99
1c9a
1c9b
1c9c
1c9d
1c9e
1c9f
1ca0
1ca1
1ca2
1ca3
1ca4
1ca5
1ca6
1ca7
1ca8
1ca9
1caa
1cab
1cac
1cad
1cae
1caf
195b
1968
1991
19da
19ed
1a34
1a37
1af3
1bd1
1c17
1c22
1c23
1c24
1c25
1c26
1c6a
1c6b
1c6c
1c99
1cb0
1cb1
1cb2
1cb3
1cb4
1cb5
1cb6
1cb7
1cb8
1cb9
1cba
1cbb
1cbc
1cbd
1cbe
1cbf
1963
1973
1980
19a9
19ea
19ee
19fc
1afd
1bd9
1c1a
1c27
1c3a
1c3b
1c3c
1c3d
1c3e
1c82
1c83
1c84
1cb0
1cc0
1cc1
1cc2
1cc3
1cc4
1cc5
1cc6
1cc7
1cc8
1cc9
1cca
1ccb
1ccc
1ccd
1cce
197b
198c
1998
19c1
19f9
19fd
1a0b
1acb
1bb1
1c1d
1c3f
1c52
1c53
1c54
1c55
1c56
1c9a
1c9b
1c9c
1cc0
1ccf
1cd0
1cd1
1cd2
1cd3
1cd4
1cd5
1cd6
1cd7
1cd8
1cd9
1cda
1cdb
1cdc
1cdd
1993
19a3
19b0
19d8
1a08
1a0c
1a1a
1ad5
1bb9
1c0e
1c28
1c29
1c2a
1c57
1c6d
1c6e
1c6f
1c70
1c71
1ccf
1cde
1cdf
1ce0
1ce1
1ce2
1ce3
1ce4
1ce5
1ce6
1ce7
1ce8
1ce9
1cea
1ceb
1cec
1961
19ab
19bb
19c8
1a17
1a1b
1a29
1adf
1bc1
1c11
1c40
1c41
1c42
1c72
1c85
1c86
1c87
1c88
1c89
1cde
1ced
1cee
1cef
1cf0
1cf1
1cf2
1cf3
1cf4
1cf5
1cf6
1cf7
1cf8
1cf9
1cfa
1cfb
1979
19c3
19d2
19df
1a26
1a2a
1a38
1ae9
1bc9
1c14
1c58
1c59
1c5a
1c8a
1c9d
1c9e
1c9f
1ca0
1ca1
1cb1
1ced
1cfc
1cfd
1cfe
1cff
1d00
1d01
1d02
1d03
1d04
1d05
1d06
1d07
1d08
1d09
1986
1993
19b0
19e6
19ef
1a35
1a45
1a83
1a85
1b2f
1c58
1c5b
1c6d
1c6e
1c6f
1c73
1c99
1cb2
1cb3
1cb4
1cb5
1d0a
1d0b
1d0c
1d0d
1d0e
1d0f
1d10
1d11
1d12
1d13
1d14
1d15
1d16
1d17
19a1
19ab
19c8
19eb
19f5
19fe
1a43
1a46
1a52
1b39
1c27
1c6a
1c74
1c85
1c86
1c87
1c8b
1cc1
1cc2
1cc3
1cc4
1d0a
1d18
1d19
1d1a
1d1b
1d1c
1d1d
1d1e
1d1f
1d20
1d21
1d22
1d23
1d24
19b9
19c3
19df
19fa
1a04
1a0d
1a50
1a53
1a5f
1b07
1c3f
1c82
1c8c
1c9d
1c9e
1c9f
1ca2
1cd0
1cd1
1cd2
1cd3
1d18
1d25
1d26
1d27
1d28
1d29
1d2a
1d2b
1d2c
1d2d
1d2e
1d2f
1d30
1d31
1968
19d1
19da
1a09
1a13
1a1c
1a5d
1a60
1a6c
1b11
1c22
1c23
1c24
1c2b
1c57
1c9a
1ca3
1cdf
1ce0
1ce1
1ce2
1d25
1d32
1d33
1d34
1d35
1d36
1d37
1d38
1d39
1d3a
1d3b
1d3c
1d3d
1d3e
1956
1963
1980
1a18
1a22
1a2b
1a6a
1a6d
1a79
1b1b
1c28
1c2c
1c3a
1c3b
1c3c
1c43
1c72
1cee
1cef
1cf0
1cf1
1d32
1d3f
1d40
1d41
1d42
1d43
1d44
1d45
1d46
1d47
1d48
1d49
1d4a
1d4b
196e
197b
1998
1a27
1a30
1a39
1a77
1a7a
1a86
1b25
1c40
1c44
1c52
1c53
1c54
1c5c
1c8a
1cfc
1cfd
1cfe
1cff
1d0b
1d3f
1d4c
1d4d
1d4e
1d4f
1d50
1d51
1d52
1d53
1d54
1d55
1d56
1d57
1976
1a03
1a09
1a1c
1a3f
1a47
1a84
1a90
1ac1
1b6b
1c45
1c53
1c55
1c57
1c58
1c5b
1c5d
1c5e
1c5f
1cdf
1ce0
1ce3
1d0c
1d0d
1d0e
1d58
1d59
1d5a
1d5b
1d5c
1d5d
1d5e
1d5f
1d60
1d61
198e
1a12
1a18
1a2b
1a44
1a4c
1a54
1a8f
1a9a
1b75
1c5d
1c6a
1c6e
1c70
1c72
1c74
1c75
1c76
1c77
1cee
1cef
1cf2
1d19
1d1a
1d1b
1d62
1d63
1d64
1d65
1d66
1d67
1d68
1d69
1d6a
1d6b
19a6
1a21
1a27
1a39
1a51
1a59
1a61
1a99
1aa4
1b43
1c75
1c82
1c86
1c88
1c8a
1c8c
1c8d
1c8e
1c8f
1cfc
1cfd
1d00
1d26
1d27
1d28
1d6c
1d6d
1d6e
1d6f
1d70
1d71
1d72
1d73
1d74
1d75
19be
19ef
1a2f
1a35
1a5e
1a66
1a6e
1aa3
1aae
1b4d
1c8d
1c99
1c9a
1c9e
1ca0
1ca3
1ca4
1ca5
1ca6
1cb2
1cb3
1cb6
1d33
1d34
1d35
1d76
1d77
1d78
1d79
1d7a
1d7b
1d7c
1d7d
1d7e
1d7f
19d5
19e5
19eb
19fe
1a6b
1a73
1a7b
1aad
1ab8
1b57
1c23
1c25
1c27
1c28
1c2c
1c2d
1c2e
1c2f
1ca4
1cc1
1cc2
1cc5
1d40
1d41
1d42
1d80
1d81
1d82
1d83
1d84
1d85
1d86
1d87
1d88
1d89
195e
19f4
19fa
1a0d
1a78
1a7f
1a87
1ab7
1ac2
1b61
1c2d
1c3b
1c3d
1c3f
1c40
1c44
1c45
1c46
1c47
1cd0
1cd1
1cd4
1d4c
1d4d
1d4e
1d8a
1d8b
1d8c
1d8d
1d8e
1d8f
1d90
1d91
1d92
1d93
1977
19bc
19f7
1a5e
1a6e
1a8b
1a91
1acc
1afd
1ba2
1c53
1c55
1c9a
1cc6
1cd1
1cd2
1cd5
1cd6
1cd7
1d33
1d34
1d36
1d58
1d59
1d5a
1d94
1d95
1d96
1d97
1d98
1d99
1d9a
1d9b
1d9c
1d9d
198f
19d3
1a06
1a6b
1a7b
1a95
1a9b
1acb
1ad6
1bab
1c28
1c6e
1c70
1cd5
1ce0
1ce1
1ce4
1ce5
1ce6
1d40
1d41
1d43
1d62
1d63
1d64
1d9e
1d9f
1da0
1da1
1da2
1da3
1da4
1da5
1da6
1da7
195c
19a7
1a15
1a78
1a87
1a9f
1aa5
1ad5
1ae0
1b7e
1c40
1c86
1c88
1ce4
1cef
1cf0
1cf3
1cf4
1cf5
1d4c
1d4d
1d4f
1d6c
1d6d
1d6e
1da8
1da9
1daa
1dab
1dac
1dad
1dae
1daf
1db0
1db1
1974
19bf
1a24
1a47
1a84
1aa9
1aaf
1adf
1aea
1b87
1c58
1c9e
1ca0
1cf3
1cfd
1cfe
1d01
1d02
1d03
1d0c
1d0d
1d0f
1d76
1d77
1d78
1db2
1db3
1db4
1db5
1db6
1db7
1db8
1db9
1dba
1dbb
198b
19d6
1a32
1a44
1a54
1ab3
1ab9
1ae9
1af4
1b90
1c23
1c25
1c6a
1cb3
1cb4
1cb7
1cb8
1cb9
1d01
1d19
1d1a
1d1c
1d80
1d81
1d82
1dbc
1dbd
1dbe
1dbf
1dc0
1dc1
1dc2
1dc3
1dc4
1dc5
195f
19a4
19e8
1a51
1a61
1abd
1ac3
1af3
1afe
1b99
1c3b
1c3d
1c82
1cb7
1cc2
1cc3
1cc6
1cc7
1cc8
1d26
1d27
1d29
1d8a
1d8b
1d8c
1dc6
1dc7
1dc8
1dc9
1dca
1dcb
1dcc
1dcd
1dce
1dcf
19b8
19bf
19f8
1a4e
1aaf
1ac7
1acd
1b08
1b39
1bd3
1c9e
1cd1
1cd2
1d1d
1d27
1d28
1d2a
1d2b
1d2c
1d76
1d77
1d79
1d94
1d95
1d96
1dd0
1dd1
1dd2
1dd3
1dd4
1dd5
1dd6
1dd7
1dd8
1dd9
19d0
19d6
1a07
1a5b
1ab9
1ad1
1ad7
1b07
1b12
1bdb
1c23
1ce0
1ce1
1d2a
1d34
1d35
1d37
1d38
1d39
1d80
1d81
1d83
1d9e
1d9f
1da0
1dda
1ddb
1ddc
1ddd
1dde
1ddf
1de0
1de1
1de2
1de3
1955
195f
1a16
1a68
1ac3
1adb
1ae1
1b11
1b1c
1bb3
1c3b
1cef
1cf0
1d37
1d41
1d42
1d44
1d45
1d46
1d8a
1d8b
1d8d
1da8
1da9
1daa
1de4
1de5
1de6
1de7
1de8
1de9
1dea
1deb
1dec
1ded
196d
1977
1a25
1a75
1a91
1ae5
1aeb
1b1b
1b26
1bbb
1c53
1cfd
1cfe
1d44
1d4d
1d4e
1d50
1d51
1d52
1d58
1d59
1d5b
1db2
1db3
1db4
1dee
1def
1df0
1df1
1df2
1df3
1df4
1df5
1df6
1df7
1985
198f
1a33
1a81
1a9b
1aef
1af5
1b25
1b30
1bc3
1c6e
1cb3
1cb4
1d0d
1d0e
1d10
1d11
1d12
1d50
1d62
1d63
1d65
1dbc
1dbd
1dbe
1df8
1df9
1dfa
1dfb
1dfc
1dfd
1dfe
1dff
1e00
1e01
19a0
19a7
19e9
1a41
1aa5
1af9
1aff
1b2f
1b3a
1bcb
1c86
1cc2
1cc3
1d10
1d1a
1d1b
1d1d
1d1e
1d1f
1d6c
1d6d
1d6f
1dc6
1dc7
1dc8
1e02
1e03
1e04
1e05
1e06
1e07
1e08
1e09
1e0a
1e0b
1a20
1a25
1a4f
1a97
1aeb
1b03
1b09
1b44
1b75
1bf4
1cfd
1d27
1d28
1d66
1d6d
1d6e
1d70
1d71
1d72
1db2
1db3
1db5
1dd0
1dd1
1dd2
1e0c
1e0d
1e0e
1e0f
1e10
1e11
1e12
1e13
1e14
1e15
1a2e
1a33
1a5c
1aa1
1af5
1b0d
1b13
1b43
1b4e
1bf9
1cb3
1d34
1d35
1d70
1d77
1d78
1d7a
1d7b
1d7c
1dbc
1dbd
1dbf
1dda
1ddb
1ddc
1e16
1e17
1e18
1e19
1e1a
1e1b
1e1c
1e1d
1e1e
1e1f
19e4
19e9
1a69
1aab
1aff
1b17
1b1d
1b4d
1b58
1be0
1cc2
1d41
1d42
1d7a
1d81
1d82
1d84
1d85
1d86
1dc6
1dc7
1dc9
1de4
1de5
1de6
1e20
1e21
1e22
1e23
1e24
1e25
1e26
1e27
1e28
1e29
19f3
19f8
1a76
1ab5
1acd
1b21
1b27
1b57
1b62
1be5
1cd1
1d4d
1d4e
1d84
1d8b
1d8c
1d8e
1d8f
1d90
1d94
1d95
1d97
1dee
1def
1df0
1e2a
1e2b
1e2c
1e2d
1e2e
1e2f
1e30
1e31
1e32
1e33
1a02
1a07
1a82
1abf
1ad7
1b2b
1b31
1b61
1b6c
1bea
1ce0
1d0d
1d0e
1d59
1d5a
1d5c
1d5d
1d5e
1d8e
1d9e
1d9f
1da1
1df8
1df9
1dfa
1e34
1e35
1e36
1e37
1e38
1e39
1e3a
1e3b
1e3c
1e3d
1a11
1a16
1a42
1a8d
1ae1
1b35
1b3b
1b6b
1b76
1bef
1cef
1d1a
1d1b
1d5c
1d63
1d64
1d66
1d67
1d68
1da8
1da9
1dab
1e02
1e03
1e04
1e3e
1e3f
1e40
1e41
1e42
1e43
1e44
1e45
1e46
1e47
1a72
1a76
1a98
1ad3
1b27
1b3f
1b45
1b7f
1bab
1c09
1c48
1d4d
1d6d
1d6e
1da2
1da9
1daa
1dac
1dad
1dae
1dee
1def
1df1
1e0c
1e0d
1e0e
1e48
1e49
1e4a
1e4b
1e4c
1e4d
1e4e
1e4f
1e50
1a7e
1a82
1aa2
1add
1b31
1b49
1b4f
1b7e
1b88
1c0c
1c60
1d0d
1d77
1d78
1dac
1db3
1db4
1db6
1db7
1db8
1df8
1df9
1dfb
1e16
1e17
1e18
1e51
1e52
1e53
1e54
1e55
1e56
1e57
1e58
1e59
1a3e
1a42
1aac
1ae7
1b3b
1b53
1b59
1b87
1b91
1bfd
1c78
1d1a
1d81
1d82
1db6
1dbd
1dbe
1dc0
1dc1
1dc2
1e02
1e03
1e05
1e20
1e21
1e22
1e5a
1e5b
1e5c
1e5d
1e5e
1e5f
1e60
1e61
1e62
1a4b
1a4f
1ab6
1af1
1b09
1b5d
1b63
1b90
1b9a
1c00
1c90
1d27
1d8b
1d8c
1dc0
1dc7
1dc8
1dca
1dcb
1dcc
1dd0
1dd1
1dd3
1e2a
1e2b
1e2c
1e63
1e64
1e65
1e66
1e67
1e68
1e69
1e6a
1e6b
1a58
1a5c
1ac0
1afb
1b13
1b67
1b6d
1b99
1ba3
1c03
1ca7
1d34
1d59
1d5a
1d95
1d96
1d98
1d99
1d9a
1dca
1dda
1ddb
1ddd
1e34
1e35
1e36
1e6c
1e6d
1e6e
1e6f
1e70
1e71
1e72
1e73
1e74
1a65
1a69
1a8e
1ac9
1b1d
1b71
1b77
1ba2
1bac
1c06
1c30
1d41
1d63
1d64
1d98
1d9f
1da0
1da2
1da3
1da4
1de4
1de5
1de7
1e3e
1e3f
1e40
1e75
1e76
1e77
1e78
1e79
1e7a
1e7b
1e7c
1e7d
1ab2
1ab6
1ad4
1b0f
1b63
1b7a
1b80
1bb4
1bdb
1c1b
1c48
1c83
1c91
1d8b
1da9
1daa
1dde
1de5
1de6
1de8
1de9
1dea
1e2a
1e2b
1e2d
1e48
1e49
1e7e
1e7f
1e80
1e81
1e82
1e83
1e84
1e85
1abc
1ac0
1ade
1b19
1b6d
1b83
1b89
1bb3
1bbc
1c1e
1c60
1c9b
1ca8
1d59
1db3
1db4
1de8
1def
1df0
1df2
1df3
1df4
1e34
1e35
1e37
1e51
1e52
1e86
1e87
1e88
1e89
1e8a
1e8b
1e8c
1e8d
1a8a
1a8e
1ae8
1b23
1b77
1b8c
1b92
1bbb
1bc4
1c0f
1c29
1c31
1c78
1d63
1dbd
1dbe
1df2
1df9
1dfa
1dfc
1dfd
1dfe
1e3e
1e3f
1e41
1e5a
1e5b
1e8e
1e8f
1e90
1e91
1e92
1e93
1e94
1e95
1a94
1a98
1af2
1b2d
1b45
1b95
1b9b
1bc3
1bcc
1c12
1c41
1c49
1c90
1d6d
1dc7
1dc8
1dfc
1e03
1e04
1e06
1e07
1e08
1e0c
1e0d
1e0f
1e63
1e64
1e96
1e97
1e98
1e99
1e9a
1e9b
1e9c
1e9d
1a9e
1aa2
1afc
1b37
1b4f
1b9e
1ba4
1bcb
1bd4
1c15
1c59
1c61
1ca7
1d77
1d95
1d96
1dd1
1dd2
1dd4
1dd5
1dd6
1e06
1e16
1e17
1e19
1e6c
1e6d
1e9e
1e9f
1ea0
1ea1
1ea2
1ea3
1ea4
1ea5
1aa8
1aac
1aca
1b05
1b59
1ba7
1bad
1bd3
1bdc
1c18
1c30
1c6b
1c79
1d81
1d9f
1da0
1dd4
1ddb
1ddc
1dde
1ddf
1de0
1e20
1e21
1e23
1e75
1e76
1ea6
1ea7
1ea8
1ea9
1eaa
1eab
1eac
1ead
19c7
1aee
1af2
1b10
1b4b
1b9b
1baf
1bb5
1be1
1bf9
1c81
1c83
1c87
1c89
1c90
1c91
1c92
1c93
1dc7
1de5
1de6
1e1a
1e21
1e22
1e24
1e25
1e26
1e63
1e65
1e7e
1eae
1eaf
1eb0
1eb1
1eb2
19dd
1af8
1afc
1b1a
1b55
1ba4
1bb7
1bbd
1be0
1be6
1c21
1c9b
1c9f
1ca1
1ca7
1ca8
1ca9
1caa
1d95
1def
1df0
1e24
1e2b
1e2c
1e2e
1e2f
1e30
1e6c
1e6e
1e86
1eb3
1eb4
1eb5
1eb6
1eb7
1967
1ac6
1aca
1b24
1b5f
1bad
1bbf
1bc5
1be5
1beb
1c20
1c24
1c26
1c29
1c30
1c31
1c32
1c33
1d9f
1df9
1dfa
1e2e
1e35
1e36
1e38
1e39
1e3a
1e75
1e77
1e8e
1eb8
1eb9
1eba
1ebb
1ebc
197f
1ad0
1ad4
1b2e
1b69
1b80
1bc7
1bcd
1bea
1bf0
1c39
1c3c
1c3e
1c41
1c48
1c49
1c4a
1c4b
1da9
1e03
1e04
1e38
1e3f
1e40
1e42
1e43
1e44
1e48
1e4a
1e96
1ebd
1ebe
1ebf
1ec0
1ec1
1997
1ada
1ade
1b38
1b73
1b89
1bcf
1bd5
1bef
1bf5
1c51
1c54
1c56
1c59
1c60
1c61
1c62
1c63
1db3
1dd1
1dd2
1e0d
1e0e
1e10
1e11
1e12
1e42
1e51
1e53
1e9e
1ec2
1ec3
1ec4
1ec5
1ec6
19af
1ae4
1ae8
1b06
1b41
1b92
1bd7
1bdd
1bf4
1bfa
1c69
1c6b
1c6f
1c71
1c78
1c79
1c7a
1c7b
1dbd
1ddb
1ddc
1e10
1e17
1e18
1e1a
1e1b
1e1c
1e5a
1e5c
1ea6
1ec7
1ec8
1ec9
1eca
1ecb
1a2a
1b2a
1b2e
1b4c
1b86
1bcd
1bdf
1be2
1bfe
1c0c
1c41
1c72
1c78
1c7c
1c7d
1c87
1c89
1ced
1cf1
1cf6
1cf7
1e03
1e21
1e22
1e54
1e5b
1e5d
1e5e
1e5f
1e96
1e97
1eae
1ecc
1ecd
1ece
1a37
1b34
1b38
1b56
1b8f
1bd5
1be4
1be7
1bfd
1c01
1c59
1c8a
1c90
1c94
1c95
1c9f
1ca1
1cb1
1cff
1d04
1d05
1dd1
1e2b
1e2c
1e5d
1e64
1e66
1e67
1e68
1e9e
1e9f
1eb3
1ecf
1ed0
1ed1
19ee
1b02
1b06
1b60
1b98
1bdd
1be9
1bec
1c00
1c04
1c24
1c26
1c6b
1c99
1ca7
1cab
1cac
1cb0
1cb5
1cba
1cbb
1ddb
1e35
1e36
1e66
1e6d
1e6f
1e70
1e71
1ea6
1ea7
1eb8
1ed2
1ed3
1ed4
19fd
1b0c
1b10
1b6a
1ba1
1bb5
1bee
1bf1
1c03
1c07
1c27
1c30
1c34
1c35
1c3c
1c3e
1c83
1cc0
1cc4
1cc9
1cca
1de5
1e3f
1e40
1e6f
1e76
1e78
1e79
1e7a
1e7e
1e7f
1ebd
1ed5
1ed6
1ed7
1a0c
1b16
1b1a
1b74
1baa
1bbd
1bf3
1bf6
1c06
1c0a
1c3f
1c48
1c4c
1c4d
1c54
1c56
1c9b
1ccf
1cd3
1cd8
1cd9
1def
1e0d
1e0e
1e49
1e4b
1e4c
1e4d
1e78
1e86
1e87
1ec2
1ed8
1ed9
1eda
1a1b
1b20
1b24
1b42
1b7d
1bc5
1bf8
1bfb
1c09
1c0d
1c29
1c57
1c60
1c64
1c65
1c6f
1c71
1cde
1ce2
1ce7
1ce8
1df9
1e17
1e18
1e4b
1e52
1e54
1e55
1e56
1e8e
1e8f
1ec7
1edb
1edc
1edd
19ad
1a7a
1b66
1b6a
1b85
1bba
1bf1
1bfc
1c10
1c1e
1c28
1c29
1c2a
1c2c
1c31
1c3c
1c72
1c78
1c7c
1ce9
1cf1
1d3f
1d47
1d48
1e3f
1e5b
1e88
1e90
1e91
1e92
1ebd
1ebe
1ede
1edf
1ee0
19c5
1a85
1b70
1b74
1b8e
1bc2
1bf6
1bff
1c0f
1c13
1c40
1c41
1c42
1c44
1c49
1c54
1c8a
1c90
1c94
1cf8
1cff
1d0b
1d53
1d54
1e0d
1e64
1e90
1e98
1e99
1e9a
1ec2
1ec3
1ee1
1ee2
1ee3
19dc
1a46
1b3e
1b42
1b97
1bca
1bfb
1c02
1c12
1c16
1c58
1c59
1c5a
1c5b
1c61
1c6f
1c99
1ca7
1cab
1cb5
1d06
1d0a
1d13
1d14
1e17
1e6d
1e98
1ea0
1ea1
1ea2
1ec7
1ec8
1ee4
1ee5
1ee6
1965
1a53
1b48
1b4c
1ba0
1bd2
1be2
1c05
1c15
1c19
1c27
1c30
1c34
1c6a
1c6b
1c6c
1c74
1c79
1c87
1cbc
1cc4
1d18
1d20
1d21
1e21
1e76
1ea0
1ea8
1ea9
1eaa
1eae
1eaf
1ee7
1ee8
1ee9
197d
1a60
1b52
1b56
1ba9
1bda
1be7
1c08
1c18
1c1c
1c3f
1c48
1c4c
1c82
1c83
1c84
1c8c
1c91
1c9f
1ccb
1cd3
1d25
1d2d
1d2e
1e2b
1e49
1e80
1e81
1e82
1ea8
1eb3
1eb4
1eea
1eeb
1eec
1995
1a6d
1b5c
1b60
1b7c
1bb2
1bec
1c0b
1c1b
1c1f
1c24
1c57
1c60
1c64
1c9a
1c9b
1c9c
1ca3
1ca8
1cda
1ce2
1d32
1d3a
1d3b
1e35
1e52
1e80
1e88
1e89
1e8a
1eb8
1eb9
1eed
1eee
1eef
1c36
1ca9
1cad
1ce9
1d87
1e6d
1e70
1e89
1ed5
1ede
1ef0
1ef1
1ef2
1ef3
1ef4
1ef5
1ef6
1ef7
1ef8
1ef9
1efa
1efb
1efc
1efd
1efe
1eff
1f00
1f01
1f02
1f03
1f04
1f05
1f06
1f07
1f08
1c32
1c37
1c4e
1cf8
1d91
1e76
1e79
1e91
1ed8
1ee1
1ef0
1f09
1f0a
1f0b
1f0c
1f0d
1f0e
1f0f
1f10
1f11
1f12
1f13
1f14
1f15
1f16
1f17
1f18
1f19
1f1a
1f1b
1f1c
1f1d
1f1e
1f1f
1f20
1c4a
1c4f
1c66
1d06
1d5f
1e49
1e4c
1e99
1edb
1ee4
1f09
1f21
1f22
1f23
1f24
1f25
1f26
1f27
1f28
1f29
1f2a
1f2b
1f2c
1f2d
1f2e
1f2f
1f30
1f31
1f32
1f33
1f34
1f35
1f36
1f37
1f38
1c62
1c67
1c7e
1cbc
1d69
1e52
1e55
1ea1
1ecc
1ee7
1f21
1f39
1f3a
1f3b
1f3c
1f3d
1f3e
1f3f
1f40
1f41
1f42
1f43
1f44
1f45
1f46
1f47
1f48
1f49
1f4a
1f4b
1f4c
1f4d
1f4e
1f4f
1f50
1c7a
1c7f
1c96
1ccb
1d73
1e5b
1e5e
1ea9
1ecf
1eea
1f39
1f51
1f52
1f53
1f54
1f55
1f56
1f57
1f58
1f59
1f5a
1f5b
1f5c
1f5d
1f5e
1f5f
1f60
1f61
1f62
1f63
1f64
1f65
1f66
1f67
1f68
1c92
1c97
1cae
1cda
1d7d
1e64
1e67
1e81
1ed2
1eed
1ef1
1f51
1f69
1f6a
1f6b
1f6c
1f6d
1f6e
1f6f
1f70
1f71
1f72
1f73
1f74
1f75
1f76
1f77
1f78
1f79
1f7a
1f7b
1f7c
1f7d
1f7e
1f7f
1c2b
1c38
1c61
1caa
1cbd
1d04
1d07
1dc3
1ea1
1ee7
1ef2
1ef3
1ef4
1ef5
1ef6
1f3a
1f3b
1f3c
1f69
1f80
1f81
1f82
1f83
1f84
1f85
1f86
1f87
1f88
1f89
1f8a
1f8b
1f8c
1f8d
1f8e
1f8f
1c33
1c43
1c50
1c79
1cba
1cbe
1ccc
1dcd
1ea9
1eea
1ef7
1f0a
1f0b
1f0c
1f0d
1f0e
1f52
1f53
1f54
1f80
1f90
1f91
1f92
1f93
1f94
1f95
1f96
1f97
1f98
1f99
1f9a
1f9b
1f9c
1f9d
1f9e
1c4b
1c5c
1c68
1c91
1cc9
1ccd
1cdb
1d9b
1e81
1eed
1f0f
1f22
1f23
1f24
1f25
1f26
1f6a
1f6b
1f6c
1f90
1f9f
1fa0
1fa1
1fa2
1fa3
1fa4
1fa5
1fa6
1fa7
1fa8
1fa9
1faa
1fab
1fac
1fad
1c63
1c73
1c80
1ca8
1cd8
1cdc
1cea
1da5
1e89
1ede
1ef8
1ef9
1efa
1f27
1f3d
1f3e
1f3f
1f40
1f41
1f9f
1fae
1faf
1fb0
1fb1
1fb2
1fb3
1fb4
1fb5
1fb6
1fb7
1fb8
1fb9
1fba
1fbb
1fbc
1c31
1c7b
1c8b
1c98
1ce7
1ceb
1cf9
1daf
1e91
1ee1
1f10
1f11
1f12
1f42
1f55
1f56
1f57
1f58
1f59
1fae
1fbd
1fbe
1fbf
1fc0
1fc1
1fc2
1fc3
1fc4
1fc5
1fc6
1fc7
1fc8
1fc9
1fca
1fcb
1c49
1c93
1ca2
1caf
1cf6
1cfa
1d08
1db9
1e99
1ee4
1f28
1f29
1f2a
1f5a
1f6d
1f6e
1f6f
1f70
1f71
1f81
1fbd
1fcc
1fcd
1fce
1fcf
1fd0
1fd1
1fd2
1fd3
1fd4
1fd5
1fd6
1fd7
1fd8
1fd9
1c56
1c63
1c80
1cb6
1cbf
1d05
1d15
1d53
1d55
1dff
1f28
1f2b
1f3d
1f3e
1f3f
1f43
1f69
1f82
1f83
1f84
1f85
1fda
1fdb
1fdc
1fdd
1fde
1fdf
1fe0
1fe1
1fe2
1fe3
1fe4
1fe5
1fe6
1fe7
1c71
1c7b
1c98
1cbb
1cc5
1cce
1d13
1d16
1d22
1e09
1ef7
1f3a
1f44
1f55
1f56
1f57
1f5b
1f91
1f92
1f93
1f94
1fda
1fe8
1fe9
1fea
1feb
1fec
1fed
1fee
1fef
1ff0
1ff1
1ff2
1ff3
1ff4
1c89
1c93
1caf
1cca
1cd4
1cdd
1d20
1d23
1d2f
1dd7
1f0f
1f52
1f5c
1f6d
1f6e
1f6f
1f72
1fa0
1fa1
1fa2
1fa3
1fe8
1ff5
1ff6
1ff7
1ff8
1ff9
1ffa
1ffb
1ffc
1ffd
1ffe
1fff
2000
2001
1c38
1ca1
1caa
1cd9
1ce3
1cec
1d2d
1d30
1d3c
1de1
1ef2
1ef3
1ef4
1efb
1f27
1f6a
1f73
1faf
1fb0
1fb1
1fb2
1ff5
2002
2003
2004
2005
2006
2007
2008
2009
200a
200b
200c
200d
200e
1c26
1c33
1c50
1ce8
1cf2
1cfb
1d3a
1d3d
1d49
1deb
1ef8
1efc
1f0a
1f0b
1f0c
1f13
1f42
1fbe
1fbf
1fc0
1fc1
2002
200f
2010
2011
2012
2013
2014
2015
2016
2017
2018
2019
201a
201b
1c3e
1c4b
1c68
1cf7
1d00
1d09
1d47
1d4a
1d56
1df5
1f10
1f14
1f22
1f23
1f24
1f2c
1f5a
1fcc
1fcd
1fce
1fcf
1fdb
200f
201c
201d
201e
201f
2020
2021
2022
2023
2024
2025
2026
2027
1c46
1cd3
1cd9
1cec
1d0f
1d17
1d54
1d60
1d91
1e3b
1f15
1f23
1f25
1f27
1f28
1f2b
1f2d
1f2e
1f2f
1faf
1fb0
1fb3
1fdc
1fdd
1fde
2028
2029
202a
202b
202c
202d
202e
202f
2030
2031
1c5e
1ce2
1ce8
1cfb
1d14
1d1c
1d24
1d5f
1d6a
1e45
1f2d
1f3a
1f3e
1f40
1f42
1f44
1f45
1f46
1f47
1fbe
1fbf
1fc2
1fe9
1fea
1feb
2032
2033
2034
2035
2036
2037
2038
2039
203a
203b
1c76
1cf1
1cf7
1d09
1d21
1d29
1d31
1d69
1d74
1e13
1f45
1f52
1f56
1f58
1f5a
1f5c
1f5d
1f5e
1f5f
1fcc
1fcd
1fd0
1ff6
1ff7
1ff8
203c
203d
203e
203f
2040
2041
2042
2043
2044
2045
1c8e
1cbf
1cff
1d05
1d2e
1d36
1d3e
1d73
1d7e
1e1d
1f5d
1f69
1f6a
1f6e
1f70
1f73
1f74
1f75
1f76
1f82
1f83
1f86
2003
2004
2005
2046
2047
2048
2049
204a
204b
204c
204d
204e
204f
1ca5
1cb5
1cbb
1cce
1d3b
1d43
1d4b
1d7d
1d88
1e27
1ef3
1ef5
1ef7
1ef8
1efc
1efd
1efe
1eff
1f74
1f91
1f92
1f95
2010
2011
2012
2050
2051
2052
2053
2054
2055
2056
2057
2058
2059
1c2e
1cc4
1cca
1cdd
1d48
1d4f
1d57
1d87
1d92
1e31
1efd
1f0b
1f0d
1f0f
1f10
1f14
1f15
1f16
1f17
1fa0
1fa1
1fa4
201c
201d
201e
205a
205b
205c
205d
205e
205f
2060
2061
2062
2063
1c47
1c8c
1cc7
1d2e
1d3e
1d5b
1d61
1d9c
1dcd
1e72
1f23
1f25
1f6a
1f96
1fa1
1fa2
1fa5
1fa6
1fa7
2003
2004
2006
2028
2029
202a
2064
2065
2066
2067
2068
2069
206a
206b
206c
206d
1c5f
1ca3
1cd6
1d3b
1d4b
1d65
1d6b
1d9b
1da6
1e7b
1ef8
1f3e
1f40
1fa5
1fb0
1fb1
1fb4
1fb5
1fb6
2010
2011
2013
2032
2033
2034
206e
206f
2070
2071
2072
2073
2074
2075
2076
2077
1c2c
1c77
1ce5
1d48
1d57
1d6f
1d75
1da5
1db0
1e4e
1f10
1f56
1f58
1fb4
1fbf
1fc0
1fc3
1fc4
1fc5
201c
201d
201f
203c
203d
203e
2078
2079
207a
207b
207c
207d
207e
207f
2080
2081
1c44
1c8f
1cf4
1d17
1d54
1d79
1d7f
1daf
1dba
1e57
1f28
1f6e
1f70
1fc3
1fcd
1fce
1fd1
1fd2
1fd3
1fdc
1fdd
1fdf
2046
2047
2048
2082
2083
2084
2085
2086
2087
2088
2089
208a
208b
1c5b
1ca6
1d02
1d14
1d24
1d83
1d89
1db9
1dc4
1e60
1ef3
1ef5
1f3a
1f83
1f84
1f87
1f88
1f89
1fd1
1fe9
1fea
1fec
2050
2051
2052
208c
208d
208e
208f
2090
2091
2092
2093
2094
2095
1c2f
1c74
1cb8
1d21
1d31
1d8d
1d93
1dc3
1dce
1e69
1f0b
1f0d
1f52
1f87
1f92
1f93
1f96
1f97
1f98
1ff6
1ff7
1ff9
205a
205b
205c
2096
2097
2098
2099
209a
209b
209c
209d
209e
209f
1c88
1c8f
1cc8
1d1e
1d7f
1d97
1d9d
1dd8
1e09
1ea3
1f6e
1fa1
1fa2
1fed
1ff7
1ff8
1ffa
1ffb
1ffc
2046
2047
2049
2064
2065
2066
20a0
20a1
20a2
20a3
20a4
20a5
20a6
20a7
20a8
20a9
1ca0
1ca6
1cd7
1d2b
1d89
1da1
1da7
1dd7
1de2
1eab
1ef3
1fb0
1fb1
1ffa
2004
2005
2007
2008
2009
2050
2051
2053
206e
206f
2070
20aa
20ab
20ac
20ad
20ae
20af
20b0
20b1
20b2
20b3
1c25
1c2f
1ce6
1d38
1d93
1dab
1db1
1de1
1dec
1e83
1f0b
1fbf
1fc0
2007
2011
2012
2014
2015
2016
205a
205b
205d
2078
2079
207a
20b4
20b5
20b6
20b7
20b8
20b9
20ba
20bb
20bc
20bd
1c3d
1c47
1cf5
1d45
1d61
1db5
1dbb
1deb
1df6
1e8b
1f23
1fcd
1fce
2014
201d
201e
2020
2021
2022
2028
2029
202b
2082
2083
2084
20be
20bf
20c0
20c1
20c2
20c3
20c4
20c5
20c6
20c7
1c55
1c5f
1d03
1d51
1d6b
1dbf
1dc5
1df5
1e00
1e93
1f3e
1f83
1f84
1fdd
1fde
1fe0
1fe1
1fe2
2020
2032
2033
2035
208c
208d
208e
20c8
20c9
20ca
20cb
20cc
20cd
20ce
20cf
20d0
20d1
1c70
1c77
1cb9
1d11
1d75
1dc9
1dcf
1dff
1e0a
1e9b
1f56
1f92
1f93
1fe0
1fea
1feb
1fed
1fee
1fef
203c
203d
203f
2096
2097
2098
20d2
20d3
20d4
20d5
20d6
20d7
20d8
20d9
20da
20db
1cf0
1cf5
1d1f
1d67
1dbb
1dd3
1dd9
1e14
1e45
1ec4
1fcd
1ff7
1ff8
2036
203d
203e
2040
2041
2042
2082
2083
2085
20a0
20a1
20a2
20dc
20dd
20de
20df
20e0
20e1
20e2
20e3
20e4
20e5
1cfe
1d03
1d2c
1d71
1dc5
1ddd
1de3
1e13
1e1e
1ec9
1f83
2004
2005
2040
2047
2048
204a
204b
204c
208c
208d
208f
20aa
20ab
20ac
20e6
20e7
20e8
20e9
20ea
20eb
20ec
20ed
20ee
20ef
1cb4
1cb9
1d39
1d7b
1dcf
1de7
1ded
1e1d
1e28
1eb0
1f92
2011
2012
204a
2051
2052
2054
2055
2056
2096
2097
2099
20b4
20b5
20b6
20f0
20f1
20f2
20f3
20f4
20f5
20f6
20f7
20f8
20f9
1cc3
1cc8
1d46
1d85
1d9d
1df1
1df7
1e27
1e32
1eb5
1fa1
201d
201e
2054
205b
205c
205e
205f
2060
2064
2065
2067
20be
20bf
20c0
20fa
20fb
20fc
20fd
20fe
20ff
2100
2101
2102
2103
1cd2
1cd7
1d52
1d8f
1da7
1dfb
1e01
1e31
1e3c
1eba
1fb0
1fdd
1fde
2029
202a
202c
202d
202e
205e
206e
206f
2071
20c8
20c9
20ca
2104
2105
2106
2107
2108
2109
210a
210b
210c
210d
1ce1
1ce6
1d12
1d5d
1db1
1e05
1e0b
1e3b
1e46
1ebf
1fbf
1fea
1feb
202c
2033
2034
2036
2037
2038
2078
2079
207b
20d2
20d3
20d4
210e
210f
2110
2111
2112
2113
2114
2115
2116
2117
1d42
1d46
1d68
1da3
1df7
1e0f
1e15
1e4f
1e7b
1ed9
1f18
201d
203d
203e
2072
2079
207a
207c
207d
207e
20be
20bf
20c1
20dc
20dd
20de
2118
2119
211a
211b
211c
211d
211e
211f
2120
1d4e
1d52
1d72
1dad
1e01
1e19
1e1f
1e4e
1e58
1edc
1f30
1fdd
2047
2048
207c
2083
2084
2086
2087
2088
20c8
20c9
20cb
20e6
20e7
20e8
2121
2122
2123
2124
2125
2126
2127
2128
2129
1d0e
1d12
1d7c
1db7
1e0b
1e23
1e29
1e57
1e61
1ecd
1f48
1fea
2051
2052
2086
208d
208e
2090
2091
2092
20d2
20d3
20d5
20f0
20f1
20f2
212a
212b
212c
212d
212e
212f
2130
2131
2132
1d1b
1d1f
1d86
1dc1
1dd9
1e2d
1e33
1e60
1e6a
1ed0
1f60
1ff7
205b
205c
2090
2097
2098
209a
209b
209c
20a0
20a1
20a3
20fa
20fb
20fc
2133
2134
2135
2136
2137
2138
2139
213a
213b
1d28
1d2c
1d90
1dcb
1de3
1e37
1e3d
1e69
1e73
1ed3
1f77
2004
2029
202a
2065
2066
2068
2069
206a
209a
20aa
20ab
20ad
2104
2105
2106
213c
213d
213e
213f
2140
2141
2142
2143
2144
1d35
1d39
1d5e
1d99
1ded
1e41
1e47
1e72
1e7c
1ed6
1f00
2011
2033
2034
2068
206f
2070
2072
2073
2074
20b4
20b5
20b7
210e
210f
2110
2145
2146
2147
2148
2149
214a
214b
214c
214d
1d82
1d86
1da4
1ddf
1e33
1e4a
1e50
1e84
1eab
1eeb
1f18
1f53
1f61
205b
2079
207a
20ae
20b5
20b6
20b8
20b9
20ba
20fa
20fb
20fd
2118
2119
214e
214f
2150
2151
2152
2153
2154
2155
1d8c
1d90
1dae
1de9
1e3d
1e53
1e59
1e83
1e8c
1eee
1f30
1f6b
1f78
2029
2083
2084
20b8
20bf
20c0
20c2
20c3
20c4
2104
2105
2107
2121
2122
2156
2157
2158
2159
215a
215b
215c
215d
1d5a
1d5e
1db8
1df3
1e47
1e5c
1e62
1e8b
1e94
1edf
1ef9
1f01
1f48
2033
208d
208e
20c2
20c9
20ca
20cc
20cd
20ce
210e
210f
2111
212a
212b
215e
215f
2160
2161
2162
2163
2164
2165
1d64
1d68
1dc2
1dfd
1e15
1e65
1e6b
1e93
1e9c
1ee2
1f11
1f19
1f60
203d
2097
2098
20cc
20d3
20d4
20d6
20d7
20d8
20dc
20dd
20df
2133
2134
2166
2167
2168
2169
216a
216b
216c
216d
1d6e
1d72
1dcc
1e07
1e1f
1e6e
1e74
1e9b
1ea4
1ee5
1f29
1f31
1f77
2047
2065
2066
20a1
20a2
20a4
20a5
20a6
20d6
20e6
20e7
20e9
213c
213d
216e
216f
2170
2171
2172
2173
2174
2175
1d78
1d7c
1d9a
1dd5
1e29
1e77
1e7d
1ea3
1eac
1ee8
1f00
1f3b
1f49
2051
206f
2070
20a4
20ab
20ac
20ae
20af
20b0
20f0
20f1
20f3
2145
2146
2176
2177
2178
2179
217a
217b
217c
217d
1c97
1dbe
1dc2
1de0
1e1b
1e6b
1e7f
1e85
1eb1
1ec9
1f51
1f53
1f57
1f59
1f60
1f61
1f62
1f63
2097
20b5
20b6
20ea
20f1
20f2
20f4
20f5
20f6
2133
2135
214e
217e
217f
2180
2181
2182
1cad
1dc8
1dcc
1dea
1e25
1e74
1e87
1e8d
1eb0
1eb6
1ef1
1f6b
1f6f
1f71
1f77
1f78
1f79
1f7a
2065
20bf
20c0
20f4
20fb
20fc
20fe
20ff
2100
213c
213e
2156
2183
2184
2185
2186
2187
1c37
1d96
1d9a
1df4
1e2f
1e7d
1e8f
1e95
1eb5
1ebb
1ef0
1ef4
1ef6
1ef9
1f00
1f01
1f02
1f03
206f
20c9
20ca
20fe
2105
2106
2108
2109
210a
2145
2147
215e
2188
2189
218a
218b
218c
1c4f
1da0
1da4
1dfe
1e39
1e50
1e97
1e9d
1eba
1ec0
1f09
1f0c
1f0e
1f11
1f18
1f19
1f1a
1f1b
2079
20d3
20d4
2108
210f
2110
2112
2113
2114
2118
211a
2166
218d
218e
218f
2190
2191
1c67
1daa
1dae
1e08
1e43
1e59
1e9f
1ea5
1ebf
1ec5
1f21
1f24
1f26
1f29
1f30
1f31
1f32
1f33
2083
20a1
20a2
20dd
20de
20e0
20e1
20e2
2112
2121
2123
216e
2192
2193
2194
2195
2196
1c7f
1db4
1db8
1dd6
1e11
1e62
1ea7
1ead
1ec4
1eca
1f39
1f3b
1f3f
1f41
1f48
1f49
1f4a
1f4b
208d
20ab
20ac
20e0
20e7
20e8
20ea
20eb
20ec
212a
212c
2176
2197
2198
2199
219a
219b
1cfa
1dfa
1dfe
1e1c
1e56
1e9d
1eaf
1eb2
1ece
1edc
1f11
1f42
1f48
1f4c
1f4d
1f57
1f59
1fbd
1fc1
1fc6
1fc7
20d3
20f1
20f2
2124
212b
212d
212e
212f
2166
2167
217e
219c
219d
219e
1d07
1e04
1e08
1e26
1e5f
1ea5
1eb4
1eb7
1ecd
1ed1
1f29
1f5a
1f60
1f64
1f65
1f6f
1f71
1f81
1fcf
1fd4
1fd5
20a1
20fb
20fc
212d
2134
2136
2137
2138
216e
216f
2183
219f
21a0
21a1
1cbe
1dd2
1dd6
1e30
1e68
1ead
1eb9
1ebc
1ed0
1ed4
1ef4
1ef6
1f3b
1f69
1f77
1f7b
1f7c
1f80
1f85
1f8a
1f8b
20ab
2105
2106
2136
213d
213f
2140
2141
2176
2177
2188
21a2
21a3
21a4
1ccd
1ddc
1de0
1e3a
1e71
1e85
1ebe
1ec1
1ed3
1ed7
1ef7
1f00
1f04
1f05
1f0c
1f0e
1f53
1f90
1f94
1f99
1f9a
20b5
210f
2110
213f
2146
2148
2149
214a
214e
214f
218d
21a5
21a6
21a7
1cdc
1de6
1dea
1e44
1e7a
1e8d
1ec3
1ec6
1ed6
1eda
1f0f
1f18
1f1c
1f1d
1f24
1f26
1f6b
1f9f
1fa3
1fa8
1fa9
20bf
20dd
20de
2119
211b
211c
211d
2148
2156
2157
2192
21a8
21a9
21aa
1ceb
1df0
1df4
1e12
1e4d
1e95
1ec8
1ecb
1ed9
1edd
1ef9
1f27
1f30
1f34
1f35
1f3f
1f41
1fae
1fb2
1fb7
1fb8
20c9
20e7
20e8
211b
2122
2124
2125
2126
215e
215f
2197
21ab
21ac
21ad
1c7d
1d4a
1e36
1e3a
1e55
1e8a
1ec1
1ecc
1ee0
1eee
1ef8
1ef9
1efa
1efc
1f01
1f0c
1f42
1f48
1f4c
1fb9
1fc1
200f
2017
2018
210f
212b
2158
2160
2161
2162
218d
218e
21ae
21af
21b0
1c95
1d55
1e40
1e44
1e5e
1e92
1ec6
1ecf
1edf
1ee3
1f10
1f11
1f12
1f14
1f19
1f24
1f5a
1f60
1f64
1fc8
1fcf
1fdb
2023
2024
20dd
2134
2160
2168
2169
216a
2192
2193
21b1
21b2
21b3
1cac
1d16
1e0e
1e12
1e67
1e9a
1ecb
1ed2
1ee2
1ee6
1f28
1f29
1f2a
1f2b
1f31
1f3f
1f69
1f77
1f7b
1f85
1fd6
1fda
1fe3
1fe4
20e7
213d
2168
2170
2171
2172
2197
2198
21b4
21b5
21b6
1c35
1d23
1e18
1e1c
1e70
1ea2
1eb2
1ed5
1ee5
1ee9
1ef7
1f00
1f04
1f3a
1f3b
1f3c
1f44
1f49
1f57
1f8c
1f94
1fe8
1ff0
1ff1
20f1
2146
2170
2178
2179
217a
217e
217f
21b7
21b8
21b9
1c4d
1d30
1e22
1e26
1e79
1eaa
1eb7
1ed8
1ee8
1eec
1f0f
1f18
1f1c
1f52
1f53
1f54
1f5c
1f61
1f6f
1f9b
1fa3
1ff5
1ffd
1ffe
20fb
2119
2150
2151
2152
2178
2183
2184
21ba
21bb
21bc
1c65
1d3d
1e2c
1e30
1e4c
1e82
1ebc
1edb
1eeb
1eef
1ef4
1f27
1f30
1f34
1f6a
1f6b
1f6c
1f73
1f78
1faa
1fb2
2002
200a
200b
2105
2122
2150
2158
2159
215a
2188
2189
21bd
21be
21bf
